vite.config.ts: "import { defineConfig } from "vite";
import react from "@vitejs/plugin-react-swc";
import path from "path";
import { componentTagger } from "lovable-tagger";

// https://vitejs.dev/config/
export default defineConfig(({ mode }) => ({
  server: {
    host: "::",
    port: 8080,
  },
  plugins: [react(), mode === "development" && componentTagger()].filter(Boolean),
  resolve: {
    alias: {
      "@": path.resolve(__dirname, "./src"),
    },
  },
}));
"

tsconfig.node.tsbuildinfo: "{"version":"7.0.0-dev.20251223.1","root":[199],"fileNames":["lib.es5.d.ts","lib.es2015.d.ts","lib.es2016.d.ts","lib.es2017.d.ts","lib.es2018.d.ts","lib.es2019.d.ts","lib.es2020.d.ts","lib.es2021.d.ts","lib.es2022.d.ts","lib.es2023.d.ts","lib.es2015.core.d.ts","lib.es2015.collection.d.ts","lib.es2015.generator.d.ts","lib.es2015.iterable.d.ts","lib.es2015.promise.d.ts","lib.es2015.proxy.d.ts","lib.es2015.reflect.d.ts","lib.es2015.symbol.d.ts","lib.es2015.symbol.wellknown.d.ts","lib.es2016.array.include.d.ts","lib.es2016.intl.d.ts","lib.es2017.arraybuffer.d.ts","lib.es2017.date.d.ts","lib.es2017.object.d.ts","lib.es2017.sharedmemory.d.ts","lib.es2017.string.d.ts","lib.es2017.intl.d.ts","lib.es2017.typedarrays.d.ts","lib.es2018.asyncgenerator.d.ts","lib.es2018.asynciterable.d.ts","lib.es2018.intl.d.ts","lib.es2018.promise.d.ts","lib.es2018.regexp.d.ts","lib.es2019.array.d.ts","lib.es2019.object.d.ts","lib.es2019.string.d.ts","lib.es2019.symbol.d.ts","lib.es2019.intl.d.ts","lib.es2020.bigint.d.ts","lib.es2020.date.d.ts","lib.es2020.promise.d.ts","lib.es2020.sharedmemory.d.ts","lib.es2020.string.d.ts","lib.es2020.symbol.wellknown.d.ts","lib.es2020.intl.d.ts","lib.es2020.number.d.ts","lib.es2021.promise.d.ts","lib.es2021.string.d.ts","lib.es2021.weakref.d.ts","lib.es2021.intl.d.ts","lib.es2022.array.d.ts","lib.es2022.error.d.ts","lib.es2022.intl.d.ts","lib.es2022.object.d.ts","lib.es2022.string.d.ts","lib.es2022.regexp.d.ts","lib.es2023.array.d.ts","lib.es2023.collection.d.ts","lib.es2023.intl.d.ts","lib.decorators.d.ts","lib.decorators.legacy.d.ts","./node_modules/@types/node/compatibility/disposable.d.ts","./node_modules/@types/node/compatibility/indexable.d.ts","./node_modules/@types/node/compatibility/iterators.d.ts","./node_modules/@types/node/compatibility/index.d.ts","./node_modules/@types/node/globals.typedarray.d.ts","./node_modules/@types/node/buffer.buffer.d.ts","./node_modules/undici-types/header.d.ts","./node_modules/undici-types/readable.d.ts","./node_modules/undici-types/file.d.ts","./node_modules/undici-types/fetch.d.ts","./node_modules/undici-types/formdata.d.ts","./node_modules/undici-types/connector.d.ts","./node_modules/undici-types/client.d.ts","./node_modules/undici-types/errors.d.ts","./node_modules/undici-types/dispatcher.d.ts","./node_modules/undici-types/global-dispatcher.d.ts","./node_modules/undici-types/global-origin.d.ts","./node_modules/undici-types/pool-stats.d.ts","./node_modules/undici-types/pool.d.ts","./node_modules/undici-types/handlers.d.ts","./node_modules/undici-types/balanced-pool.d.ts","./node_modules/undici-types/agent.d.ts","./node_modules/undici-types/mock-interceptor.d.ts","./node_modules/undici-types/mock-agent.d.ts","./node_modules/undici-types/mock-client.d.ts","./node_modules/undici-types/mock-pool.d.ts","./node_modules/undici-types/mock-errors.d.ts","./node_modules/undici-types/proxy-agent.d.ts","./node_modules/undici-types/env-http-proxy-agent.d.ts","./node_modules/undici-types/retry-handler.d.ts","./node_modules/undici-types/retry-agent.d.ts","./node_modules/undici-types/api.d.ts","./node_modules/undici-types/interceptors.d.ts","./node_modules/undici-types/util.d.ts","./node_modules/undici-types/cookies.d.ts","./node_modules/undici-types/patch.d.ts","./node_modules/undici-types/websocket.d.ts","./node_modules/undici-types/eventsource.d.ts","./node_modules/undici-types/filereader.d.ts","./node_modules/undici-types/diagnostics-channel.d.ts","./node_modules/undici-types/content-type.d.ts","./node_modules/undici-types/cache.d.ts","./node_modules/undici-types/index.d.ts","./node_modules/@types/node/globals.d.ts","./node_modules/@types/node/assert.d.ts","./node_modules/@types/node/assert/strict.d.ts","./node_modules/@types/node/async_hooks.d.ts","./node_modules/@types/node/buffer.d.ts","./node_modules/@types/node/child_process.d.ts","./node_modules/@types/node/cluster.d.ts","./node_modules/@types/node/console.d.ts","./node_modules/@types/node/constants.d.ts","./node_modules/@types/node/crypto.d.ts","./node_modules/@types/node/dgram.d.ts","./node_modules/@types/node/diagnostics_channel.d.ts","./node_modules/@types/node/dns.d.ts","./node_modules/@types/node/dns/promises.d.ts","./node_modules/@types/node/domain.d.ts","./node_modules/@types/node/dom-events.d.ts","./node_modules/@types/node/events.d.ts","./node_modules/@types/node/fs.d.ts","./node_modules/@types/node/fs/promises.d.ts","./node_modules/@types/node/http.d.ts","./node_modules/@types/node/http2.d.ts","./node_modules/@types/node/https.d.ts","./node_modules/@types/node/inspector.d.ts","./node_modules/@types/node/module.d.ts","./node_modules/@types/node/net.d.ts","./node_modules/@types/node/os.d.ts","./node_modules/@types/node/path.d.ts","./node_modules/@types/node/perf_hooks.d.ts","./node_modules/@types/node/process.d.ts","./node_modules/@types/node/punycode.d.ts","./node_modules/@types/node/querystring.d.ts","./node_modules/@types/node/readline.d.ts","./node_modules/@types/node/readline/promises.d.ts","./node_modules/@types/node/repl.d.ts","./node_modules/@types/node/sea.d.ts","./node_modules/@types/node/sqlite.d.ts","./node_modules/@types/node/stream.d.ts","./node_modules/@types/node/stream/promises.d.ts","./node_modules/@types/node/stream/consumers.d.ts","./node_modules/@types/node/stream/web.d.ts","./node_modules/@types/node/string_decoder.d.ts","./node_modules/@types/node/test.d.ts","./node_modules/@types/node/timers.d.ts","./node_modules/@types/node/timers/promises.d.ts","./node_modules/@types/node/tls.d.ts","./node_modules/@types/node/trace_events.d.ts","./node_modules/@types/node/tty.d.ts","./node_modules/@types/node/url.d.ts","./node_modules/@types/node/util.d.ts","./node_modules/@types/node/v8.d.ts","./node_modules/@types/node/vm.d.ts","./node_modules/@types/node/wasi.d.ts","./node_modules/@types/node/worker_threads.d.ts","./node_modules/@types/node/zlib.d.ts","./node_modules/@types/node/index.d.ts","./node_modules/@types/estree/index.d.ts","./node_modules/rollup/dist/rollup.d.ts","./node_modules/rollup/dist/parseAst.d.ts","./node_modules/vite/types/hmrPayload.d.ts","./node_modules/vite/types/customEvent.d.ts","./node_modules/vite/types/hot.d.ts","./node_modules/vite/dist/node/types.d-aGj9QkWt.d.ts","./node_modules/vite/node_modules/esbuild/lib/main.d.ts","./node_modules/source-map-js/source-map.d.ts","./node_modules/postcss/lib/previous-map.d.ts","./node_modules/postcss/lib/input.d.ts","./node_modules/postcss/lib/css-syntax-error.d.ts","./node_modules/postcss/lib/declaration.d.ts","./node_modules/postcss/lib/root.d.ts","./node_modules/postcss/lib/warning.d.ts","./node_modules/postcss/lib/lazy-result.d.ts","./node_modules/postcss/lib/no-work-result.d.ts","./node_modules/postcss/lib/processor.d.ts","./node_modules/postcss/lib/result.d.ts","./node_modules/postcss/lib/document.d.ts","./node_modules/postcss/lib/rule.d.ts","./node_modules/postcss/lib/node.d.ts","./node_modules/postcss/lib/comment.d.ts","./node_modules/postcss/lib/container.d.ts","./node_modules/postcss/lib/at-rule.d.ts","./node_modules/postcss/lib/list.d.ts","./node_modules/postcss/lib/postcss.d.ts","./node_modules/postcss/lib/postcss.d.mts","./node_modules/vite/dist/node/runtime.d.ts","./node_modules/vite/types/importGlob.d.ts","./node_modules/vite/types/metadata.d.ts","./node_modules/vite/dist/node/index.d.ts","./node_modules/@swc/types/assumptions.d.ts","./node_modules/@swc/types/index.d.ts","./node_modules/@swc/core/binding.d.ts","./node_modules/@swc/core/spack.d.ts","./node_modules/@swc/core/index.d.ts","./node_modules/@vitejs/plugin-react-swc/index.d.ts","./node_modules/lovable-tagger/dist/index.d.ts","./vite.config.ts","./node_modules/@types/d3-array/index.d.ts","./node_modules/@types/d3-color/index.d.ts","./node_modules/@types/d3-ease/index.d.ts","./node_modules/@types/d3-interpolate/index.d.ts","./node_modules/@types/d3-path/index.d.ts","./node_modules/@types/d3-time/index.d.ts","./node_modules/@types/d3-scale/index.d.ts","./node_modules/@types/d3-shape/index.d.ts","./node_modules/@types/d3-timer/index.d.ts","./node_modules/@types/json-schema/index.d.ts","./node_modules/@types/prop-types/index.d.ts","./node_modules/@types/react/global.d.ts","./node_modules/csstype/index.d.ts","./node_modules/@types/react/index.d.ts","./node_modules/@types/react-dom/index.d.ts"],"fileInfos":[{"version":"71cf8049ea8d435bcdf47408dac2525c","affectsGlobalScope":true,"impliedNodeFormat":99},{"version":"24660545bd04f64286946ca58f9461fc","impliedNodeFormat":99},{"version":"006807822602069b83b496ad7e25e6ca","impliedNodeFormat":99},{"version":"4d9b146f28d6be2c3542b08b595febfe","impliedNodeFormat":99},{"version":"455ea9b314b4d327c535fb65bd954959","impliedNodeFormat":99},{"version":"c079fccc6ede08aa4f8ca702c3ba328e","impliedNodeFormat":99},{"version":"c349310240662575d10e855fb8cff0b9","impliedNodeFormat":99},{"version":"4ccba7d48aa8b5a54b56f9a48b076496","impliedNodeFormat":99},{"version":"92ef9b8df31d3a08512928a3066d8fa9","impliedNodeFormat":99},{"version":"43f782dfe0cfccc03603dff6d7ffbe56","impliedNodeFormat":99},{"version":"751a26973b059fed1d0ecc4b02a0aa43","affectsGlobalScope":true,"impliedNodeFormat":99},{"version":"be28f9bf546cb528601aaa04d7034fc8","affectsGlobalScope":true,"impliedNodeFormat":99},{"version":"3bc4e9a53ee556f3dc15abc1179278dd","affectsGlobalScope":true,"impliedNodeFormat":99},{"version":"2c63fa39e2cdd849306f21679fdac8b1","affectsGlobalScope":true,"impliedNodeFormat":99},{"version":"e1a9f024b1a69565194afcdb4b57ef1d","affectsGlobalScope":true,"impliedNodeFormat":99},{"version":"9fa1fffd5b2b67d8d8c33e295cb91a9f","affectsGlobalScope":true,"impliedNodeFormat":99},{"version":"4d8ab857b044eaa0661bd0aebebc038b","affectsGlobalScope":true,"impliedNodeFormat":99},{"version":"748df784ad0b12a20c5f5ce011418c3c","affectsGlobalScope":true,"impliedNodeFormat":99},{"version":"1f3a8dca322a95bc3ffc20a28e72893a","affectsGlobalScope":true,"impliedNodeFormat":99},{"version":"d901677b09e934598f913e2c05f827b0","affectsGlobalScope":true,"impliedNodeFormat":99},{"version":"ab7a40e3c7854c54c6f329376cf3f9b6","affectsGlobalScope":true,"impliedNodeFormat":99},{"version":"00ece0060faf280c5873f3cfe62d7d19","affectsGlobalScope":true,"impliedNodeFormat":99},{"version":"cf5a418e3fbdb27a784c5fc37be6797a","affectsGlobalScope":true,"impliedNodeFormat":99},{"version":"a73a6f599fda19ffee929d4386bab691","affectsGlobalScope":true,"impliedNodeFormat":99},{"version":"14475f4288b8cf4a098c2806834a1c0b","affectsGlobalScope":true,"impliedNodeFormat":99},{"version":"fbae9331a88fa1a8a336fe90253cbbc7","affectsGlobalScope":true,"impliedNodeFormat":99},{"version":"d4124f01474cfa693099d8be321979e4","affectsGlobalScope":true,"impliedNodeFormat":99},{"version":"e3e80cf65ee855fd4a5813ea19701f93","affectsGlobalScope":true,"impliedNodeFormat":99},{"version":"cd8650f4caf8166f19fd93217907da21","affectsGlobalScope":true,"impliedNodeFormat":99},{"version":"c39604220a24016cb90fe3094a6b4b56","affectsGlobalScope":true,"impliedNodeFormat":99},{"version":"2652c52b1c748791681ca0a4d751b09b","affectsGlobalScope":true,"impliedNodeFormat":99},{"version":"9540816cf2a3418a9254e43f1055e767","affectsGlobalScope":true,"impliedNodeFormat":99},{"version":"f9616d828e6afe0f8146e9ac3b33fa59","affectsGlobalScope":true,"impliedNodeFormat":99},{"version":"4f00a6f131995907fe9b0faf4dbabc18","affectsGlobalScope":true,"impliedNodeFormat":99},{"version":"47f85dd672027fda65064cbfee6b2d71","affectsGlobalScope":true,"impliedNodeFormat":99},{"version":"8adddec358b9acfa3d65fd4d2013ac84","affectsGlobalScope":true,"impliedNodeFormat":99},{"version":"8170fe225cf3b8b74c06f1fe8913924f","affectsGlobalScope":true,"impliedNodeFormat":99},{"version":"c9dbd0e301b2bd8fc6d5dcb75dc61ec4","affectsGlobalScope":true,"impliedNodeFormat":99},{"version":"3a64170086e7ddb980f07478f95f7c49","affectsGlobalScope":true,"impliedNodeFormat":99},{"version":"a804e69080dc542b8de4079fdde7ebef","affectsGlobalScope":true,"impliedNodeFormat":99},{"version":"783d6e41b4c30cc983d131b2f413044a","affectsGlobalScope":true,"impliedNodeFormat":99},{"version":"11b11ae792c173835b03d064a0853462","affectsGlobalScope":true,"impliedNodeFormat":99},{"version":"4cdc220ae24b55dcc69d30252c36ce9d","affectsGlobalScope":true,"impliedNodeFormat":99},{"version":"36fd93eca51199e9dfee76d7dbbf2719","affectsGlobalScope":true,"impliedNodeFormat":99},{"version":"7fc46463d5c6871146e3aac105f21a2d","affectsGlobalScope":true,"impliedNodeFormat":99},{"version":"21ed16210f33f30f1e2df6dd5bc584d9","affectsGlobalScope":true,"impliedNodeFormat":99},{"version":"b2d1055a33f1612669aed4b1c06ab438","affectsGlobalScope":true,"impliedNodeFormat":99},{"version":"6779bb060769fcc1b3063d7d6dacca83","affectsGlobalScope":true,"impliedNodeFormat":99},{"version":"5de91aed11cf11bbf79c2323600f2a28","affectsGlobalScope":true,"impliedNodeFormat":99},{"version":"2843d76b135201d1ba75d56f45238760","affectsGlobalScope":true,"impliedNodeFormat":99},{"version":"98afe632d712655c371691bc02dd15f8","affectsGlobalScope":true,"impliedNodeFormat":99},{"version":"e33a3b1212a9f61f3d7229e068573681","affectsGlobalScope":true,"impliedNodeFormat":99},{"version":"2be269e94382bba86f42d7d4109c6ddc","affectsGlobalScope":true,"impliedNodeFormat":99},{"version":"045bc80bcb8ba75cf56e2c9af4636a06","affectsGlobalScope":true,"impliedNodeFormat":99},{"version":"5c327c3a580ef35777e7f2b97b6b23e4","affectsGlobalScope":true,"impliedNodeFormat":99},{"version":"9965653fed0cc40aff9f23e6250e449a","affectsGlobalScope":true,"impliedNodeFormat":99},{"version":"3f0224f4e28ecc5c714451c6fe9ed637","affectsGlobalScope":true,"impliedNodeFormat":99},{"version":"31bf9dad4e4564649a923b1f8e9fe016","affectsGlobalScope":true,"impliedNodeFormat":99},{"version":"ab498520bb087228060205c259f9f1db","affectsGlobalScope":true,"impliedNodeFormat":99},{"version":"45c91c5f844a9ee1df11d1b71c484b0e","affectsGlobalScope":true,"impliedNodeFormat":99},{"version":"39e009135c77d60baa790854b51d2195","affectsGlobalScope":true,"impliedNodeFormat":99},{"version":"5fd84cb7055cb580f7698d4a32062548","affectsGlobalScope":true,"impliedNodeFormat":1},{"version":"913b52a39743d1c11984e4e124b1f3a8","affectsGlobalScope":true,"impliedNodeFormat":1},{"version":"3e57a4cd3267159f3772bebd73534451","affectsGlobalScope":true,"impliedNodeFormat":1},"fe51d7a9bcdbcce1e65bbcf39b212298",{"version":"60edda1b5f28f8e7d7a6fae700faef3c","affectsGlobalScope":true,"impliedNodeFormat":1},{"version":"ecdcb80604ca736ed275e4330a3acd50","affectsGlobalScope":true,"impliedNodeFormat":1},"628b774b54637325e286752c79c12432","bb1f9e3091b88e9d0e93b7198c736af3","514fd35e5eb35bb2e5cbb908af0a0aa2","ed57ae88565308729f2327f26d684976","dcd932d6b0038f2e250e30dc10125b22","9508c917bd7e458745e222a82dd24ef0","fabf86f455f96b90538cc26320ab2765","14550b4cd9f433e0addd8b6d67614d23","cf0ac6aebc25cb780674653aaeee688e","35fef7bac8048f583e4ce6eaa0c2a4c0","6752dc653fc7a333027249fd851fdb62","b9ad7e689b46dfba362c1bf174e69018","8b0a2930dfabdf27c69c6bb1eeabcdc8","4513b1ed15523d247040689f37fa9db2","5c0c499eed773a750903d9497beafacd","2377da227d1bac82ff7b3f2081ddf8d3","beef985b474fefeb80d27fb2c8778371","c79fc9d9f09ae598a374ae7c0b5284a4","f2caa3cebb1e6be855519004830a6be0","8ebc9f2a77c900e710801214c5cb994c","ec617a0e0577dd6a3210c3b067ecb325","1db5d06e485bd82d6d5f6e36925a8714","24b864518967840216c779b5e5f00975","8719cd8047700bfb6046798390053823","f2840afb502c94db92dab0fb8d27812f","a7e7d08b372210c203745d3eac61a411","531183cc80535e0e94226d720e5eb038","f627eb958ca52c85e42f04dce4661f86","9a43fc665bce9012a3d5fe1b574ff4dc","13f4b4da6546a34719fd6bde15fb63dd","a589216508844bfc00e62fc2d97fda45","865aea1c3209e31b076cb6fe780e769e","12e64aaf26af0f5c8f1b263dd66e3feb","928971ebbcdf5b093ef37669b33bddf6","b744265d8ad12b7d4d5c5dc35d18d44e","eff32168b8348b822afeed9cbf61afa7","9aafd1f29b4d8861c1c6c34bf83c0721",{"version":"814527021f6afe953fcb36ef7f2a0af7","affectsGlobalScope":true,"impliedNodeFormat":1},"f6fcdc4f3f8b43b4eda0d95b17b65f7d","7deced3ef46e082f97d49bb71622526a","f8c976cb12f3420b8cc8d03d579ada06",{"version":"38ac64ffbf3c3d55b209904202bb5296","affectsGlobalScope":true,"impliedNodeFormat":1},"cbae34574fe31d4a5ef3adee146fb6f5","2066e32c917596ee32bf42917ab050c9",{"version":"9fc8636e70e507ea8d98a7aabd265ee5","affectsGlobalScope":true,"impliedNodeFormat":1},"b2b472cd0bf0f8d5f022e00ca1c401f4",{"version":"a1bbb60dddfdb6ab1692bcbdb652cfb6","affectsGlobalScope":true,"impliedNodeFormat":1},"71d31d905c438c7a784cf53076c31bfb","368083bf07350d0955aaf442403bae9e","e87ecaa89ba60f1afc89dc6cdbf88949","5c5c7649711b5d982cf39fe9b6744080","958d9865bfe33c94973e3d58ac66b1d0",{"version":"cb0b77b9a8e6edb694cd6c637486ffef","affectsGlobalScope":true,"impliedNodeFormat":1},{"version":"f475d178fd9409f5f49a7dec2cf0834e","affectsGlobalScope":true,"impliedNodeFormat":1},"051d8553fb6c914c591a6674e3e3b8ad","458392a6ea151d7404585cb9ec7a33cf","90b979cc7f116b66956ec73d3f4d2687","6e4dca32cc65698c0a9637bf3217f848","a92b87ae39326c5d9ea9dff140121610","db7a5833bb46490b0087145f8a716bec",{"version":"de03e4eee2ad023d78cd8dbbb4e00085","affectsGlobalScope":true,"impliedNodeFormat":1},"8183c2dd99937f13a8c57c1270390d32","2500b39777a662899066e61fcf737a52","bdbbfddd2833453519a4c6864652469e",{"version":"536c2a5e6ccf45220da85ad4992f9cd5","affectsGlobalScope":true,"impliedNodeFormat":1},{"version":"d7f83f5e4587064452ba79173eeb307b","affectsGlobalScope":true,"impliedNodeFormat":1},"d1dfd59bf8b7e71f40ee1d3a2f1b5fcf","9292aa21e6668349e0642faa07be7750","8ccb81bc00ea59aa908d31dbe50bb31a","dd0c03e63afe38f86d61b2d54a9ad760","0548d84bf13d6b5d3ef34d9755610be1","e9adf16c2cd7aa8e5e0117603a04c226","83f890f3d9ec2bb1476d57761b8e97fd","efe14f23bf33236571a4d0d5177e48d8","c8206d568b54e5ea06131963eecd576a","141101b35aa85ab5ae3d1836f602d9c2",{"version":"2ed70491374f27b7d4ff5db624057a07","affectsGlobalScope":true,"impliedNodeFormat":1},"c2e6363d164e809228f71291dcc83add","d64f5ee437e1d638acaadedd71d7525a",{"version":"ea001113f32054398156e39095350f0a","affectsGlobalScope":true,"impliedNodeFormat":1},"7345aabef559e464447357f201cc05f8","3dadc65964b2cdb7268e6ded36f2bfa7","d63b35c1a5097295f0659f5583c8fb83","3509aa3de97926c2922f378a248ddb48",{"version":"e6099c385b8384a91dc4f1e601769a6f","affectsGlobalScope":true,"impliedNodeFormat":1},{"version":"2479ac25f87afa19e92f80accccd08f3","affectsGlobalScope":true,"impliedNodeFormat":1},"96607501f53964d0b5b18d4fbe34aee0","f277d9147e1f990364890d327fecb724","eb4ea93209a96f6f1a9c85b8d43816fb",{"version":"7f9824da17f78c6191556208c98102fb","affectsGlobalScope":true,"impliedNodeFormat":1},"68f890176ef501f8442469acfedc0414","a7106559a4309e79d396f27199eda706","5d671957ec914f30eff949de0a89bb8d",{"version":"bd9754f38a611c76aba59ded4330be6b","affectsGlobalScope":true,"impliedNodeFormat":1},"ec8179256edf276707d3fc2d546c08a5","c41dfa992327d5d9ac91f5ba67140a9f","bc40746db9f4f7844c2c87b3f766c2c2","057dd0248541710a8c55273d076f5ea8",{"version":"3e9947c80f076a191d01091547b58b23","impliedNodeFormat":99},{"version":"9a46e873ee3113eb1ec9417022c2ec56","affectsGlobalScope":true,"impliedNodeFormat":1},"07e14c037c571c6a65227f6028ba71bb","e0d71344e08090d242ddbb62202bf525","cb388ab2b69f225dfc1713f375cdf700","bd1ac570ac6462dd37f134886d47b59e","05d39561dc324d83b21f1f75257bb14a","e45043f374eb5ed478726d5a2b57e00e","c3c8b27013c9eef710cf3b4651ed5d30","e9ace6a4040eca965b9bfb930f846e1e","68694a8f369c36362861a107d633314f","dcbfb791583f55a7052a66993c6a768c","5561f39c7d4c83b7753fc2aec55dceba","37c6157c8da787727a0d91c04d6417ca","da942b7f92675632be38fbe393c25eec","935192a885a2c1300f35de0c84fcb04d","2e97d8eb4916aec3abb69b0604c31832","3c8aaa3d1e0d528b17aff81f65d91879","38d9bd5d6de46b1c4960bbe6e7059d78","2c57a35029458c772083ca627c5963bc","8e2e72ac1d5bd18528c0fc7d3665c5f1",{"version":"8ddb259287bbefd133968a222c647fa6","impliedNodeFormat":99},{"version":"175d1ce79fb7bcebcf51d8bed373276f","impliedNodeFormat":99},"c69df9466cdbac67af017c84c2535476","d929083a600293ef8150310a8f1a77f9",{"version":"f15b5919b156648b63436c7d8ecb2538","impliedNodeFormat":99},"391a10a703000a233c0206299f3931c0","c38c7ababb066e53f003217c51e28063","783009f3a18a30d8070aaf8b19362416","b5801d9ad3c209be6ba2ed4d6d79e372","3e0d9d96c4e4a8193f87ce5972e1ba8c",{"version":"f261a57c6fb4eeaa5fefdbc9f05e32c1","impliedNodeFormat":99},{"version":"b329dba13f85d23ecf914ea5797db1d1","impliedNodeFormat":99},"df60c4d2fae6a33d8f449ab559d4dffe","54475d975743595ac0c9c193ff90b44d","9ab5b4a18e12baa493c9fbdd71496f10","47760859353f290db4ec4e84f32a459f","cd07fc30e4bc989a49610f7c66a0f9a8","5151824378f707ddfdb3e31b0bec4786","fe89f9cb126aa3719c9f92667b715d3e","847d39f5db923887fa132d1f7504a296",{"version":"cdbe9802ec40c9d4f5e986b85e87dc17","affectsGlobalScope":true,"impliedNodeFormat":1},"81de33ebc29f505cbb508380190230b0","295c0cb8891e7424d3a27dc56dc1b430","83ce387bc14a652e4bb5770ea0d54fd8",{"version":"227e9b8001bb8366a6a64a4bf132ee1b","affectsGlobalScope":true,"impliedNodeFormat":1},"fdca13c9e1b0225fe2ea7411fc134684",{"version":"20a2f53cda1a6fc85e397e1bc2530b12","affectsGlobalScope":true,"impliedNodeFormat":1},"08d3e1862ea40bb361967978dd7ea51d"],"fileIdsList":[[67,106,107,108,109,110,111,112,113,114,115,116,117,118,119,121,122,123,124,125,126,127,128,129,130,131,132,133,134,135,136,137,138,139,140,141,142,143,144,145,146,147,148,149,150,151,152,153,154,155,156,157,158],[67,106,107,108,109,110,111,112,113,114,115,116,117,118,119,121,122,123,124,125,126,127,128,129,130,131,132,133,134,135,136,137,138,139,140,141,142,143,144,145,146,147,148,149,150,151,152,153,154,155,156,157,158,159,193,194,195],[67,106,107,108,109,110,111,112,113,114,115,116,117,118,119,121,122,123,124,125,126,127,128,129,130,131,132,133,134,135,136,137,138,139,140,141,142,143,144,145,146,147,148,149,150,151,152,153,154,155,156,157,158,193],[67,106,107,108,109,110,111,112,113,114,115,116,117,118,119,121,122,123,124,125,126,127,128,129,130,131,132,133,134,135,136,137,138,139,140,141,142,143,144,145,146,147,148,149,150,151,152,153,154,155,156,157,158,192],[67,106,107,108,109,110,111,112,113,114,115,116,117,118,119,121,122,123,124,125,126,127,128,129,130,131,132,133,134,135,136,137,138,139,140,141,142,143,144,145,146,147,148,149,150,151,152,153,154,155,156,157,158,201],[67,106,107,108,109,110,111,112,113,114,115,116,117,118,119,121,122,123,124,125,126,127,128,129,130,131,132,133,134,135,136,137,138,139,140,141,142,143,144,145,146,147,148,149,150,151,152,153,154,155,156,157,158,205],[67,106,107,108,109,110,111,112,113,114,115,116,117,118,119,121,122,123,124,125,126,127,128,129,130,131,132,133,134,135,136,137,138,139,140,141,142,143,144,145,146,147,148,149,150,151,152,153,154,155,156,157,158,204],[67,107,108,109,110,111,112,113,114,115,116,117,118,119,121,122,123,124,125,126,127,128,129,130,131,132,133,134,135,136,137,138,139,140,141,142,143,144,145,146,147,148,149,150,151,152,153,154,155,156,157,158],[67,106,108,109,110,111,112,113,114,115,116,117,118,119,121,122,123,124,125,126,127,128,129,130,131,132,133,134,135,136,137,138,139,140,141,142,143,144,145,146,147,148,149,150,151,152,153,154,155,156,157,158],[67,106,107,109,110,111,112,113,114,115,116,117,118,119,121,122,123,124,125,126,127,128,129,130,131,132,133,134,135,136,137,138,139,140,141,142,143,144,145,146,147,148,149,150,151,152,153,154,155,156,157,158],[106,107,108,109,110,111,112,113,114,115,116,117,118,119,121,122,123,124,125,126,127,128,129,130,131,132,133,134,135,136,137,138,139,140,141,142,143,144,145,146,147,148,149,150,151,152,153,154,155,156,157,158],[67,106,107,108,110,111,112,113,114,115,116,117,118,119,121,122,123,124,125,126,127,128,129,130,131,132,133,134,135,136,137,138,139,140,141,142,143,144,145,146,147,148,149,150,151,152,153,154,155,156,157,158],[67,106,107,108,109,111,112,113,114,115,116,117,118,119,121,122,123,124,125,126,127,128,129,130,131,132,133,134,135,136,137,138,139,140,141,142,143,144,145,146,147,148,149,150,151,152,153,154,155,156,157,158],[67,106,107,108,109,110,112,113,114,115,116,117,118,119,121,122,123,124,125,126,127,128,129,130,131,132,133,134,135,136,137,138,139,140,141,142,143,144,145,146,147,148,149,150,151,152,153,154,155,156,157,158],[62,63,64,67,106,107,108,109,110,111,112,113,114,115,116,117,118,119,121,122,123,124,125,126,127,128,129,130,131,132,133,134,135,136,137,138,139,140,141,142,143,144,145,146,147,148,149,150,151,152,153,154,155,156,157,158],[67,106,107,108,109,110,111,113,114,115,116,117,118,119,121,122,123,124,125,126,127,128,129,130,131,132,133,134,135,136,137,138,139,140,141,142,143,144,145,146,147,148,149,150,151,152,153,154,155,156,157,158],[67,106,107,108,109,110,111,112,114,115,116,117,118,119,121,122,123,124,125,126,127,128,129,130,131,132,133,134,135,136,137,138,139,140,141,142,143,144,145,146,147,148,149,150,151,152,153,154,155,156,157,158],[67,106,107,108,109,110,111,112,113,115,116,117,118,119,121,122,123,124,125,126,127,128,129,130,131,132,133,134,135,136,137,138,139,140,141,142,143,144,145,146,147,148,149,150,151,152,153,154,155,156,157,158],[67,106,107,108,109,110,111,112,113,114,116,117,118,119,121,122,123,124,125,126,127,128,129,130,131,132,133,134,135,136,137,138,139,140,141,142,143,144,145,146,147,148,149,150,151,152,153,154,155,156,157,158],[67,106,107,108,109,110,111,112,113,114,115,117,118,119,121,122,123,124,125,126,127,128,129,130,131,132,133,134,135,136,137,138,139,140,141,142,143,144,145,146,147,148,149,150,151,152,153,154,155,156,157,158],[67,106,107,108,109,110,111,112,113,114,115,116,118,119,121,122,123,124,125,126,127,128,129,130,131,132,133,134,135,136,137,138,139,140,141,142,143,144,145,146,147,148,149,150,151,152,153,154,155,156,157,158],[67,106,107,108,109,110,111,112,113,114,115,116,117,119,121,122,123,124,125,126,127,128,129,130,131,132,133,134,135,136,137,138,139,140,141,142,143,144,145,146,147,148,149,150,151,152,153,154,155,156,157,158],[67,106,107,108,109,110,111,112,113,114,115,116,117,118,121,122,123,124,125,126,127,128,129,130,131,132,133,134,135,136,137,138,139,140,141,142,143,144,145,146,147,148,149,150,151,152,153,154,155,156,157,158],[67,106,107,108,109,110,111,112,113,114,115,116,117,118,119,122,123,124,125,126,127,128,129,130,131,132,133,134,135,136,137,138,139,140,141,142,143,144,145,146,147,148,149,150,151,152,153,154,155,156,157,158],[67,106,107,108,109,110,111,112,113,114,115,116,117,118,119,121,123,124,125,126,127,128,129,130,131,132,133,134,135,136,137,138,139,140,141,142,143,144,145,146,147,148,149,150,151,152,153,154,155,156,157,158],[67,106,107,108,109,110,111,112,113,114,115,116,117,118,119,121,122,124,125,126,127,128,129,130,131,132,133,134,135,136,137,138,139,140,141,142,143,144,145,146,147,148,149,150,151,152,153,154,155,156,157,158],[67,104,106,107,108,109,110,111,112,113,114,115,116,117,118,119,121,122,123,124,125,126,127,128,129,130,131,132,133,134,135,136,137,138,139,140,141,142,143,144,145,146,147,148,149,150,151,152,153,154,155,156,157,158],[67,104,106,107,108,109,110,111,112,113,114,115,116,117,118,119,121,122,123,125,126,127,128,129,130,131,132,133,134,135,136,137,138,139,140,141,142,143,144,145,146,147,148,149,150,151,152,153,154,155,156,157,158],[67,106,107,108,109,110,111,112,113,114,115,116,117,118,119,121,122,123,124,126,127,128,129,130,131,132,133,134,135,136,137,138,139,140,141,142,143,144,145,146,147,148,149,150,151,152,153,154,155,156,157,158],[67,106,107,108,109,110,111,112,113,114,115,116,117,118,119,121,122,123,124,125,127,128,129,130,131,132,133,134,135,136,137,138,139,140,141,142,143,144,145,146,147,148,149,150,151,152,153,154,155,156,157,158],[65,66,67,105,106,107,108,109,110,111,112,113,114,115,116,117,118,119,120,121,122,123,124,125,126,127,128,129,130,131,132,133,134,135,136,137,138,139,140,141,142,143,144,145,146,147,148,149,150,151,152,153,154,155,156,157,158],[67,106,107,108,109,110,111,112,113,114,115,116,117,118,119,121,122,123,124,125,126,128,129,130,131,132,133,134,135,136,137,138,139,140,141,142,143,144,145,146,147,148,149,150,151,152,153,154,155,156,157,158],[67,106,107,108,109,110,111,112,113,114,115,116,117,118,119,121,122,123,124,125,126,127,129,130,131,132,133,134,135,136,137,138,139,140,141,142,143,144,145,146,147,148,149,150,151,152,153,154,155,156,157,158],[67,106,107,108,109,110,111,112,113,114,115,116,117,118,119,121,122,123,124,125,126,127,128,130,131,132,133,134,135,136,137,138,139,140,141,142,143,144,145,146,147,148,149,150,151,152,153,154,155,156,157,158],[67,106,107,108,109,110,111,112,113,114,115,116,117,118,119,121,122,123,124,125,126,127,128,129,131,132,133,134,135,136,137,138,139,140,141,142,143,144,145,146,147,148,149,150,151,152,153,154,155,156,157,158],[67,106,107,108,109,110,111,112,113,114,115,116,117,118,119,121,122,123,124,125,126,127,128,129,130,132,133,134,135,136,137,138,139,140,141,142,143,144,145,146,147,148,149,150,151,152,153,154,155,156,157,158],[67,106,107,108,109,110,111,112,113,114,115,116,117,118,119,121,122,123,124,125,126,127,128,129,130,131,133,134,135,136,137,138,139,140,141,142,143,144,145,146,147,148,149,150,151,152,153,154,155,156,157,158],[67,106,107,108,109,110,111,112,113,114,115,116,117,118,119,121,122,123,124,125,126,127,128,129,130,131,132,134,135,136,137,138,139,140,141,142,143,144,145,146,147,148,149,150,151,152,153,154,155,156,157,158],[67,106,107,108,109,110,111,112,113,114,115,116,117,118,119,121,122,123,124,125,126,127,128,129,130,131,132,133,135,136,137,138,139,140,141,142,143,144,145,146,147,148,149,150,151,152,153,154,155,156,157,158],[67,106,107,108,109,110,111,112,113,114,115,116,117,118,119,121,122,123,124,125,126,127,128,129,130,131,132,133,134,136,137,138,139,140,141,142,143,144,145,146,147,148,149,150,151,152,153,154,155,156,157,158],[67,106,107,108,109,110,111,112,113,114,115,116,117,118,119,121,122,123,124,125,126,127,128,129,130,131,132,133,134,135,137,138,139,140,141,142,143,144,145,146,147,148,149,150,151,152,153,154,155,156,157,158],[67,106,107,108,109,110,111,112,113,114,115,116,117,118,119,121,122,123,124,125,126,127,128,129,130,131,132,133,134,135,136,138,139,140,141,142,143,144,145,146,147,148,149,150,151,152,153,154,155,156,157,158],[67,106,107,108,109,110,111,112,113,114,115,116,117,118,119,121,122,123,124,125,126,127,128,129,130,131,132,133,134,135,136,137,139,140,141,142,143,144,145,146,147,148,149,150,151,152,153,154,155,156,157,158],[67,106,107,108,109,110,111,112,113,114,115,116,117,118,119,121,122,123,124,125,126,127,128,129,130,131,132,133,134,135,136,137,138,140,141,142,143,144,145,146,147,148,149,150,151,152,153,154,155,156,157,158],[67,106,107,108,109,110,111,112,113,114,115,116,117,118,119,121,122,123,124,125,126,127,128,129,130,131,132,133,134,135,136,137,138,139,141,142,143,144,145,146,147,148,149,150,151,152,153,154,155,156,157,158],[67,106,107,108,109,110,111,112,113,114,115,116,117,118,119,121,122,123,124,125,126,127,128,129,130,131,132,133,134,135,136,137,138,139,140,142,143,144,145,146,147,148,149,150,151,152,153,154,155,156,157,158],[67,106,107,108,109,110,111,112,113,114,115,116,117,118,119,121,122,123,124,125,126,127,128,129,130,131,132,133,134,135,136,137,138,139,140,141,142,144,145,146,147,148,149,150,151,152,153,154,155,156,157,158],[67,106,107,108,109,110,111,112,113,114,115,116,117,118,119,121,122,123,124,125,126,127,128,129,130,131,132,133,134,135,136,137,138,139,140,141,143,144,145,146,147,148,149,150,151,152,153,154,155,156,157,158],[67,106,107,108,109,110,111,112,113,114,115,116,117,118,119,121,122,123,124,125,126,127,128,129,130,131,132,133,134,135,136,137,138,139,140,141,142,143,145,146,147,148,149,150,151,152,153,154,155,156,157,158],[67,106,107,108,109,110,111,112,113,114,115,116,117,118,119,121,122,123,124,125,126,127,128,129,130,131,132,133,134,135,136,137,138,139,140,141,142,143,144,146,147,148,149,150,151,152,153,154,155,156,157,158],[67,106,107,108,109,110,111,112,113,114,115,116,117,118,119,121,122,123,124,125,126,127,128,129,130,131,132,133,134,135,136,137,138,139,140,141,142,143,144,145,147,148,149,150,151,152,153,154,155,156,157,158],[67,106,107,108,109,110,111,112,113,114,115,116,117,118,119,121,122,123,124,125,126,127,128,129,130,131,132,133,134,135,136,137,138,139,140,141,142,143,144,145,146,148,149,150,151,152,153,154,155,156,157,158],[67,106,107,108,109,110,111,112,113,114,115,116,117,118,119,121,122,123,124,125,126,127,128,129,130,131,132,133,134,135,136,137,138,139,140,141,142,143,144,145,146,147,149,150,151,152,153,154,155,156,157,158],[67,106,107,108,109,110,111,112,113,114,115,116,117,118,119,121,122,123,124,125,126,127,128,129,130,131,132,133,134,135,136,137,138,139,140,141,142,143,144,145,146,147,148,150,151,152,153,154,155,156,157,158],[67,106,107,108,109,110,111,112,113,114,115,116,117,118,119,121,122,123,124,125,126,127,128,129,130,131,132,133,134,135,136,137,138,139,140,141,142,143,144,145,146,147,148,149,151,152,153,154,155,156,157,158],[67,106,107,108,109,110,111,112,113,114,115,116,117,118,119,121,122,123,124,125,126,127,128,129,130,131,132,133,134,135,136,137,138,139,140,141,142,143,144,145,146,147,148,149,150,152,153,154,155,156,157,158],[67,106,107,108,109,110,111,112,113,114,115,116,117,118,119,121,122,123,124,125,126,127,128,129,130,131,132,133,134,135,136,137,138,139,140,141,142,143,144,145,146,147,148,149,150,151,153,154,155,156,157,158],[67,106,107,108,109,110,111,112,113,114,115,116,117,118,119,121,122,123,124,125,126,127,128,129,130,131,132,133,134,135,136,137,138,139,140,141,142,143,144,145,146,147,148,149,150,151,152,154,155,156,157,158],[67,106,107,108,109,110,111,112,113,114,115,116,117,118,119,121,122,123,124,125,126,127,128,129,130,131,132,133,134,135,136,137,138,139,140,141,142,143,144,145,146,147,148,149,150,151,152,153,155,156,157,158],[67,106,107,108,109,110,111,112,113,114,115,116,117,118,119,121,122,123,124,125,126,127,128,129,130,131,132,133,134,135,136,137,138,139,140,141,142,143,144,145,146,147,148,149,150,151,152,153,154,156,157,158],[67,106,107,108,109,110,111,112,113,114,115,116,117,118,119,121,122,123,124,125,126,127,128,129,130,131,132,133,134,135,136,137,138,139,140,141,142,143,144,145,146,147,148,149,150,151,152,153,154,155,157,158],[67,106,107,108,109,110,111,112,113,114,115,116,117,118,119,121,122,123,124,125,126,127,128,129,130,131,132,133,134,135,136,137,138,139,140,141,142,143,144,145,146,147,148,149,150,151,152,153,154,155,156,158],[67,106,107,108,109,110,111,112,113,114,115,116,117,118,119,121,122,123,124,125,126,127,128,129,130,131,132,133,134,135,136,137,138,139,140,141,142,143,144,145,146,147,148,149,150,151,152,153,154,155,156,157],[67,106,107,108,109,110,111,112,113,114,115,116,117,118,119,121,122,123,124,125,126,127,128,129,130,131,132,133,134,135,136,137,138,139,140,141,142,143,144,145,146,147,148,149,150,151,152,153,154,155,156,157,158,213],[67,106,107,108,109,110,111,112,113,114,115,116,117,118,119,121,122,123,124,125,126,127,128,129,130,131,132,133,134,135,136,137,138,139,140,141,142,143,144,145,146,147,148,149,150,151,152,153,154,155,156,157,158,210,211,212],[67,106,107,108,109,110,111,112,113,114,115,116,117,118,119,121,122,123,124,125,126,127,128,129,130,131,132,133,134,135,136,137,138,139,140,141,142,143,144,145,146,147,148,149,150,151,152,153,154,155,156,157,158,191,196],[67,106,107,108,109,110,111,112,113,114,115,116,117,118,119,121,122,123,124,125,126,127,128,129,130,131,132,133,134,135,136,137,138,139,140,141,142,143,144,145,146,147,148,149,150,151,152,153,154,155,156,157,158,191],[67,106,107,108,109,110,111,112,113,114,115,116,117,118,119,121,122,123,124,125,126,127,128,129,130,131,132,133,134,135,136,137,138,139,140,141,142,143,144,145,146,147,148,149,150,151,152,153,154,155,156,157,158,183],[67,106,107,108,109,110,111,112,113,114,115,116,117,118,119,121,122,123,124,125,126,127,128,129,130,131,132,133,134,135,136,137,138,139,140,141,142,143,144,145,146,147,148,149,150,151,152,153,154,155,156,157,158,181,183],[67,106,107,108,109,110,111,112,113,114,115,116,117,118,119,121,122,123,124,125,126,127,128,129,130,131,132,133,134,135,136,137,138,139,140,141,142,143,144,145,146,147,148,149,150,151,152,153,154,155,156,157,158,172,180,181,182,184,186],[67,106,107,108,109,110,111,112,113,114,115,116,117,118,119,121,122,123,124,125,126,127,128,129,130,131,132,133,134,135,136,137,138,139,140,141,142,143,144,145,146,147,148,149,150,151,152,153,154,155,156,157,158,170],[67,106,107,108,109,110,111,112,113,114,115,116,117,118,119,121,122,123,124,125,126,127,128,129,130,131,132,133,134,135,136,137,138,139,140,141,142,143,144,145,146,147,148,149,150,151,152,153,154,155,156,157,158,173,178,183,186],[67,106,107,108,109,110,111,112,113,114,115,116,117,118,119,121,122,123,124,125,126,127,128,129,130,131,132,133,134,135,136,137,138,139,140,141,142,143,144,145,146,147,148,149,150,151,152,153,154,155,156,157,158,169,186],[67,106,107,108,109,110,111,112,113,114,115,116,117,118,119,121,122,123,124,125,126,127,128,129,130,131,132,133,134,135,136,137,138,139,140,141,142,143,144,145,146,147,148,149,150,151,152,153,154,155,156,157,158,173,174,177,178,179,186],[67,106,107,108,109,110,111,112,113,114,115,116,117,118,119,121,122,123,124,125,126,127,128,129,130,131,132,133,134,135,136,137,138,139,140,141,142,143,144,145,146,147,148,149,150,151,152,153,154,155,156,157,158,173,174,175,177,178,186],[67,106,107,108,109,110,111,112,113,114,115,116,117,118,119,121,122,123,124,125,126,127,128,129,130,131,132,133,134,135,136,137,138,139,140,141,142,143,144,145,146,147,148,149,150,151,152,153,154,155,156,157,158,170,171,172,173,174,178,179,180,182,183,184,186],[67,106,107,108,109,110,111,112,113,114,115,116,117,118,119,121,122,123,124,125,126,127,128,129,130,131,132,133,134,135,136,137,138,139,140,141,142,143,144,145,146,147,148,149,150,151,152,153,154,155,156,157,158,186],[67,106,107,108,109,110,111,112,113,114,115,116,117,118,119,121,122,123,124,125,126,127,128,129,130,131,132,133,134,135,136,137,138,139,140,141,142,143,144,145,146,147,148,149,150,151,152,153,154,155,156,157,158,168,170,171,172,173,174,175,177,178,179,180,181,182,183,184,185],[67,106,107,108,109,110,111,112,113,114,115,116,117,118,119,121,122,123,124,125,126,127,128,129,130,131,132,133,134,135,136,137,138,139,140,141,142,143,144,145,146,147,148,149,150,151,152,153,154,155,156,157,158,168,186],[67,106,107,108,109,110,111,112,113,114,115,116,117,118,119,121,122,123,124,125,126,127,128,129,130,131,132,133,134,135,136,137,138,139,140,141,142,143,144,145,146,147,148,149,150,151,152,153,154,155,156,157,158,173,175,176,178,179,186],[67,106,107,108,109,110,111,112,113,114,115,116,117,118,119,121,122,123,124,125,126,127,128,129,130,131,132,133,134,135,136,137,138,139,140,141,142,143,144,145,146,147,148,149,150,151,152,153,154,155,156,157,158,177,186],[67,106,107,108,109,110,111,112,113,114,115,116,117,118,119,121,122,123,124,125,126,127,128,129,130,131,132,133,134,135,136,137,138,139,140,141,142,143,144,145,146,147,148,149,150,151,152,153,154,155,156,157,158,178,179,183,186],[67,106,107,108,109,110,111,112,113,114,115,116,117,118,119,121,122,123,124,125,126,127,128,129,130,131,132,133,134,135,136,137,138,139,140,141,142,143,144,145,146,147,148,149,150,151,152,153,154,155,156,157,158,171,181],[67,106,107,108,109,110,111,112,113,114,115,116,117,118,119,121,122,123,124,125,126,127,128,129,130,131,132,133,134,135,136,137,138,139,140,141,142,143,144,145,146,147,148,149,150,151,152,153,154,155,156,157,158,161,190],[67,106,107,108,109,110,111,112,113,114,115,116,117,118,119,121,122,123,124,125,126,127,128,129,130,131,132,133,134,135,136,137,138,139,140,141,142,143,144,145,146,147,148,149,150,151,152,153,154,155,156,157,158,160],[67,76,80,106,107,108,109,110,111,112,113,114,115,116,117,118,119,121,122,123,124,125,126,127,128,129,130,131,132,133,134,135,136,137,138,139,140,141,142,143,144,145,146,147,148,149,150,151,152,153,154,155,156,157,158],[67,76,106,107,108,109,110,111,112,113,114,115,116,117,118,119,121,122,123,124,125,126,127,128,129,130,131,132,133,134,135,136,137,138,139,140,141,142,143,144,145,146,147,148,149,150,151,152,153,154,155,156,157,158],[67,71,106,107,108,109,110,111,112,113,114,115,116,117,118,119,121,122,123,124,125,126,127,128,129,130,131,132,133,134,135,136,137,138,139,140,141,142,143,144,145,146,147,148,149,150,151,152,153,154,155,156,157,158],[67,73,76,106,107,108,109,110,111,112,113,114,115,116,117,118,119,121,122,123,124,125,126,127,128,129,130,131,132,133,134,135,136,137,138,139,140,141,142,143,144,145,146,147,148,149,150,151,152,153,154,155,156,157,158],[67,106,107,108,109,110,111,112,113,114,115,116,117,118,119,121,122,123,124,125,126,127,128,129,130,131,132,133,134,135,136,137,138,139,140,141,142,143,144,145,146,147,148,149,150,151,152,153,154,155,156,157,158,159],[67,71,106,107,108,109,110,111,112,113,114,115,116,117,118,119,121,122,123,124,125,126,127,128,129,130,131,132,133,134,135,136,137,138,139,140,141,142,143,144,145,146,147,148,149,150,151,152,153,154,155,156,157,158,159],[67,68,69,72,75,106,107,108,109,110,111,112,113,114,115,116,117,118,119,121,122,123,124,125,126,127,128,129,130,131,132,133,134,135,136,137,138,139,140,141,142,143,144,145,146,147,148,149,150,151,152,153,154,155,156,157,158],[67,76,83,106,107,108,109,110,111,112,113,114,115,116,117,118,119,121,122,123,124,125,126,127,128,129,130,131,132,133,134,135,136,137,138,139,140,141,142,143,144,145,146,147,148,149,150,151,152,153,154,155,156,157,158],[67,68,74,106,107,108,109,110,111,112,113,114,115,116,117,118,119,121,122,123,124,125,126,127,128,129,130,131,132,133,134,135,136,137,138,139,140,141,142,143,144,145,146,147,148,149,150,151,152,153,154,155,156,157,158],[67,76,97,98,106,107,108,109,110,111,112,113,114,115,116,117,118,119,121,122,123,124,125,126,127,128,129,130,131,132,133,134,135,136,137,138,139,140,141,142,143,144,145,146,147,148,149,150,151,152,153,154,155,156,157,158],[67,72,76,106,107,108,109,110,111,112,113,114,115,116,117,118,119,121,122,123,124,125,126,127,128,129,130,131,132,133,134,135,136,137,138,139,140,141,142,143,144,145,146,147,148,149,150,151,152,153,154,155,156,157,158,159],[67,97,106,107,108,109,110,111,112,113,114,115,116,117,118,119,121,122,123,124,125,126,127,128,129,130,131,132,133,134,135,136,137,138,139,140,141,142,143,144,145,146,147,148,149,150,151,152,153,154,155,156,157,158,159],[67,70,71,106,107,108,109,110,111,112,113,114,115,116,117,118,119,121,122,123,124,125,126,127,128,129,130,131,132,133,134,135,136,137,138,139,140,141,142,143,144,145,146,147,148,149,150,151,152,153,154,155,156,157,158,159],[67,70,71,72,73,74,75,76,77,78,80,81,82,83,84,85,86,87,88,89,90,91,92,93,94,95,96,98,99,100,101,102,103,106,107,108,109,110,111,112,113,114,115,116,117,118,119,121,122,123,124,125,126,127,128,129,130,131,132,133,134,135,136,137,138,139,140,141,142,143,144,145,146,147,148,149,150,151,152,153,154,155,156,157,158],[67,76,91,106,107,108,109,110,111,112,113,114,115,116,117,118,119,121,122,123,124,125,126,127,128,129,130,131,132,133,134,135,136,137,138,139,140,141,142,143,144,145,146,147,148,149,150,151,152,153,154,155,156,157,158],[67,76,83,84,106,107,108,109,110,111,112,113,114,115,116,117,118,119,121,122,123,124,125,126,127,128,129,130,131,132,133,134,135,136,137,138,139,140,141,142,143,144,145,146,147,148,149,150,151,152,153,154,155,156,157,158],[67,74,76,84,85,106,107,108,109,110,111,112,113,114,115,116,117,118,119,121,122,123,124,125,126,127,128,129,130,131,132,133,134,135,136,137,138,139,140,141,142,143,144,145,146,147,148,149,150,151,152,153,154,155,156,157,158],[67,75,106,107,108,109,110,111,112,113,114,115,116,117,118,119,121,122,123,124,125,126,127,128,129,130,131,132,133,134,135,136,137,138,139,140,141,142,143,144,145,146,147,148,149,150,151,152,153,154,155,156,157,158],[67,68,71,76,106,107,108,109,110,111,112,113,114,115,116,117,118,119,121,122,123,124,125,126,127,128,129,130,131,132,133,134,135,136,137,138,139,140,141,142,143,144,145,146,147,148,149,150,151,152,153,154,155,156,157,158],[67,76,80,84,85,106,107,108,109,110,111,112,113,114,115,116,117,118,119,121,122,123,124,125,126,127,128,129,130,131,132,133,134,135,136,137,138,139,140,141,142,143,144,145,146,147,148,149,150,151,152,153,154,155,156,157,158],[67,80,106,107,108,109,110,111,112,113,114,115,116,117,118,119,121,122,123,124,125,126,127,128,129,130,131,132,133,134,135,136,137,138,139,140,141,142,143,144,145,146,147,148,149,150,151,152,153,154,155,156,157,158],[67,74,76,79,106,107,108,109,110,111,112,113,114,115,116,117,118,119,121,122,123,124,125,126,127,128,129,130,131,132,133,134,135,136,137,138,139,140,141,142,143,144,145,146,147,148,149,150,151,152,153,154,155,156,157,158],[67,68,73,76,83,106,107,108,109,110,111,112,113,114,115,116,117,118,119,121,122,123,124,125,126,127,128,129,130,131,132,133,134,135,136,137,138,139,140,141,142,143,144,145,146,147,148,149,150,151,152,153,154,155,156,157,158],[67,71,76,97,106,107,108,109,110,111,112,113,114,115,116,117,118,119,121,122,123,124,125,126,127,128,129,130,131,132,133,134,135,136,137,138,139,140,141,142,143,144,145,146,147,148,149,150,151,152,153,154,155,156,157,158,159],[67,106,107,108,109,110,111,112,113,114,115,116,117,118,119,121,122,123,124,125,126,127,128,129,130,131,132,133,134,135,136,137,138,139,140,141,142,143,144,145,146,147,148,149,150,151,152,153,154,155,156,157,158,159,161,162,163,164,165,166,167,187,188,189,190],[67,106,107,108,109,110,111,112,113,114,115,116,117,118,119,121,122,123,124,125,126,127,128,129,130,131,132,133,134,135,136,137,138,139,140,141,142,143,144,145,146,147,148,149,150,151,152,153,154,155,156,157,158,163,164,165,166],[67,106,107,108,109,110,111,112,113,114,115,116,117,118,119,121,122,123,124,125,126,127,128,129,130,131,132,133,134,135,136,137,138,139,140,141,142,143,144,145,146,147,148,149,150,151,152,153,154,155,156,157,158,163,164,165],[67,106,107,108,109,110,111,112,113,114,115,116,117,118,119,121,122,123,124,125,126,127,128,129,130,131,132,133,134,135,136,137,138,139,140,141,142,143,144,145,146,147,148,149,150,151,152,153,154,155,156,157,158,163],[67,106,107,108,109,110,111,112,113,114,115,116,117,118,119,121,122,123,124,125,126,127,128,129,130,131,132,133,134,135,136,137,138,139,140,141,142,143,144,145,146,147,148,149,150,151,152,153,154,155,156,157,158,164],[67,106,107,108,109,110,111,112,113,114,115,116,117,118,119,121,122,123,124,125,126,127,128,129,130,131,132,133,134,135,136,137,138,139,140,141,142,143,144,145,146,147,148,149,150,151,152,153,154,155,156,157,158,161],[67,106,107,108,109,110,111,112,113,114,115,116,117,118,119,121,122,123,124,125,126,127,128,129,130,131,132,133,134,135,136,137,138,139,140,141,142,143,144,145,146,147,148,149,150,151,152,153,154,155,156,157,158,191,197,198]],"options":{"allowImportingTsExtensions":true,"module":99,"noFallthroughCasesInSwitch":true,"noUnusedLocals":false,"noUnusedParameters":false,"skipLibCheck":true,"strict":true,"target":9},"referencedMap":[[194,1],[196,2],[195,3],[192,1],[193,4],[200,1],[201,1],[202,1],[203,5],[204,1],[206,6],[207,7],[205,1],[208,1],[160,1],[209,1],[106,8],[107,9],[108,10],[67,11],[109,12],[110,13],[111,14],[62,1],[65,15],[63,1],[64,1],[112,16],[113,17],[114,18],[115,19],[116,20],[117,21],[118,22],[120,1],[119,23],[121,24],[122,25],[123,26],[105,27],[66,1],[124,28],[125,29],[126,30],[159,31],[127,32],[128,33],[129,34],[130,35],[131,36],[132,37],[133,38],[134,39],[135,40],[136,41],[137,42],[138,43],[139,44],[140,45],[141,46],[143,47],[142,48],[144,49],[145,50],[146,51],[147,52],[148,53],[149,54],[150,55],[151,56],[152,57],[153,58],[154,59],[155,60],[156,61],[157,62],[158,63],[210,1],[214,64],[211,1],[213,65],[197,66],[212,1],[198,67],[184,68],[182,69],[183,70],[171,71],[172,69],[179,72],[170,73],[175,74],[185,1],[176,75],[181,76],[187,77],[186,78],[169,79],[177,80],[178,81],[173,82],[180,68],[174,83],[162,84],[161,85],[168,1],[83,86],[93,87],[82,86],[103,88],[74,89],[73,1],[102,90],[96,91],[101,89],[76,92],[90,93],[75,94],[99,95],[71,96],[70,90],[100,97],[72,98],[77,87],[78,1],[81,87],[68,1],[104,99],[94,100],[85,101],[86,102],[88,103],[84,104],[87,105],[97,90],[79,106],[80,107],[89,108],[69,1],[92,100],[91,87],[95,1],[98,109],[191,110],[188,111],[166,112],[167,1],[164,113],[163,1],[165,114],[189,1],[190,115],[199,116],[60,1],[61,1],[12,1],[11,1],[2,1],[13,1],[14,1],[15,1],[16,1],[17,1],[18,1],[19,1],[20,1],[3,1],[21,1],[22,1],[4,1],[23,1],[27,1],[24,1],[25,1],[26,1],[28,1],[29,1],[30,1],[5,1],[31,1],[32,1],[33,1],[34,1],[6,1],[38,1],[35,1],[36,1],[37,1],[39,1],[7,1],[40,1],[45,1],[46,1],[41,1],[42,1],[43,1],[44,1],[8,1],[50,1],[47,1],[48,1],[49,1],[51,1],[9,1],[52,1],[53,1],[54,1],[56,1],[55,1],[57,1],[58,1],[10,1],[59,1],[1,1]],"affectedFilesPendingEmit":[199]}"

tsconfig.node.json: "{
  "compilerOptions": {
    "target": "ES2022",
    "lib": ["ES2023"],
    "module": "ESNext",
    "skipLibCheck": true,

    /* Bundler mode */
    "moduleResolution": "bundler",
    "allowImportingTsExtensions": true,
    "isolatedModules": true,
    "moduleDetection": "force",
    "noEmit": true,

    /* Linting */
    "strict": true,
    "noUnusedLocals": false,
    "noUnusedParameters": false,
    "noFallthroughCasesInSwitch": true
  },
  "include": ["vite.config.ts"]
}
"

tsconfig.json: "{
  "compilerOptions": {
    "allowJs": true,
    "noImplicitAny": false,
    "noUnusedLocals": false,
    "noUnusedParameters": false,
    "paths": {
      "@/*": [
        "./src/*"
      ]
    },
    "skipLibCheck": true,
    "strictNullChecks": false
  },
  "files": [],
  "references": [
    {
      "path": "./tsconfig.app.json"
    },
    {
      "path": "./tsconfig.node.json"
    }
  ]
}"

tsconfig.app.tsbuildinfo: "{"version":"7.0.0-dev.20251223.1","root":[[62,65],69,75,[121,126],128,[135,136],139,[144,146],148,[150,152],[411,412],449,520,[522,523],[525,526],530,532,534,[566,567],569,[571,572],574,[577,578],580,582,584,606,608,610,[612,616],618,[620,621],[623,624],[627,629]],"fileNames":["lib.es5.d.ts","lib.es2015.d.ts","lib.es2016.d.ts","lib.es2017.d.ts","lib.es2018.d.ts","lib.es2019.d.ts","lib.es2020.d.ts","lib.dom.d.ts","lib.dom.iterable.d.ts","lib.es2015.core.d.ts","lib.es2015.collection.d.ts","lib.es2015.generator.d.ts","lib.es2015.iterable.d.ts","lib.es2015.promise.d.ts","lib.es2015.proxy.d.ts","lib.es2015.reflect.d.ts","lib.es2015.symbol.d.ts","lib.es2015.symbol.wellknown.d.ts","lib.es2016.array.include.d.ts","lib.es2016.intl.d.ts","lib.es2017.arraybuffer.d.ts","lib.es2017.date.d.ts","lib.es2017.object.d.ts","lib.es2017.sharedmemory.d.ts","lib.es2017.string.d.ts","lib.es2017.intl.d.ts","lib.es2017.typedarrays.d.ts","lib.es2018.asyncgenerator.d.ts","lib.es2018.asynciterable.d.ts","lib.es2018.intl.d.ts","lib.es2018.promise.d.ts","lib.es2018.regexp.d.ts","lib.es2019.array.d.ts","lib.es2019.object.d.ts","lib.es2019.string.d.ts","lib.es2019.symbol.d.ts","lib.es2019.intl.d.ts","lib.es2020.bigint.d.ts","lib.es2020.date.d.ts","lib.es2020.promise.d.ts","lib.es2020.sharedmemory.d.ts","lib.es2020.string.d.ts","lib.es2020.symbol.wellknown.d.ts","lib.es2020.intl.d.ts","lib.es2020.number.d.ts","lib.decorators.d.ts","lib.decorators.legacy.d.ts","./node_modules/@types/react/global.d.ts","./node_modules/csstype/index.d.ts","./node_modules/@types/prop-types/index.d.ts","./node_modules/@types/react/index.d.ts","./node_modules/@types/react/jsx-runtime.d.ts","./node_modules/@radix-ui/react-context/dist/index.d.mts","./node_modules/@radix-ui/react-primitive/dist/index.d.mts","./node_modules/@radix-ui/react-dismissable-layer/dist/index.d.mts","./node_modules/@radix-ui/react-toast/dist/index.d.mts","./node_modules/clsx/clsx.d.mts","./node_modules/class-variance-authority/dist/types.d.ts","./node_modules/class-variance-authority/dist/index.d.ts","./node_modules/lucide-react/dist/lucide-react.d.ts","./node_modules/tailwind-merge/dist/types.d.ts","./src/lib/utils.ts","./src/components/ui/toast.tsx","./src/hooks/use-toast.ts","./src/components/ui/toaster.tsx","./node_modules/next-themes/dist/types.d.ts","./node_modules/next-themes/dist/index.d.ts","./node_modules/sonner/dist/index.d.ts","./src/components/ui/sonner.tsx","./node_modules/@radix-ui/react-arrow/dist/index.d.mts","./node_modules/@radix-ui/rect/dist/index.d.mts","./node_modules/@radix-ui/react-popper/dist/index.d.mts","./node_modules/@radix-ui/react-portal/dist/index.d.mts","./node_modules/@radix-ui/react-tooltip/dist/index.d.mts","./src/components/ui/tooltip.tsx","./node_modules/@tanstack/query-core/build/modern/removable.d.ts","./node_modules/@tanstack/query-core/build/modern/subscribable.d.ts","./node_modules/@tanstack/query-core/build/modern/hydration-Cvr-9VdO.d.ts","./node_modules/@tanstack/query-core/build/modern/queriesObserver.d.ts","./node_modules/@tanstack/query-core/build/modern/infiniteQueryObserver.d.ts","./node_modules/@tanstack/query-core/build/modern/notifyManager.d.ts","./node_modules/@tanstack/query-core/build/modern/focusManager.d.ts","./node_modules/@tanstack/query-core/build/modern/onlineManager.d.ts","./node_modules/@tanstack/query-core/build/modern/streamedQuery.d.ts","./node_modules/@tanstack/query-core/build/modern/index.d.ts","./node_modules/@tanstack/react-query/build/modern/types.d.ts","./node_modules/@tanstack/react-query/build/modern/useQueries.d.ts","./node_modules/@tanstack/react-query/build/modern/queryOptions.d.ts","./node_modules/@tanstack/react-query/build/modern/useQuery.d.ts","./node_modules/@tanstack/react-query/build/modern/useSuspenseQuery.d.ts","./node_modules/@tanstack/react-query/build/modern/useSuspenseInfiniteQuery.d.ts","./node_modules/@tanstack/react-query/build/modern/useSuspenseQueries.d.ts","./node_modules/@tanstack/react-query/build/modern/usePrefetchQuery.d.ts","./node_modules/@tanstack/react-query/build/modern/usePrefetchInfiniteQuery.d.ts","./node_modules/@tanstack/react-query/build/modern/infiniteQueryOptions.d.ts","./node_modules/@tanstack/react-query/build/modern/QueryClientProvider.d.ts","./node_modules/@tanstack/react-query/build/modern/QueryErrorResetBoundary.d.ts","./node_modules/@tanstack/react-query/build/modern/HydrationBoundary.d.ts","./node_modules/@tanstack/react-query/build/modern/useIsFetching.d.ts","./node_modules/@tanstack/react-query/build/modern/useMutationState.d.ts","./node_modules/@tanstack/react-query/build/modern/useMutation.d.ts","./node_modules/@tanstack/react-query/build/modern/mutationOptions.d.ts","./node_modules/@tanstack/react-query/build/modern/useInfiniteQuery.d.ts","./node_modules/@tanstack/react-query/build/modern/IsRestoringProvider.d.ts","./node_modules/@tanstack/react-query/build/modern/index.d.ts","./node_modules/@remix-run/router/dist/history.d.ts","./node_modules/@remix-run/router/dist/utils.d.ts","./node_modules/@remix-run/router/dist/router.d.ts","./node_modules/@remix-run/router/dist/index.d.ts","./node_modules/react-router/dist/lib/context.d.ts","./node_modules/react-router/dist/lib/components.d.ts","./node_modules/react-router/dist/lib/hooks.d.ts","./node_modules/react-router/dist/lib/deprecations.d.ts","./node_modules/react-router/dist/index.d.ts","./node_modules/react-router-dom/dist/dom.d.ts","./node_modules/react-router-dom/dist/index.d.ts","./node_modules/motion-utils/dist/index.d.ts","./node_modules/motion-dom/dist/index.d.ts","./node_modules/framer-motion/dist/types.d-DagZKalS.d.ts","./node_modules/framer-motion/dist/types/index.d.ts","./src/types/article.ts","./src/components/ArticleCard.tsx","./src/components/ArticleOverlay.tsx","./src/pages/Index.tsx","./src/pages/NotFound.tsx","./src/App.tsx","./node_modules/@types/react-dom/client.d.ts","./src/main.tsx","./node_modules/vite/types/hmrPayload.d.ts","./node_modules/vite/types/customEvent.d.ts","./node_modules/vite/types/hot.d.ts","./node_modules/vite/types/importGlob.d.ts","./node_modules/vite/types/importMeta.d.ts","./node_modules/vite/client.d.ts","./src/vite-env.d.ts","./src/components/NavLink.tsx","./node_modules/@radix-ui/react-collapsible/dist/index.d.mts","./node_modules/@radix-ui/react-accordion/dist/index.d.mts","./src/components/ui/accordion.tsx","./node_modules/@radix-ui/react-focus-scope/dist/index.d.mts","./node_modules/@radix-ui/react-dialog/dist/index.d.mts","./node_modules/@radix-ui/react-alert-dialog/dist/index.d.mts","./node_modules/@radix-ui/react-slot/dist/index.d.mts","./src/components/ui/button.tsx","./src/components/ui/alert-dialog.tsx","./src/components/ui/alert.tsx","./node_modules/@radix-ui/react-aspect-ratio/dist/index.d.mts","./src/components/ui/aspect-ratio.tsx","./node_modules/@radix-ui/react-avatar/dist/index.d.mts","./src/components/ui/avatar.tsx","./src/components/ui/badge.tsx","./src/components/ui/breadcrumb.tsx","./node_modules/date-fns/locale/types.d.ts","./node_modules/date-fns/fp/types.d.ts","./node_modules/date-fns/types.d.ts","./node_modules/date-fns/add.d.ts","./node_modules/date-fns/addBusinessDays.d.ts","./node_modules/date-fns/addDays.d.ts","./node_modules/date-fns/addHours.d.ts","./node_modules/date-fns/addISOWeekYears.d.ts","./node_modules/date-fns/addMilliseconds.d.ts","./node_modules/date-fns/addMinutes.d.ts","./node_modules/date-fns/addMonths.d.ts","./node_modules/date-fns/addQuarters.d.ts","./node_modules/date-fns/addSeconds.d.ts","./node_modules/date-fns/addWeeks.d.ts","./node_modules/date-fns/addYears.d.ts","./node_modules/date-fns/areIntervalsOverlapping.d.ts","./node_modules/date-fns/clamp.d.ts","./node_modules/date-fns/closestIndexTo.d.ts","./node_modules/date-fns/closestTo.d.ts","./node_modules/date-fns/compareAsc.d.ts","./node_modules/date-fns/compareDesc.d.ts","./node_modules/date-fns/constructFrom.d.ts","./node_modules/date-fns/constructNow.d.ts","./node_modules/date-fns/daysToWeeks.d.ts","./node_modules/date-fns/differenceInBusinessDays.d.ts","./node_modules/date-fns/differenceInCalendarDays.d.ts","./node_modules/date-fns/differenceInCalendarISOWeekYears.d.ts","./node_modules/date-fns/differenceInCalendarISOWeeks.d.ts","./node_modules/date-fns/differenceInCalendarMonths.d.ts","./node_modules/date-fns/differenceInCalendarQuarters.d.ts","./node_modules/date-fns/differenceInCalendarWeeks.d.ts","./node_modules/date-fns/differenceInCalendarYears.d.ts","./node_modules/date-fns/differenceInDays.d.ts","./node_modules/date-fns/differenceInHours.d.ts","./node_modules/date-fns/differenceInISOWeekYears.d.ts","./node_modules/date-fns/differenceInMilliseconds.d.ts","./node_modules/date-fns/differenceInMinutes.d.ts","./node_modules/date-fns/differenceInMonths.d.ts","./node_modules/date-fns/differenceInQuarters.d.ts","./node_modules/date-fns/differenceInSeconds.d.ts","./node_modules/date-fns/differenceInWeeks.d.ts","./node_modules/date-fns/differenceInYears.d.ts","./node_modules/date-fns/eachDayOfInterval.d.ts","./node_modules/date-fns/eachHourOfInterval.d.ts","./node_modules/date-fns/eachMinuteOfInterval.d.ts","./node_modules/date-fns/eachMonthOfInterval.d.ts","./node_modules/date-fns/eachQuarterOfInterval.d.ts","./node_modules/date-fns/eachWeekOfInterval.d.ts","./node_modules/date-fns/eachWeekendOfInterval.d.ts","./node_modules/date-fns/eachWeekendOfMonth.d.ts","./node_modules/date-fns/eachWeekendOfYear.d.ts","./node_modules/date-fns/eachYearOfInterval.d.ts","./node_modules/date-fns/endOfDay.d.ts","./node_modules/date-fns/endOfDecade.d.ts","./node_modules/date-fns/endOfHour.d.ts","./node_modules/date-fns/endOfISOWeek.d.ts","./node_modules/date-fns/endOfISOWeekYear.d.ts","./node_modules/date-fns/endOfMinute.d.ts","./node_modules/date-fns/endOfMonth.d.ts","./node_modules/date-fns/endOfQuarter.d.ts","./node_modules/date-fns/endOfSecond.d.ts","./node_modules/date-fns/endOfToday.d.ts","./node_modules/date-fns/endOfTomorrow.d.ts","./node_modules/date-fns/endOfWeek.d.ts","./node_modules/date-fns/endOfYear.d.ts","./node_modules/date-fns/endOfYesterday.d.ts","./node_modules/date-fns/_lib/format/formatters.d.ts","./node_modules/date-fns/_lib/format/longFormatters.d.ts","./node_modules/date-fns/format.d.ts","./node_modules/date-fns/formatDistance.d.ts","./node_modules/date-fns/formatDistanceStrict.d.ts","./node_modules/date-fns/formatDistanceToNow.d.ts","./node_modules/date-fns/formatDistanceToNowStrict.d.ts","./node_modules/date-fns/formatDuration.d.ts","./node_modules/date-fns/formatISO.d.ts","./node_modules/date-fns/formatISO9075.d.ts","./node_modules/date-fns/formatISODuration.d.ts","./node_modules/date-fns/formatRFC3339.d.ts","./node_modules/date-fns/formatRFC7231.d.ts","./node_modules/date-fns/formatRelative.d.ts","./node_modules/date-fns/fromUnixTime.d.ts","./node_modules/date-fns/getDate.d.ts","./node_modules/date-fns/getDay.d.ts","./node_modules/date-fns/getDayOfYear.d.ts","./node_modules/date-fns/getDaysInMonth.d.ts","./node_modules/date-fns/getDaysInYear.d.ts","./node_modules/date-fns/getDecade.d.ts","./node_modules/date-fns/_lib/defaultOptions.d.ts","./node_modules/date-fns/getDefaultOptions.d.ts","./node_modules/date-fns/getHours.d.ts","./node_modules/date-fns/getISODay.d.ts","./node_modules/date-fns/getISOWeek.d.ts","./node_modules/date-fns/getISOWeekYear.d.ts","./node_modules/date-fns/getISOWeeksInYear.d.ts","./node_modules/date-fns/getMilliseconds.d.ts","./node_modules/date-fns/getMinutes.d.ts","./node_modules/date-fns/getMonth.d.ts","./node_modules/date-fns/getOverlappingDaysInIntervals.d.ts","./node_modules/date-fns/getQuarter.d.ts","./node_modules/date-fns/getSeconds.d.ts","./node_modules/date-fns/getTime.d.ts","./node_modules/date-fns/getUnixTime.d.ts","./node_modules/date-fns/getWeek.d.ts","./node_modules/date-fns/getWeekOfMonth.d.ts","./node_modules/date-fns/getWeekYear.d.ts","./node_modules/date-fns/getWeeksInMonth.d.ts","./node_modules/date-fns/getYear.d.ts","./node_modules/date-fns/hoursToMilliseconds.d.ts","./node_modules/date-fns/hoursToMinutes.d.ts","./node_modules/date-fns/hoursToSeconds.d.ts","./node_modules/date-fns/interval.d.ts","./node_modules/date-fns/intervalToDuration.d.ts","./node_modules/date-fns/intlFormat.d.ts","./node_modules/date-fns/intlFormatDistance.d.ts","./node_modules/date-fns/isAfter.d.ts","./node_modules/date-fns/isBefore.d.ts","./node_modules/date-fns/isDate.d.ts","./node_modules/date-fns/isEqual.d.ts","./node_modules/date-fns/isExists.d.ts","./node_modules/date-fns/isFirstDayOfMonth.d.ts","./node_modules/date-fns/isFriday.d.ts","./node_modules/date-fns/isFuture.d.ts","./node_modules/date-fns/isLastDayOfMonth.d.ts","./node_modules/date-fns/isLeapYear.d.ts","./node_modules/date-fns/isMatch.d.ts","./node_modules/date-fns/isMonday.d.ts","./node_modules/date-fns/isPast.d.ts","./node_modules/date-fns/isSameDay.d.ts","./node_modules/date-fns/isSameHour.d.ts","./node_modules/date-fns/isSameISOWeek.d.ts","./node_modules/date-fns/isSameISOWeekYear.d.ts","./node_modules/date-fns/isSameMinute.d.ts","./node_modules/date-fns/isSameMonth.d.ts","./node_modules/date-fns/isSameQuarter.d.ts","./node_modules/date-fns/isSameSecond.d.ts","./node_modules/date-fns/isSameWeek.d.ts","./node_modules/date-fns/isSameYear.d.ts","./node_modules/date-fns/isSaturday.d.ts","./node_modules/date-fns/isSunday.d.ts","./node_modules/date-fns/isThisHour.d.ts","./node_modules/date-fns/isThisISOWeek.d.ts","./node_modules/date-fns/isThisMinute.d.ts","./node_modules/date-fns/isThisMonth.d.ts","./node_modules/date-fns/isThisQuarter.d.ts","./node_modules/date-fns/isThisSecond.d.ts","./node_modules/date-fns/isThisWeek.d.ts","./node_modules/date-fns/isThisYear.d.ts","./node_modules/date-fns/isThursday.d.ts","./node_modules/date-fns/isToday.d.ts","./node_modules/date-fns/isTomorrow.d.ts","./node_modules/date-fns/isTuesday.d.ts","./node_modules/date-fns/isValid.d.ts","./node_modules/date-fns/isWednesday.d.ts","./node_modules/date-fns/isWeekend.d.ts","./node_modules/date-fns/isWithinInterval.d.ts","./node_modules/date-fns/isYesterday.d.ts","./node_modules/date-fns/lastDayOfDecade.d.ts","./node_modules/date-fns/lastDayOfISOWeek.d.ts","./node_modules/date-fns/lastDayOfISOWeekYear.d.ts","./node_modules/date-fns/lastDayOfMonth.d.ts","./node_modules/date-fns/lastDayOfQuarter.d.ts","./node_modules/date-fns/lastDayOfWeek.d.ts","./node_modules/date-fns/lastDayOfYear.d.ts","./node_modules/date-fns/_lib/format/lightFormatters.d.ts","./node_modules/date-fns/lightFormat.d.ts","./node_modules/date-fns/max.d.ts","./node_modules/date-fns/milliseconds.d.ts","./node_modules/date-fns/millisecondsToHours.d.ts","./node_modules/date-fns/millisecondsToMinutes.d.ts","./node_modules/date-fns/millisecondsToSeconds.d.ts","./node_modules/date-fns/min.d.ts","./node_modules/date-fns/minutesToHours.d.ts","./node_modules/date-fns/minutesToMilliseconds.d.ts","./node_modules/date-fns/minutesToSeconds.d.ts","./node_modules/date-fns/monthsToQuarters.d.ts","./node_modules/date-fns/monthsToYears.d.ts","./node_modules/date-fns/nextDay.d.ts","./node_modules/date-fns/nextFriday.d.ts","./node_modules/date-fns/nextMonday.d.ts","./node_modules/date-fns/nextSaturday.d.ts","./node_modules/date-fns/nextSunday.d.ts","./node_modules/date-fns/nextThursday.d.ts","./node_modules/date-fns/nextTuesday.d.ts","./node_modules/date-fns/nextWednesday.d.ts","./node_modules/date-fns/parse/_lib/types.d.ts","./node_modules/date-fns/parse/_lib/Setter.d.ts","./node_modules/date-fns/parse/_lib/Parser.d.ts","./node_modules/date-fns/parse/_lib/parsers.d.ts","./node_modules/date-fns/parse.d.ts","./node_modules/date-fns/parseISO.d.ts","./node_modules/date-fns/parseJSON.d.ts","./node_modules/date-fns/previousDay.d.ts","./node_modules/date-fns/previousFriday.d.ts","./node_modules/date-fns/previousMonday.d.ts","./node_modules/date-fns/previousSaturday.d.ts","./node_modules/date-fns/previousSunday.d.ts","./node_modules/date-fns/previousThursday.d.ts","./node_modules/date-fns/previousTuesday.d.ts","./node_modules/date-fns/previousWednesday.d.ts","./node_modules/date-fns/quartersToMonths.d.ts","./node_modules/date-fns/quartersToYears.d.ts","./node_modules/date-fns/roundToNearestHours.d.ts","./node_modules/date-fns/roundToNearestMinutes.d.ts","./node_modules/date-fns/secondsToHours.d.ts","./node_modules/date-fns/secondsToMilliseconds.d.ts","./node_modules/date-fns/secondsToMinutes.d.ts","./node_modules/date-fns/set.d.ts","./node_modules/date-fns/setDate.d.ts","./node_modules/date-fns/setDay.d.ts","./node_modules/date-fns/setDayOfYear.d.ts","./node_modules/date-fns/setDefaultOptions.d.ts","./node_modules/date-fns/setHours.d.ts","./node_modules/date-fns/setISODay.d.ts","./node_modules/date-fns/setISOWeek.d.ts","./node_modules/date-fns/setISOWeekYear.d.ts","./node_modules/date-fns/setMilliseconds.d.ts","./node_modules/date-fns/setMinutes.d.ts","./node_modules/date-fns/setMonth.d.ts","./node_modules/date-fns/setQuarter.d.ts","./node_modules/date-fns/setSeconds.d.ts","./node_modules/date-fns/setWeek.d.ts","./node_modules/date-fns/setWeekYear.d.ts","./node_modules/date-fns/setYear.d.ts","./node_modules/date-fns/startOfDay.d.ts","./node_modules/date-fns/startOfDecade.d.ts","./node_modules/date-fns/startOfHour.d.ts","./node_modules/date-fns/startOfISOWeek.d.ts","./node_modules/date-fns/startOfISOWeekYear.d.ts","./node_modules/date-fns/startOfMinute.d.ts","./node_modules/date-fns/startOfMonth.d.ts","./node_modules/date-fns/startOfQuarter.d.ts","./node_modules/date-fns/startOfSecond.d.ts","./node_modules/date-fns/startOfToday.d.ts","./node_modules/date-fns/startOfTomorrow.d.ts","./node_modules/date-fns/startOfWeek.d.ts","./node_modules/date-fns/startOfWeekYear.d.ts","./node_modules/date-fns/startOfYear.d.ts","./node_modules/date-fns/startOfYesterday.d.ts","./node_modules/date-fns/sub.d.ts","./node_modules/date-fns/subBusinessDays.d.ts","./node_modules/date-fns/subDays.d.ts","./node_modules/date-fns/subHours.d.ts","./node_modules/date-fns/subISOWeekYears.d.ts","./node_modules/date-fns/subMilliseconds.d.ts","./node_modules/date-fns/subMinutes.d.ts","./node_modules/date-fns/subMonths.d.ts","./node_modules/date-fns/subQuarters.d.ts","./node_modules/date-fns/subSeconds.d.ts","./node_modules/date-fns/subWeeks.d.ts","./node_modules/date-fns/subYears.d.ts","./node_modules/date-fns/toDate.d.ts","./node_modules/date-fns/transpose.d.ts","./node_modules/date-fns/weeksToDays.d.ts","./node_modules/date-fns/yearsToDays.d.ts","./node_modules/date-fns/yearsToMonths.d.ts","./node_modules/date-fns/yearsToQuarters.d.ts","./node_modules/date-fns/index.d.mts","./node_modules/react-day-picker/dist/index.d.ts","./src/components/ui/calendar.tsx","./src/components/ui/card.tsx","./node_modules/embla-carousel/esm/components/Alignment.d.ts","./node_modules/embla-carousel/esm/components/NodeRects.d.ts","./node_modules/embla-carousel/esm/components/Axis.d.ts","./node_modules/embla-carousel/esm/components/SlidesToScroll.d.ts","./node_modules/embla-carousel/esm/components/Limit.d.ts","./node_modules/embla-carousel/esm/components/ScrollContain.d.ts","./node_modules/embla-carousel/esm/components/DragTracker.d.ts","./node_modules/embla-carousel/esm/components/utils.d.ts","./node_modules/embla-carousel/esm/components/Animations.d.ts","./node_modules/embla-carousel/esm/components/Counter.d.ts","./node_modules/embla-carousel/esm/components/EventHandler.d.ts","./node_modules/embla-carousel/esm/components/EventStore.d.ts","./node_modules/embla-carousel/esm/components/PercentOfView.d.ts","./node_modules/embla-carousel/esm/components/ResizeHandler.d.ts","./node_modules/embla-carousel/esm/components/Vector1d.d.ts","./node_modules/embla-carousel/esm/components/ScrollBody.d.ts","./node_modules/embla-carousel/esm/components/ScrollBounds.d.ts","./node_modules/embla-carousel/esm/components/ScrollLooper.d.ts","./node_modules/embla-carousel/esm/components/ScrollProgress.d.ts","./node_modules/embla-carousel/esm/components/SlideRegistry.d.ts","./node_modules/embla-carousel/esm/components/ScrollTarget.d.ts","./node_modules/embla-carousel/esm/components/ScrollTo.d.ts","./node_modules/embla-carousel/esm/components/SlideFocus.d.ts","./node_modules/embla-carousel/esm/components/Translate.d.ts","./node_modules/embla-carousel/esm/components/SlideLooper.d.ts","./node_modules/embla-carousel/esm/components/SlidesHandler.d.ts","./node_modules/embla-carousel/esm/components/SlidesInView.d.ts","./node_modules/embla-carousel/esm/components/Engine.d.ts","./node_modules/embla-carousel/esm/components/OptionsHandler.d.ts","./node_modules/embla-carousel/esm/components/Plugins.d.ts","./node_modules/embla-carousel/esm/components/EmblaCarousel.d.ts","./node_modules/embla-carousel/esm/components/DragHandler.d.ts","./node_modules/embla-carousel/esm/components/Options.d.ts","./node_modules/embla-carousel/esm/index.d.ts","./node_modules/embla-carousel-react/esm/components/useEmblaCarousel.d.ts","./node_modules/embla-carousel-react/esm/index.d.ts","./src/components/ui/carousel.tsx","./node_modules/recharts/types/container/Surface.d.ts","./node_modules/recharts/types/container/Layer.d.ts","./node_modules/@types/d3-time/index.d.ts","./node_modules/@types/d3-scale/index.d.ts","./node_modules/victory-vendor/d3-scale.d.ts","./node_modules/recharts/types/cartesian/XAxis.d.ts","./node_modules/recharts/types/cartesian/YAxis.d.ts","./node_modules/recharts/types/util/types.d.ts","./node_modules/recharts/types/component/DefaultLegendContent.d.ts","./node_modules/recharts/types/util/payload/getUniqPayload.d.ts","./node_modules/recharts/types/component/Legend.d.ts","./node_modules/recharts/types/component/DefaultTooltipContent.d.ts","./node_modules/recharts/types/component/Tooltip.d.ts","./node_modules/recharts/types/component/ResponsiveContainer.d.ts","./node_modules/recharts/types/component/Cell.d.ts","./node_modules/recharts/types/component/Text.d.ts","./node_modules/recharts/types/component/Label.d.ts","./node_modules/recharts/types/component/LabelList.d.ts","./node_modules/recharts/types/component/Customized.d.ts","./node_modules/recharts/types/shape/Sector.d.ts","./node_modules/@types/d3-path/index.d.ts","./node_modules/@types/d3-shape/index.d.ts","./node_modules/victory-vendor/d3-shape.d.ts","./node_modules/recharts/types/shape/Curve.d.ts","./node_modules/recharts/types/shape/Rectangle.d.ts","./node_modules/recharts/types/shape/Polygon.d.ts","./node_modules/recharts/types/shape/Dot.d.ts","./node_modules/recharts/types/shape/Cross.d.ts","./node_modules/recharts/types/shape/Symbols.d.ts","./node_modules/recharts/types/polar/PolarGrid.d.ts","./node_modules/recharts/types/polar/PolarRadiusAxis.d.ts","./node_modules/recharts/types/polar/PolarAngleAxis.d.ts","./node_modules/recharts/types/polar/Pie.d.ts","./node_modules/recharts/types/polar/Radar.d.ts","./node_modules/recharts/types/polar/RadialBar.d.ts","./node_modules/recharts/types/cartesian/Brush.d.ts","./node_modules/recharts/types/util/IfOverflowMatches.d.ts","./node_modules/recharts/types/cartesian/ReferenceLine.d.ts","./node_modules/recharts/types/cartesian/ReferenceDot.d.ts","./node_modules/recharts/types/cartesian/ReferenceArea.d.ts","./node_modules/recharts/types/cartesian/CartesianAxis.d.ts","./node_modules/recharts/types/cartesian/CartesianGrid.d.ts","./node_modules/recharts/types/cartesian/Line.d.ts","./node_modules/recharts/types/cartesian/Area.d.ts","./node_modules/recharts/types/util/BarUtils.d.ts","./node_modules/recharts/types/cartesian/Bar.d.ts","./node_modules/recharts/types/cartesian/ZAxis.d.ts","./node_modules/recharts/types/cartesian/ErrorBar.d.ts","./node_modules/recharts/types/cartesian/Scatter.d.ts","./node_modules/recharts/types/util/getLegendProps.d.ts","./node_modules/recharts/types/util/ChartUtils.d.ts","./node_modules/recharts/types/chart/AccessibilityManager.d.ts","./node_modules/recharts/types/chart/types.d.ts","./node_modules/recharts/types/chart/generateCategoricalChart.d.ts","./node_modules/recharts/types/chart/LineChart.d.ts","./node_modules/recharts/types/chart/BarChart.d.ts","./node_modules/recharts/types/chart/PieChart.d.ts","./node_modules/recharts/types/chart/Treemap.d.ts","./node_modules/recharts/types/chart/Sankey.d.ts","./node_modules/recharts/types/chart/RadarChart.d.ts","./node_modules/recharts/types/chart/ScatterChart.d.ts","./node_modules/recharts/types/chart/AreaChart.d.ts","./node_modules/recharts/types/chart/RadialBarChart.d.ts","./node_modules/recharts/types/chart/ComposedChart.d.ts","./node_modules/recharts/types/chart/SunburstChart.d.ts","./node_modules/recharts/types/shape/Trapezoid.d.ts","./node_modules/recharts/types/numberAxis/Funnel.d.ts","./node_modules/recharts/types/chart/FunnelChart.d.ts","./node_modules/recharts/types/util/Global.d.ts","./node_modules/recharts/types/index.d.ts","./src/components/ui/chart.tsx","./node_modules/@radix-ui/react-checkbox/dist/index.d.mts","./src/components/ui/checkbox.tsx","./src/components/ui/collapsible.tsx","./node_modules/cmdk/dist/index.d.ts","./src/components/ui/dialog.tsx","./src/components/ui/command.tsx","./node_modules/@radix-ui/react-roving-focus/dist/index.d.mts","./node_modules/@radix-ui/react-menu/dist/index.d.mts","./node_modules/@radix-ui/react-context-menu/dist/index.d.mts","./src/components/ui/context-menu.tsx","./node_modules/vaul/dist/index.d.mts","./src/components/ui/drawer.tsx","./node_modules/@radix-ui/react-dropdown-menu/dist/index.d.mts","./src/components/ui/dropdown-menu.tsx","./node_modules/@radix-ui/react-label/dist/index.d.mts","./node_modules/react-hook-form/dist/constants.d.ts","./node_modules/react-hook-form/dist/utils/createSubject.d.ts","./node_modules/react-hook-form/dist/types/events.d.ts","./node_modules/react-hook-form/dist/types/path/common.d.ts","./node_modules/react-hook-form/dist/types/path/eager.d.ts","./node_modules/react-hook-form/dist/types/path/index.d.ts","./node_modules/react-hook-form/dist/types/fieldArray.d.ts","./node_modules/react-hook-form/dist/types/resolvers.d.ts","./node_modules/react-hook-form/dist/types/form.d.ts","./node_modules/react-hook-form/dist/types/utils.d.ts","./node_modules/react-hook-form/dist/types/fields.d.ts","./node_modules/react-hook-form/dist/types/errors.d.ts","./node_modules/react-hook-form/dist/types/validator.d.ts","./node_modules/react-hook-form/dist/types/controller.d.ts","./node_modules/react-hook-form/dist/types/index.d.ts","./node_modules/react-hook-form/dist/controller.d.ts","./node_modules/react-hook-form/dist/form.d.ts","./node_modules/react-hook-form/dist/logic/appendErrors.d.ts","./node_modules/react-hook-form/dist/logic/createFormControl.d.ts","./node_modules/react-hook-form/dist/logic/index.d.ts","./node_modules/react-hook-form/dist/useController.d.ts","./node_modules/react-hook-form/dist/useFieldArray.d.ts","./node_modules/react-hook-form/dist/useForm.d.ts","./node_modules/react-hook-form/dist/useFormContext.d.ts","./node_modules/react-hook-form/dist/useFormState.d.ts","./node_modules/react-hook-form/dist/useWatch.d.ts","./node_modules/react-hook-form/dist/utils/get.d.ts","./node_modules/react-hook-form/dist/utils/set.d.ts","./node_modules/react-hook-form/dist/utils/index.d.ts","./node_modules/react-hook-form/dist/index.d.ts","./src/components/ui/label.tsx","./src/components/ui/form.tsx","./node_modules/@radix-ui/react-hover-card/dist/index.d.mts","./src/components/ui/hover-card.tsx","./node_modules/input-otp/dist/index.d.ts","./src/components/ui/input-otp.tsx","./src/components/ui/input.tsx","./node_modules/@radix-ui/react-menubar/dist/index.d.mts","./src/components/ui/menubar.tsx","./node_modules/@radix-ui/react-visually-hidden/dist/index.d.mts","./node_modules/@radix-ui/react-navigation-menu/dist/index.d.mts","./src/components/ui/navigation-menu.tsx","./src/components/ui/pagination.tsx","./node_modules/@radix-ui/react-popover/dist/index.d.mts","./src/components/ui/popover.tsx","./node_modules/@radix-ui/react-progress/dist/index.d.mts","./src/components/ui/progress.tsx","./node_modules/@radix-ui/react-radio-group/dist/index.d.mts","./src/components/ui/radio-group.tsx","./node_modules/react-resizable-panels/dist/declarations/src/Panel.d.ts","./node_modules/react-resizable-panels/dist/declarations/src/types.d.ts","./node_modules/react-resizable-panels/dist/declarations/src/PanelGroup.d.ts","./node_modules/react-resizable-panels/dist/declarations/src/PanelResizeHandleRegistry.d.ts","./node_modules/react-resizable-panels/dist/declarations/src/PanelResizeHandle.d.ts","./node_modules/react-resizable-panels/dist/declarations/src/constants.d.ts","./node_modules/react-resizable-panels/dist/declarations/src/utils/assert.d.ts","./node_modules/react-resizable-panels/dist/declarations/src/utils/csp.d.ts","./node_modules/react-resizable-panels/dist/declarations/src/utils/cursor.d.ts","./node_modules/react-resizable-panels/dist/declarations/src/utils/dom/getPanelElement.d.ts","./node_modules/react-resizable-panels/dist/declarations/src/utils/dom/getPanelElementsForGroup.d.ts","./node_modules/react-resizable-panels/dist/declarations/src/utils/dom/getPanelGroupElement.d.ts","./node_modules/react-resizable-panels/dist/declarations/src/utils/dom/getResizeHandleElement.d.ts","./node_modules/react-resizable-panels/dist/declarations/src/utils/dom/getResizeHandleElementIndex.d.ts","./node_modules/react-resizable-panels/dist/declarations/src/utils/dom/getResizeHandleElementsForGroup.d.ts","./node_modules/react-resizable-panels/dist/declarations/src/utils/dom/getResizeHandlePanelIds.d.ts","./node_modules/react-resizable-panels/dist/declarations/src/utils/rects/types.d.ts","./node_modules/react-resizable-panels/dist/declarations/src/utils/rects/getIntersectingRectangle.d.ts","./node_modules/react-resizable-panels/dist/declarations/src/utils/rects/intersects.d.ts","./node_modules/react-resizable-panels/dist/declarations/src/index.d.ts","./node_modules/react-resizable-panels/dist/react-resizable-panels.cjs.d.mts","./src/components/ui/resizable.tsx","./node_modules/@radix-ui/react-scroll-area/dist/index.d.mts","./src/components/ui/scroll-area.tsx","./node_modules/@radix-ui/react-select/dist/index.d.mts","./src/components/ui/select.tsx","./node_modules/@radix-ui/react-separator/dist/index.d.mts","./src/components/ui/separator.tsx","./src/components/ui/sheet.tsx","./src/hooks/use-mobile.tsx","./src/components/ui/skeleton.tsx","./src/components/ui/sidebar.tsx","./node_modules/@radix-ui/react-slider/dist/index.d.mts","./src/components/ui/slider.tsx","./node_modules/@radix-ui/react-switch/dist/index.d.mts","./src/components/ui/switch.tsx","./src/components/ui/table.tsx","./node_modules/@radix-ui/react-tabs/dist/index.d.mts","./src/components/ui/tabs.tsx","./src/components/ui/textarea.tsx","./node_modules/@radix-ui/react-toggle/dist/index.d.mts","./node_modules/@radix-ui/react-toggle-group/dist/index.d.mts","./src/components/ui/toggle.tsx","./src/components/ui/toggle-group.tsx","./src/components/ui/use-toast.ts","./node_modules/@types/d3-array/index.d.ts","./node_modules/@types/d3-color/index.d.ts","./node_modules/@types/d3-ease/index.d.ts","./node_modules/@types/d3-interpolate/index.d.ts","./node_modules/@types/d3-timer/index.d.ts","./node_modules/@types/estree/index.d.ts","./node_modules/@types/json-schema/index.d.ts","./node_modules/@types/node/compatibility/disposable.d.ts","./node_modules/@types/node/compatibility/indexable.d.ts","./node_modules/@types/node/compatibility/iterators.d.ts","./node_modules/@types/node/compatibility/index.d.ts","./node_modules/@types/node/globals.typedarray.d.ts","./node_modules/@types/node/buffer.buffer.d.ts","./node_modules/undici-types/header.d.ts","./node_modules/undici-types/readable.d.ts","./node_modules/undici-types/file.d.ts","./node_modules/undici-types/fetch.d.ts","./node_modules/undici-types/formdata.d.ts","./node_modules/undici-types/connector.d.ts","./node_modules/undici-types/client.d.ts","./node_modules/undici-types/errors.d.ts","./node_modules/undici-types/dispatcher.d.ts","./node_modules/undici-types/global-dispatcher.d.ts","./node_modules/undici-types/global-origin.d.ts","./node_modules/undici-types/pool-stats.d.ts","./node_modules/undici-types/pool.d.ts","./node_modules/undici-types/handlers.d.ts","./node_modules/undici-types/balanced-pool.d.ts","./node_modules/undici-types/agent.d.ts","./node_modules/undici-types/mock-interceptor.d.ts","./node_modules/undici-types/mock-agent.d.ts","./node_modules/undici-types/mock-client.d.ts","./node_modules/undici-types/mock-pool.d.ts","./node_modules/undici-types/mock-errors.d.ts","./node_modules/undici-types/proxy-agent.d.ts","./node_modules/undici-types/env-http-proxy-agent.d.ts","./node_modules/undici-types/retry-handler.d.ts","./node_modules/undici-types/retry-agent.d.ts","./node_modules/undici-types/api.d.ts","./node_modules/undici-types/interceptors.d.ts","./node_modules/undici-types/util.d.ts","./node_modules/undici-types/cookies.d.ts","./node_modules/undici-types/patch.d.ts","./node_modules/undici-types/websocket.d.ts","./node_modules/undici-types/eventsource.d.ts","./node_modules/undici-types/filereader.d.ts","./node_modules/undici-types/diagnostics-channel.d.ts","./node_modules/undici-types/content-type.d.ts","./node_modules/undici-types/cache.d.ts","./node_modules/undici-types/index.d.ts","./node_modules/@types/node/globals.d.ts","./node_modules/@types/node/assert.d.ts","./node_modules/@types/node/assert/strict.d.ts","./node_modules/@types/node/async_hooks.d.ts","./node_modules/@types/node/buffer.d.ts","./node_modules/@types/node/child_process.d.ts","./node_modules/@types/node/cluster.d.ts","./node_modules/@types/node/console.d.ts","./node_modules/@types/node/constants.d.ts","./node_modules/@types/node/crypto.d.ts","./node_modules/@types/node/dgram.d.ts","./node_modules/@types/node/diagnostics_channel.d.ts","./node_modules/@types/node/dns.d.ts","./node_modules/@types/node/dns/promises.d.ts","./node_modules/@types/node/domain.d.ts","./node_modules/@types/node/dom-events.d.ts","./node_modules/@types/node/events.d.ts","./node_modules/@types/node/fs.d.ts","./node_modules/@types/node/fs/promises.d.ts","./node_modules/@types/node/http.d.ts","./node_modules/@types/node/http2.d.ts","./node_modules/@types/node/https.d.ts","./node_modules/@types/node/inspector.d.ts","./node_modules/@types/node/module.d.ts","./node_modules/@types/node/net.d.ts","./node_modules/@types/node/os.d.ts","./node_modules/@types/node/path.d.ts","./node_modules/@types/node/perf_hooks.d.ts","./node_modules/@types/node/process.d.ts","./node_modules/@types/node/punycode.d.ts","./node_modules/@types/node/querystring.d.ts","./node_modules/@types/node/readline.d.ts","./node_modules/@types/node/readline/promises.d.ts","./node_modules/@types/node/repl.d.ts","./node_modules/@types/node/sea.d.ts","./node_modules/@types/node/sqlite.d.ts","./node_modules/@types/node/stream.d.ts","./node_modules/@types/node/stream/promises.d.ts","./node_modules/@types/node/stream/consumers.d.ts","./node_modules/@types/node/stream/web.d.ts","./node_modules/@types/node/string_decoder.d.ts","./node_modules/@types/node/test.d.ts","./node_modules/@types/node/timers.d.ts","./node_modules/@types/node/timers/promises.d.ts","./node_modules/@types/node/tls.d.ts","./node_modules/@types/node/trace_events.d.ts","./node_modules/@types/node/tty.d.ts","./node_modules/@types/node/url.d.ts","./node_modules/@types/node/util.d.ts","./node_modules/@types/node/v8.d.ts","./node_modules/@types/node/vm.d.ts","./node_modules/@types/node/wasi.d.ts","./node_modules/@types/node/worker_threads.d.ts","./node_modules/@types/node/zlib.d.ts","./node_modules/@types/node/index.d.ts","./node_modules/@types/react-dom/index.d.ts"],"fileInfos":[{"version":"71cf8049ea8d435bcdf47408dac2525c","affectsGlobalScope":true,"impliedNodeFormat":99},{"version":"24660545bd04f64286946ca58f9461fc","impliedNodeFormat":99},{"version":"006807822602069b83b496ad7e25e6ca","impliedNodeFormat":99},{"version":"4d9b146f28d6be2c3542b08b595febfe","impliedNodeFormat":99},{"version":"455ea9b314b4d327c535fb65bd954959","impliedNodeFormat":99},{"version":"c079fccc6ede08aa4f8ca702c3ba328e","impliedNodeFormat":99},{"version":"c349310240662575d10e855fb8cff0b9","impliedNodeFormat":99},{"version":"9cf691967d2e0b0210f5864fdf1ad87a","affectsGlobalScope":true,"impliedNodeFormat":99},{"version":"8485851ca9672f7054ee1193bc9229b5","affectsGlobalScope":true,"impliedNodeFormat":99},{"version":"751a26973b059fed1d0ecc4b02a0aa43","affectsGlobalScope":true,"impliedNodeFormat":99},{"version":"be28f9bf546cb528601aaa04d7034fc8","affectsGlobalScope":true,"impliedNodeFormat":99},{"version":"3bc4e9a53ee556f3dc15abc1179278dd","affectsGlobalScope":true,"impliedNodeFormat":99},{"version":"2c63fa39e2cdd849306f21679fdac8b1","affectsGlobalScope":true,"impliedNodeFormat":99},{"version":"e1a9f024b1a69565194afcdb4b57ef1d","affectsGlobalScope":true,"impliedNodeFormat":99},{"version":"9fa1fffd5b2b67d8d8c33e295cb91a9f","affectsGlobalScope":true,"impliedNodeFormat":99},{"version":"4d8ab857b044eaa0661bd0aebebc038b","affectsGlobalScope":true,"impliedNodeFormat":99},{"version":"748df784ad0b12a20c5f5ce011418c3c","affectsGlobalScope":true,"impliedNodeFormat":99},{"version":"1f3a8dca322a95bc3ffc20a28e72893a","affectsGlobalScope":true,"impliedNodeFormat":99},{"version":"d901677b09e934598f913e2c05f827b0","affectsGlobalScope":true,"impliedNodeFormat":99},{"version":"ab7a40e3c7854c54c6f329376cf3f9b6","affectsGlobalScope":true,"impliedNodeFormat":99},{"version":"00ece0060faf280c5873f3cfe62d7d19","affectsGlobalScope":true,"impliedNodeFormat":99},{"version":"cf5a418e3fbdb27a784c5fc37be6797a","affectsGlobalScope":true,"impliedNodeFormat":99},{"version":"a73a6f599fda19ffee929d4386bab691","affectsGlobalScope":true,"impliedNodeFormat":99},{"version":"14475f4288b8cf4a098c2806834a1c0b","affectsGlobalScope":true,"impliedNodeFormat":99},{"version":"fbae9331a88fa1a8a336fe90253cbbc7","affectsGlobalScope":true,"impliedNodeFormat":99},{"version":"d4124f01474cfa693099d8be321979e4","affectsGlobalScope":true,"impliedNodeFormat":99},{"version":"e3e80cf65ee855fd4a5813ea19701f93","affectsGlobalScope":true,"impliedNodeFormat":99},{"version":"cd8650f4caf8166f19fd93217907da21","affectsGlobalScope":true,"impliedNodeFormat":99},{"version":"c39604220a24016cb90fe3094a6b4b56","affectsGlobalScope":true,"impliedNodeFormat":99},{"version":"2652c52b1c748791681ca0a4d751b09b","affectsGlobalScope":true,"impliedNodeFormat":99},{"version":"9540816cf2a3418a9254e43f1055e767","affectsGlobalScope":true,"impliedNodeFormat":99},{"version":"f9616d828e6afe0f8146e9ac3b33fa59","affectsGlobalScope":true,"impliedNodeFormat":99},{"version":"4f00a6f131995907fe9b0faf4dbabc18","affectsGlobalScope":true,"impliedNodeFormat":99},{"version":"47f85dd672027fda65064cbfee6b2d71","affectsGlobalScope":true,"impliedNodeFormat":99},{"version":"8adddec358b9acfa3d65fd4d2013ac84","affectsGlobalScope":true,"impliedNodeFormat":99},{"version":"8170fe225cf3b8b74c06f1fe8913924f","affectsGlobalScope":true,"impliedNodeFormat":99},{"version":"c9dbd0e301b2bd8fc6d5dcb75dc61ec4","affectsGlobalScope":true,"impliedNodeFormat":99},{"version":"3a64170086e7ddb980f07478f95f7c49","affectsGlobalScope":true,"impliedNodeFormat":99},{"version":"a804e69080dc542b8de4079fdde7ebef","affectsGlobalScope":true,"impliedNodeFormat":99},{"version":"783d6e41b4c30cc983d131b2f413044a","affectsGlobalScope":true,"impliedNodeFormat":99},{"version":"11b11ae792c173835b03d064a0853462","affectsGlobalScope":true,"impliedNodeFormat":99},{"version":"4cdc220ae24b55dcc69d30252c36ce9d","affectsGlobalScope":true,"impliedNodeFormat":99},{"version":"36fd93eca51199e9dfee76d7dbbf2719","affectsGlobalScope":true,"impliedNodeFormat":99},{"version":"7fc46463d5c6871146e3aac105f21a2d","affectsGlobalScope":true,"impliedNodeFormat":99},{"version":"21ed16210f33f30f1e2df6dd5bc584d9","affectsGlobalScope":true,"impliedNodeFormat":99},{"version":"45c91c5f844a9ee1df11d1b71c484b0e","affectsGlobalScope":true,"impliedNodeFormat":99},{"version":"39e009135c77d60baa790854b51d2195","affectsGlobalScope":true,"impliedNodeFormat":99},{"version":"227e9b8001bb8366a6a64a4bf132ee1b","affectsGlobalScope":true,"impliedNodeFormat":1},"fdca13c9e1b0225fe2ea7411fc134684","83ce387bc14a652e4bb5770ea0d54fd8",{"version":"20a2f53cda1a6fc85e397e1bc2530b12","affectsGlobalScope":true,"impliedNodeFormat":1},"6cf9f954dfe35ddb7805fa637c7fa795",{"version":"151c0879ba4b0b702ae7ec951d898dc7","impliedNodeFormat":99},{"version":"1e65cf01f0d246e2f5f9cca07bd0bef5","impliedNodeFormat":99},{"version":"f25f1e34fef3fad8a0ea411a796b0102","impliedNodeFormat":99},{"version":"830dc6515232cf8b9e14a0e5c215641c","impliedNodeFormat":99},{"version":"263b4be26685f5fba0419dc81bb83583","impliedNodeFormat":99},"e18bc2cb7cd59c043b51769e6efa3ced","aec59b32ed0cd3e073ad36c0e36c09ce","65b9b6b82bfaede22abc1b1f33ba9d1c","3e11a6ed6c3756181654f992fdbd9e85","09808d1359d4b2b3b192a3a1ce961775","26f83bea8d7372ebb17802ce396a71a5","d4629d9c08fdb0681b87299a046e6629","b1e4a5db7ce1012011c90d9fceb5b7d2","1010c92eac606148f23ad09ba44a6923","2f27d778c7601ab43a5d21a7ef49d6b7","c8f5dd926eb11faa43e0024fa38e260e","fabd443897a354105dd18d94b2b5f8f7",{"version":"13b1620321c4ee94ad0ca6a0ac07540f","impliedNodeFormat":99},{"version":"637aee1b10e393c5bc3b6fefdb83abf1","impliedNodeFormat":99},{"version":"b6bbaa79649ceb3fbbb2b7b167671f68","impliedNodeFormat":99},{"version":"e9ae46903c290bd6fa0b28fae2f8c34a","impliedNodeFormat":99},{"version":"34eda22602b696b2bf5abe751f1e46a1","impliedNodeFormat":99},"32e58ddbf908181206408dd41198fee4",{"version":"221286093578616c1bf126f829618f48","impliedNodeFormat":99},{"version":"ffe74b8fb78b4146ede37b77ec387b19","impliedNodeFormat":99},{"version":"e39aab0e5be08b221ec97efd85c2facd","impliedNodeFormat":99},{"version":"918f7392ed5a15a08a77db720963649a","impliedNodeFormat":99},{"version":"1a2509b61d4a71d993bff168b33e0f8d","impliedNodeFormat":99},{"version":"e7ec2012e49c33285c8b26d96aa68866","impliedNodeFormat":99},{"version":"7dc12477ff21d9daa12f31ede2e47067","impliedNodeFormat":99},{"version":"d930be2ea89104aecb9dd30098f6b5e4","impliedNodeFormat":99},{"version":"bce1fee59a5a7909de32d72f57afa8b9","impliedNodeFormat":99},{"version":"c0089ffe5dce469bececb5c9351d0e96","impliedNodeFormat":99},{"version":"3b17e396dc9d51341248ea205367c04f","impliedNodeFormat":99},{"version":"4e6b100108db3391d57e8c2fc8c7a6b0","impliedNodeFormat":99},{"version":"2ba4d5900f5c49b9f961d586b71a44be","impliedNodeFormat":99},{"version":"1dc08a4664b21175b846b1fc25cf6e56","impliedNodeFormat":99},{"version":"070ab05ba00f67bebc8fb248fb697ee8","impliedNodeFormat":99},{"version":"b991a81d78856cfe923b722c3e9bb548","impliedNodeFormat":99},{"version":"81d0b165700330ae93e36d7dd5ef6ce6","impliedNodeFormat":99},{"version":"c6c1fc69e75da4132541d77823d801b9","impliedNodeFormat":99},{"version":"8ce87c0a13e2365d57d3547ad85e323c","impliedNodeFormat":99},{"version":"426f0cfc4f0cc4ec517eabcc4ba9422d","impliedNodeFormat":99},{"version":"bea587f580df88da5f0159092471432d","impliedNodeFormat":99},{"version":"df55791c1b61a00582c6f893da8e0a09","impliedNodeFormat":99},{"version":"13a2ad3ec349e4d31a5059688f4f872f","impliedNodeFormat":99},{"version":"4b809a69c3a47a0ca3ac284eeac50531","impliedNodeFormat":99},{"version":"2fa82f832b61d0111d355cc65d93f709","impliedNodeFormat":99},{"version":"fccf1b869ac794d1e2ff5e2698e68d72","impliedNodeFormat":99},{"version":"7245631d84b130a1cda0f9de79e46d9a","impliedNodeFormat":99},{"version":"8dc0a3efc6e98e56a24e4b2f20d709a6","impliedNodeFormat":99},{"version":"a4857d3685478bca09c60f78d9ffae5a","impliedNodeFormat":99},{"version":"7a30a26745957cec5227a2e1643953a1","impliedNodeFormat":99},"bf76a0707ef09ca69aff8201d2044228","e7c0bee759ed180ef5ab457e66706380","90c8307ca8fa01be9264c4580252418f","a50accdcfd48afddc2a82da228535334","91806dc8ced7f542616a972111d0da02","40e008d0e62f8309e6e14e352dd856a0","fd757ba70e3fc4a3bb932b0ea4214896","b27bb780064478d0f835af8ff50070a5","ab8b0f702def092860bb19827237f55e","231152c4daeec70840510d8ebf23c348",{"version":"fd8aacfff4b09e571cfcd761f0241415","affectsGlobalScope":true,"impliedNodeFormat":1},"d01fc6b8a5aebea5be8e5ddacfb77934",{"version":"981e98e625d5988bafbb3f2d85b32f93","affectsGlobalScope":true,"impliedNodeFormat":1},{"version":"0232f195d5f08e781e3ecf94a5c54419","affectsGlobalScope":true,"impliedNodeFormat":1},"771766ffc49c0b8226a8b21441df80f4",{"version":"287cfd4f0ca7f31776af665badfc1d7f","signature":"d82289e96a4773ac42ea36978e8e2109","impliedNodeFormat":1},{"version":"6fb62c187447b1fa7970d15b36c0ab41","signature":"8103d10e198463542f03f0f4e5a10beb","impliedNodeFormat":1},{"version":"ae34863d9a09e876ee83d4720abf5a7e","signature":"51e39191fbf81c0ba8846b57bd6aec3d","impliedNodeFormat":1},{"version":"9e949d0438f9d089d6a67a8f52a98815","signature":"c0db2391797ca48505acf70e81d16248","impliedNodeFormat":1},"3d8e3fee9f9cc18bd15427f35d06d28c","edf2dada98ad9339d5caa4a56e9e5023","afd4aff079724e2c03007b641f40c761","3ea7c54adc63f2dd93601056738fad50","c41dfa992327d5d9ac91f5ba67140a9f","bc40746db9f4f7844c2c87b3f766c2c2","057dd0248541710a8c55273d076f5ea8","c69df9466cdbac67af017c84c2535476",{"version":"76932602640307ead380510045ba7f35","affectsGlobalScope":true,"impliedNodeFormat":1},{"version":"ceb19bd0d7cfb1da1f37fdba7e09bf98","affectsGlobalScope":true,"impliedNodeFormat":99},"55df8bc3066b56c0d7293a43c4545f5e","609b1e97b9658b378959393921f6b992",{"version":"04c9a667fb06ae13485a7978c0302fc0","impliedNodeFormat":99},{"version":"a27fbb3bf84044b0c96d65e1e2e5bb69","impliedNodeFormat":99},"33204c396ca6aa77e179002e0b9c3c6b",{"version":"7c872349a7fb4ea61fe784eb1c6e054d","impliedNodeFormat":99},{"version":"7b16b7e305ab97a5e892705fca9165a8","impliedNodeFormat":99},{"version":"0b92e0aa0ab2960da2fcc08e6fcd240e","impliedNodeFormat":99},{"version":"ac7731ce5fc89e6bfe1ec037735f01dd","impliedNodeFormat":99},"3a8c2e885cbe68309ce61b5f2640a734","0a81b11a6799a6b40ff8976b2c32f38c","9d322696f3e07876e8f1404a75ae46a1",{"version":"b5b0e3fed8d44782dc24d1bd31e928e3","impliedNodeFormat":99},"05f2b6fca994df0d1373d66b639b8d4b",{"version":"5a990245d2750113d4d871ee66c6ba0b","impliedNodeFormat":99},"d7adfb1c7f4bbcb234602a21c52bd6b7","4b439f6ae9db0f094fbbbd7ed88dd317","09d27688c20cbf31382d7447ecc49c82","39bb92902f199e657f49bcf11b32fe9a","dea45407972e7f41f6bd06f8b92b3324","834583bae1892a40f72716160db5daae","dfe20b349f2df365b0fb94ea6c79b443","15fdaa84cf74c82106a63a3962aa2a16","f0881cab76f756c87502b7e8b90f5503","19758438b6a06b1546a4ded9bf2961bc","fbe46023ca17973e0f95a6e579ac2b6e","76b50e28e2dc070f0b822e675f8bf7f6","e77c0820a8d3d488a24342ec51c071b3","3ebb1ef73381e4dacf7bf4ce664d6e36","706da6ee784673f4c96cf012093e71c6","c01f149ef8bfc24454f90aeceac12596","6611258d8dc9df87f7890744552e665e","c7dcc8c463c416c2d74dba0323996f04","0dbefa6ba21664ddbc3634b5e4542346","d819f86b5b9c6c7fadba013eae2a7b46","a46578ffbde6b6486fedec34c26fe9c6","8d03f1861460399fc45e0de1614d12ed","76d3f86287227ca3302a50c033bab637","dea8cb53214dae3e983fd0327d305e29","05de8a5fc3e2cddaa635a1c83d044368","286a6a46b7450c3bdf75ae7f0b3295e4","a3e4940c74b4a5534b77d15e6b707517","e146b062ed5f290135ef06ac51bf610e","f3b36f1e9bd8b3db0aaa6f082b181d7d","1afb7f77751f9c75c9e9870759e18bbf","ff9cc0327c28d75d2ca4b4908bc6e0ff","6b833dbba722f74dbb88b7fedf098141","23d77573157d960e4bce4a0bd86bd0bf","96a5466ac21e3496cd70860850f5e506","283db4cf645b118287d7ba288781615b","dd7fd58745df2c95a28f2de4ce202d11","071afb585c220084119cf22c44b31c95","af90b39e0a99717ff98b6c3b4267483d","127e3ddd104f2fb08ec0f4f3fbe5d04a","6bd4744107a637e347cf0851ea54fbf1","c4cb4871636336661187793101f25fd5","647557c47ac82ee84d4f5067f603a975","3c8f1d756b7066f1bff6a47ca7426984","22010dac44be61147a8740ee17660501","43c52643bc38590f597d56db0aec5004","34752b5e6fdbd5d8109c604817958cf3","4d843168eff54a737b432696944ede12","f8568d28b0664220be5f88c4f06359f0","f1703f2a5baa6f4d61c23685b26c4650","bddf70e90114741ab1608b9c55a84496","28e2eb449a78340794f59565893b0dbd","b461d51da2329daa987dc025cc0bf869","4c0d4fad5a4db3c16233ce174e04fa2d","d4c3037fd40288b5ad3a411c4c941765","8d30e98efc37c20307e9a3a173983b21","fb79a3092a2a131f40d7356db92e14d7","aea29dbb8c21fd37e7de6442a5925bd8","d79decbb3afc46384480e8d0f3afdd15","bf7c22e45695d8d37edaa043bbd30598","3a722c8cbc80fcf8316e67fe8e57c1f0","37bc954aea7f89fde917cc649d0cc603","cf209de516a8ff30ac331b6d88f89e2d","c040493d4f4abb2e912736b9efcccb47","c411a15af3e3b1df9aad1d39200ba063","84bd34e077628bd28d4f0f484385a1ef","4e675c831128d1a0a04b5795388475b0","4a56d1734fc44c9da224c4f982e2fc56","8bc3b58ba936689b21b89c005b503be0","7bb405662d4ba0043ccc7bd25476e9d0","72dce66afd0e123f3e04b86e23024dbd","12e627c8831e969dbca900c42e2e67fe","2a86207f95a13de714ccceee0440e32a","0d346b53c6535411ef90cc589d352b9e","d3dba2a605e572b19c51bcb13c147088","ed9ca0b540551b16b2d977a112be903b","95df518e42d3d2429adc7c7adb4ab362","5043a34226bbc076879aec9d1b28ade1","a9a20f5414c94100861cf80679466ed6","4b1058e782cf290efe6ababe532c2e9b","045b2973af51fe3446d99f838cfa815d","2b8b3d58db1532ddf9a964b295097f77","f26b9d6d0cf306f0f5e3282eb4784c5f","d9ec30524dd42ae95c01ad9a848afd76","c27f15973572b9a02e600109d6d5cb9e","1a6a07953f9faad91ff2c0b49278287c","3dbb4f7f8a0791867a3c0fabea7f070a","bbd111a9c344b692fb8d9ece0af8a875","b1d4fe7dc747ad1116131e10bffa6a78","06daa3602c9b018232b04e1cbaf2a658","17b3c6109ad721113d4c267ea4cbbc93","20ee10ff645c052c7ad1c2c3bde5893b","8e0551430310683bc3b44412ec770394","4efac12997465fb0fe3c27f2fbea7691","b4574f93988e9077ce41997f83680d81","9c3dcaede85973fa214824738e1ce9d7","e0d0f35e261791e69fd4e32f1af4f9a5","459c11c925d1f8a51c3437707b663c85","fb2d8a1a3cb1045f52624b1ac62a8f31","5e006ca2bf0cea3f67e7095c080c6607","ceedd67eb7ca5ea472f1a8939df72a8a","687711e7c8dd8158e239f4cd87d2f8e3","7f83d598210c22d60c41bdfd5bcad632","964659dc6523fba74c15bb33ce9db59a","8ff0e1494bb27a7a981c79a717e8e011","cc7d37c3f602825d9a34b8ce9b92752f","6d958447d2a03a947c9720fea1dd5bf5","2832e85830b8b772822161d14cc56a17","f0d0b08eb87e0e38eac7f37395ee5708","cb8dbd8f688623a6aaa3da390e2d7770","b4412df4d7852f4d1f6771f21765cb07","8a3493ceaeb4330665b41ac562013786","282322cd20cc035b27f26eabfd128a6f","f15e5220dded0e9176116c9df9e033c6","12a950039fed9ed9ab552b6324ce4e6b","dbaaa8e8e72a43a2f1d1415f9bd8d254","2721d130895663f458fbfc0c421ad9ec","5a98f08bc74c943852564c2e2ba601dc","eff9eabbf22b5b94a1f22665ffcf678a","2ac3d437c2371d2ac0ab01e7e4f33671","c9837ce5f1e7a4b11159c4fb842db480","c847e88a286a558587b49dcea75db180","09eb9f6bd5b33b1fbb1ddb5c9498d556","f6f8da5764374e4596f21528c973a8ac","b9a7da96a416e322d48de0e6f4b6d9f6","1bd2211e666d43e145b92c04dfd9e8a6","d6d0fa90513eec079efe4e36233a0881","19bf250176c24391b12a2798f0a52000","8c06916c3733a124770a8880ec560352","71f7493611389c00c5f5c98aa17078d2","8d3d4702a0cc2155d3d25bc25c2bd11a","4f51fa22d886c21d86326ba98adb06a6","dce0dfaf21a25649f8e33a7a4d07b94c","ff35d0a17f4eeed40bf9693e554b0f72","73525db09e64c0f3b8bcbb6d9ea15e49","7b0ea94a4fcea0ea0f3831072edd3901","53d40984b3be3278f0071e5365c2a372","490b84a70068ce6f57cde568e3f13dee","2580ca36f292b4cf43d5651149e227ae","5b87111ace7dfa205427efc69f639efb","7485173648c603b4cbc072c19b2aa6ab","9f4992b8af84202f0b3fcddeb370a419","33069d3ad738ec76e495c36756b2ddea","415cc35c3a32612b69581f159925ba4b","d2bc91129368ab1e54666896685096ed","94fa3202ac213c3c322cb28c61b7251d","6615f0604715c67514cb92d14aea0f41","803bfcecb5cd6c321275318b8b8b7460","28714d82c844f5879baad253763d229b","298cfaff2f95d3a69186027d59058d1c","860404ebabea7f9de5fc9b102e02a63c","57c470e4ffac67e37e0cd903f872f220","318f19d9d58eacf70983a9b933aad00a","fd2fc61e9a2378036cf9326bc4f70524","8d516216dc61c894c1d95fd91ec0842f","bc1c63e388c29f4d5873815ff7e06c58","1d16ebe021236c098a1509152477de30","9dbce5c507e02f18ed1b6df42e103891","772bcc987abf20c033e77ff433ccb623","7112281e7dd8481ea5a57d819e346742","55115607a2c5ae1cc5de2a8c40b28e9d","f9c139f9604394f692b62f9aa1ed40c3","c6c89d2a509ab69ff5e63259e2109327","ae82f0626c1a92fc7e028621df0f8bfa","02f4791b5786df7c8173d0bb6f0ebf2b","8819175d8ac2b78f4106c644e0aae526","895f1e7d383dbb97eb93d5d5f4456c78","bd12c41031517b3bdeb0d6b6dc0a6597","b40a0e2cefe4831cb73dcf87ad75cf60","3bd9bf2a78ddbf547fdcb04663b5ec1d","16f8699c72a15ab090cffa8e7cd5a0a9","ceb4649465a5ebe83cc48bc1d20d8783","64e4f61e2be0375db46d278b715303d8","417346dd2ff866c200b38e353bd8f79a","3a120c41de86f6f6c6270e4201a7a2c7","77143ac0cc88df10debc91a04de30795","2988882803ae8e5ec2f19da51165f56b","6520e3562d96730f49f2178c2a8000be","0ad62e33726cb001b6cddae8fe9cfb9f","44805e89290b39106cc0064c75c0c1f1","4da6779df4ce39feedd5db407154883c","65fb30caa1bb9c3ddc201181da128ad7","9b3c44919a5f44acd9e3606875555947","2b9beeb5403d8eb2cf1de35b2b4492c7","c4be86303dbce217e44643d6aaa88df2","77b1b9ef481fd361a22d2565f31de5dc","41b7416b405b1656deaea4477e590685","670cb102e909b9f06f101bfbed6884ce","e57502733124795238456c7287e9cf11","2b4daf69e39dbb2232d74b104f4eb22c","3352531bcc886fb6d838cfa05c6e7b01","e106e9efd902480814f922f2086745cb","e80c73f493efd55d066a8dc1a1792044","6f5cc45dae13a7c6efb20bfc26e9da27","5db0c58d4eb00e8369da6231f41b6937","970af09da24517aae03bebfc684c6522","c3c91d0c2557072e6d1c4cde2cec9648","d8d11e27a0eb37174923a5d5dc1cdf0c","a094d8d1a4f3c0e78dcf566b8358730e","90f779593d429ce89603ab5f74f23c71","c1f25a071a8d7e3e586b43ed35402c5f","75cf9501bb837a0a14c299c1d3033696","16ca5939d131ce9fa180c0212a4c53e4","f00ac367ac508409832d909056a75011","bec2130fcf3b996e4a04ef9c090091d7","f53dc34b20bd8d880fbd82cbc37f233d","c78cfd22b584be8d17579d24ac416bfb","6405e20c2a03cb65e47804fe7267bf01","492196709c845b12f36ae745ebd0357d","980fe33d8313ea26b0a6abc68ea737c5","82b085e3998086ef91cda43c459aba33","09e6ae0bf828d97d47faddabbfb3519a","1f5100a8536cb9793e65d77c5a00337e","2ae778e870052a21a0413273587e4a93","d01758ad56a7e4b78b779f42df6b664b","2422182a79c04b4db6cc71df07727eaa","634121d61a54b532c33d2c1795e15c98","e0b7aeda9d5be2e186bad3ddd8979179","61975eaa25c98124df28de725b5f8a34","9f9629c9f82a85d9be916d8bcf356d54","0b00b527d84b426d51d46f5b67cee613","ebf6cbd4e5deb04b5a53200f7ac2e16f","4eca0ddf426933eadb127fd504ca92a9","0ccbb753e8df3caa3162e87ff756a2a2","311a24e2d13d55f6e54a9d2afffc9929","ca8641a18568b8017e7f2edcffd21aa2","98ff95892e849b2ee64d85dde9352bd9","b03921e201743860dc1758bd6f88026c","462a3c5d70269be3053261c80eb2ae24","9602331a621221c0a62ca825c1c0a7dd","e7eda23f638b8765439b055f0ffff824","b3bc0bd3be6b8f3081ac62623ef1fc6d","29f33a3bad1f2f46fcb07bf6d4178868","99ea0e9cf8257755e4939270b3fcdee1","644cfe9a416be8bfdc180a5ea9db0a58","2b3735b191e4d56840278c66a9534a7f","0b3b52e2c490aacc1bfca0d5f1f48bef","bd885a9c65eac1645a33dd410c56bc63","7f151ef43411f6f4ca587501c3452fc5","d1b5efe678a42cc81e4a7b15c12f5cfc","dfffdf0a2ef4fc844eb55742a5d16b8b","05276e72a408ca0139f57541e69606c1","05927913282056822b4eb66ac686a002","41fd2ce3b2674c95d71eced90afe2db3","c590d0098f8888e51d2d2c24a6fdf8fb","cbce2de92d621df9025c4074a5acbfcc","8ea5188d29f9f36d6e293919114c66af","e5dfd26f8189c4057fc1c209e305a11d","414234666931a21fc0832903f28e169b","b59cebe75f8438d79a792052aa2ea863","22348b19a948d370021c7b68ee08df72","fb84b0e51ded6c3f0da4891035888b4c","72ddb83172f3c68311f508b395b9b142","c6bf4c04d7ebd819fd4e9846877c1c08","cb264fd74a8901ae9868440400efab1b","181550bebdf6e1963b79a69e8bbd8ea5","fd5caced4442bfe95b83388c5a0b6013","febd794c8915e1e89393b4fce5baf090","415e119b48e03768bcc1ddd7c3e30124","fca1276710f971ea6b3e1b1e1d83ced8",{"version":"00d0a457be595470f50298403cdb214b","impliedNodeFormat":99},"9a4e9bfa020617d19d6ec7b46711d9d2","5714411e3f1ab81f27fe6597a3ebfcc4","3a458d05e7cd0f21d03f00a74561a4ec",{"version":"005de456b013bb2de73c926e1eb59cb5","impliedNodeFormat":99},{"version":"db91602fbaf4940cab52e43ceeb5dbb4","impliedNodeFormat":99},{"version":"17912b47173a6ed5afc4f8c95745fe62","impliedNodeFormat":99},{"version":"c2269ef63dc210672d4d22aa8e484182","impliedNodeFormat":99},{"version":"95585affc2946c597c9eda3ccddf917e","impliedNodeFormat":99},{"version":"e5ef846a94d0bb2065471f85416dbb5f","impliedNodeFormat":99},{"version":"ad1a1a205a8a70604a9f08d611de79b9","impliedNodeFormat":99},{"version":"99fa261602f053ff9268622e81fdfef0","impliedNodeFormat":99},{"version":"3b902c080fd5534ff0e9fc71574a2a44","impliedNodeFormat":99},{"version":"0feadca75b1db6079c258d0ccfca7040","impliedNodeFormat":99},{"version":"16e7e00154a2d2e47e5b63cd03e18f9f","impliedNodeFormat":99},{"version":"52e88f664b4297791b4937331af5bac3","impliedNodeFormat":99},{"version":"40d8b819008aa34ac08f57f40dd9ff6e","impliedNodeFormat":99},{"version":"cdf40cf3a9c146b026a05d26ed99b4f9","impliedNodeFormat":99},{"version":"385bb765966603070a553f02550210df","impliedNodeFormat":99},{"version":"707fd9becaa9bccb9633570b9546bb4c","impliedNodeFormat":99},{"version":"681948e6acadfee569deef851d8c4536","impliedNodeFormat":99},{"version":"86b3d51721267eb3c508442ac261a56c","impliedNodeFormat":99},{"version":"51a00240cb44e903ebb5caa871f8ab58","impliedNodeFormat":99},{"version":"4a7d05a11f8ef5fe0ea9b808bc0110a8","impliedNodeFormat":99},{"version":"7f06357a37ddee37e80a3cd865a2d639","impliedNodeFormat":99},{"version":"70e05d7b838ee443dc96f3ec171bc20a","impliedNodeFormat":99},{"version":"cf77dcecb3413add15526468d2b59842","impliedNodeFormat":99},{"version":"c686e722d900ed3148c28965423fd2d1","impliedNodeFormat":99},{"version":"9cfad2a2d30ae26b0cc681c8120e56d8","impliedNodeFormat":99},{"version":"72cce206be37a99f7e02f637d87b1964","impliedNodeFormat":99},{"version":"01f248ec69deb6fe34102b88175c8d1b","impliedNodeFormat":99},{"version":"53054e137dbe1fc87d55cd6a06b8cc10","impliedNodeFormat":99},{"version":"24b6e053e1927547db93c03e45e99e64","impliedNodeFormat":99},{"version":"b8849f4f0b0d50df7217ace7576ed8d2","impliedNodeFormat":99},{"version":"281bdf01ea0a6bd2a362ec25c30348ee","impliedNodeFormat":99},{"version":"9da79192c968be17f550336bc0a50bae","impliedNodeFormat":99},{"version":"5ba961d84e855adc92183948191a0d1b","impliedNodeFormat":99},{"version":"43415440e4ccf1bc04cf40b09366af7e","impliedNodeFormat":99},{"version":"14c8f667bfd09ddb391f039169b92628","impliedNodeFormat":99},{"version":"9340b8f5a2adf464855333f8a8277eab","impliedNodeFormat":99},"298a048c27a88a7552574a6c378f2e54","5ede306ffff31cfd8ab9e77b3c15410d","4abbdc4b36d17d1012245b1abd928bfe","fe89f9cb126aa3719c9f92667b715d3e","847d39f5db923887fa132d1f7504a296","da3fb97be1f44b0afbf3cb1d8e6f437a","49aa16673264f669c94eedb1d31b0d5a","735f795f891494ec0c4eba21d344c320","5bb0b955247798522ddad9e3965ea0f2","022d530868611b0c04e696e80c5a2698","b4128a913fcaab429aaf7874095d10a0","eb818ba80b0806f20accd951753e0063","b8ec147a8ff3cf7e1d7eadd7daca6210","60a0ae4443de90fafbbbac14970938c7","c45a608071f9d1c725da6a4e00aaf7a0","db516740ac7842c5ad44c9c6a657b73e","83e920beb42379d8125cbb553bc3e5a1","2bbd088de0f4bde28f134022438ce4e1","7a3636b50feb47748ae958a02d065889","9b346c202771be0d2650127568e15eab","3625964b8b997fb552bf473e0bf45ecc","5151824378f707ddfdb3e31b0bec4786",{"version":"cdbe9802ec40c9d4f5e986b85e87dc17","affectsGlobalScope":true,"impliedNodeFormat":1},"30916869d52d002ed48c8f673eefe4c1","a181dd3ad6a94e3cd07ef8e7a8388a06","025ae9c29d2aa6d9b5d67eadd88cc3a2","46e6ea5cc5762e54a3d1a52aa23e110a","96a5ff063da4e1f0f431054fffb17766","8e2fba21d8d63ebc3a4b0f9928700dfe","51f74c34d746aa710a58e636cc4c5a24","535dcee5c5361e30291098c7e3e38fb5","99f0cc62c55882fb7547e9c325ededac","ddbf7870591836849c708c79a2073610","d60ea913f9e2c2881c7c3657b4a69507","5fa141f9cf08bf696f53e7bf7d8f45b3","9f777fc9c22ebee77a10253a2546dd76","c23d2b071908a6603258fa08c6a534aa","847aa0d2fa28f221f1db7c1fca04bbeb","11f3d81eadfc03c1489ee9c9aacbf9ff","9d24f817e6ed58ee599e0520e27cf4e6","7037602ef783ec00df82217a8a79d1b4","6254499ca0163e5ab91b60e6a81b260f","a77a5ed60d916c4907ee737700a2490d","0cce2a9f40f889ff71ffab2ed84e271d","fd51f38237c3c3661ca3822a3ef97340","fb91f62e96388b86f4912dd7cd242125","61f9adec44f96a383e1e06821ac299f8","a84512249ef5ed028c42b208b70d7c53","a70ad7892ed24df5f0e33969cf44e460","6b525baff71529ac444b7ca1cb1b7322","9f43eb13f7ca8baa5bf744444aef9498","67bcbd7355f8d60d97ea3fd9aabe1a8b","947a3b474d5ddbfca8cc8d851ee01761","d6d6e688b501dd6994f7540b6734ab21","6da1fc6d05a1d067f35a55f8d87e9036","b79dc6afee3d2f6463af8ddf3ad9890e","93af9d06085891220e06fa611c06037f","f006b1dad8e940d7f9b9696fc1a275fc","d9e09ab64e804fcb9a757319dc95363f","7114f59ebe1654ccf7e7e2d3d911cad0","239e8d976a7c3081210b89737d08925b","ca22ba919ebb62981bb24bb3361693d8","9c09b177bab9858ca5f4610052a660a8","57c4da54d9a858b805f223c316e24ac7","e6676caa99d526156d1e0915ad09f55b","890e293ce1585cb3108144f20d02c28e","a7bd65e9fdb9b5a15ea9945a6b16f13c","1d07d8f0799d555d71aa899f39dbe3bf","9acb408f6fa80996d796f832a44682c6","89edf7fa91278b0286851d92a63720ef","f6b526acce79c1e84a93082e8190dded","d07f309c16a8e456ef917a8e0de77e22",{"version":"5ba7d4bd2bbf10cef1c0ead4aa019bf9","impliedNodeFormat":99},"c4f23d780e853f286800a9acbeec7b38","8abc5cbb57ae3a68bcdb914e2e4d4977","b7af1f9e9c3bdbf766b0161c98ffbfe4","4c9294514d491cf844c31126b7d9daf1","9b7df5d9fe9ab76d09b425be71cf0902",{"version":"ce21850b8ed5b7c802538d3e03db388b","impliedNodeFormat":99},{"version":"aa2011d6cf452532a7e5fea28f31ed69","impliedNodeFormat":99},{"version":"27e420dd0deb34446175a2798b5af56a","impliedNodeFormat":99},"b4ae344433986a48472169e22e788f14",{"version":"b1e288676e44c3d9747a0440fd4ccf39","impliedNodeFormat":99},"86e4277a5a371262d15294302b43665f",{"version":"bc90bdbaef298c676380acd82b0d2f6f","impliedNodeFormat":99},"17c29a4d215c2ffd8095ca0156f9015e",{"version":"5cc1bae6605590c1b386b3f488f25cf3","impliedNodeFormat":99},"54c3795b8aaebcaca235f39f2c58e8f7","41b7cfe334457127b2b03c845f26922b","1f87611fd9d17851b87d0f5f5185abd5","8324418019a7f1da7ef032e7d17baa83","bb9e7f76baad11a1ff897b82a875048e","6fb3d95726c5ef9bba10aead02269017","94a8ee24ec622d84f393cec48dc4fd7d","6ca76e538391700237075a4735ecd744","131a14bd52fc255b017e6fde8cb5a197","e18f34e659a168afb33b471dc40c5641","2338d3d1a2c1c42a7f22736f8f44d7a2","93bf3cae95092c820d7e827b790488fd","ffcd3ac38c1692a1898c0546dca37f4f","66fa0ee995bb171237ad0e697c570702","842fbe4444de202cde6dc29e654e855e","72c11602a341cf3cb73ba0490f263520","62a3f0c86dfc6f7016a7c665fae4eafb","bea7500000cd133dd3e031c5256a3346","a3eb82210ba1ed3e7d46dee905a08c0c","922609198d2f7e87da0be488b4fbd174","8389f10589d1516dadf1965f1fe5f84d","47b802f670151da9b03ae43335e23b7e","90cb0856ab064667f1cf1f19295ea77b","edb44dd2ad283aedc84ba4d067974752","9b1cca1242ccd5b1e53c8d395c29245c","a2376d62bca194361ab9574d347491c1","ad65ee9144c7c31e0b01175fa5585c72","e894d00dbe0a73233929ff203174873a","dfd58076896a63d798bb31402cb73f24","339b04a61e6176d6d775f0d86ef4c860","00acf40a4260e74478546dcef7be6834","7af745241871abe12c62150466ca77fe",{"version":"1cc76819f298a873e29e2562c3f4a838","impliedNodeFormat":99},"cdaf43d9b2e5f83ee6266137fa7f38d4","03282f2d2745b624e1766d2b1c61de93","2fd097b6963abafdec38a2f86cc4a62f","54ae4541419e82bf3f7f0002e38f185e",{"version":"2cbc3bf96a870ec6019eb7ea56ad8ed0","impliedNodeFormat":99},"3432a0fd5efc3455417d8c8e05d5b247",{"version":"567a88abfd1a1d3a07d70ed80a4942f1","impliedNodeFormat":99},{"version":"eeb197a689c094e8a4f6a50467d1dc16","impliedNodeFormat":99},"15107870f56baf59890a1640803ea465","5c865a0253ab1d12ad5f5ab0f4003c4f",{"version":"445dd3208964fa49c7ba5753659991a2","impliedNodeFormat":99},"eed2e2f0ecadfccd86d43af40588ebc2",{"version":"85f9f3379dd9d47d5e49e9d58d3f4c7d","impliedNodeFormat":99},"f0cfba4e0eaf4e0fcdb2f077afd54962",{"version":"22a62d89fd5b97bde52db27941d689b7","impliedNodeFormat":99},"1c17e30cfabae89b7f81526b751eecc8","8c8a642e601ec29fd41b61c4155cbc38","bbe8cf6a92c8b91832f024a3060706c5","f2e21b2c6ae9fa9e1381b1c16382280f","0e10dfbc22eae9a599e158bea0c32262","dfa3f5de4e59ae3c7a586927adc48d9a","e1be9bc2ff10827da0b20f72cb09b7f1","8709f241800e1608f43fe4926be37d11","186c74e4e4da539ff5a928ce50d3620e","930b385f513658398efcef23554dff71","88b3d7e800f6ded7073ef9145cf48317","953657ad67afaa231a6bbc353675a1c2","6e19a481f35422876c877ff280a86f80","22fe921c3f57478b21171d5cdf332283","159f6c9b65919f5740b1b33ec99efaa9","b8fe8a15eca48fcd5e5938abeeb586b2","8028a9f12b111602d5d401b4a2ed5c45","4ef78e2d01565c2fd053639c5de4b6d2","1ddb9bbcaeb41731ecb8bbfb5de76a9f","183abe096fe94f4d6c093d3000f1aad6","8864287453dd25a49288749a5b0688de",{"version":"b6bd7e23d7a4b324b0745ecac0b52433","impliedNodeFormat":99},"1e47a9eb7cf87dd5f69c9ef263e68d1d",{"version":"a701a855e117a8431822f859e8f2ed42","impliedNodeFormat":99},"33fa3d091e814e520422318df5ecd616",{"version":"b41038787fc2eaa924fedb20a36eca4b","impliedNodeFormat":99},"07d8544fadd6b9d3debfae1a26a29202",{"version":"ebba461e124b611c596648c78b29c16a","impliedNodeFormat":99},"becc1afe7056e159d07b0ff258b723af","263547c0f3962de4dfefbdb38073b38b","dfe5cba7ad62c08aa847b0b1a32c2d47","f42cf6badc5c0fd5f337762d9bef3f91","53c468c912b91cca24eecf6373c915ae",{"version":"d80864320f9dc918570820174b6f70d5","impliedNodeFormat":99},"a2026bf26d30f5f49e5571a60ee3f625",{"version":"4d49296db4927e4f22cbf6f892415d6d","impliedNodeFormat":99},"2bbaa7e719dd283a04d3c4212bb87861","522041aedd27f049cbba975f67f1134d",{"version":"827193ea6b94cff7d093d864d4738aea","impliedNodeFormat":99},"5671ea2e465d4a5b082aeac4328447cf","b2af6f4b87ce49f849f924338d99630f",{"version":"035cb2c818a43ff72ca54fde184b718d","impliedNodeFormat":99},{"version":"9defc359b0f95fd95a5d3920ad6ee897","impliedNodeFormat":99},"a348009db438d0ff425a80f636c87b46","1518c0e625325ca3e3e952ee3e8e4568","762b8985567fab8758ae467af041e23a","54475d975743595ac0c9c193ff90b44d","9ab5b4a18e12baa493c9fbdd71496f10","47760859353f290db4ec4e84f32a459f","cd07fc30e4bc989a49610f7c66a0f9a8","81de33ebc29f505cbb508380190230b0","5d671957ec914f30eff949de0a89bb8d","295c0cb8891e7424d3a27dc56dc1b430",{"version":"5fd84cb7055cb580f7698d4a32062548","affectsGlobalScope":true,"impliedNodeFormat":1},{"version":"913b52a39743d1c11984e4e124b1f3a8","affectsGlobalScope":true,"impliedNodeFormat":1},{"version":"3e57a4cd3267159f3772bebd73534451","affectsGlobalScope":true,"impliedNodeFormat":1},"fe51d7a9bcdbcce1e65bbcf39b212298",{"version":"60edda1b5f28f8e7d7a6fae700faef3c","affectsGlobalScope":true,"impliedNodeFormat":1},{"version":"ecdcb80604ca736ed275e4330a3acd50","affectsGlobalScope":true,"impliedNodeFormat":1},"628b774b54637325e286752c79c12432","bb1f9e3091b88e9d0e93b7198c736af3","514fd35e5eb35bb2e5cbb908af0a0aa2","ed57ae88565308729f2327f26d684976","dcd932d6b0038f2e250e30dc10125b22","9508c917bd7e458745e222a82dd24ef0","fabf86f455f96b90538cc26320ab2765","14550b4cd9f433e0addd8b6d67614d23","cf0ac6aebc25cb780674653aaeee688e","35fef7bac8048f583e4ce6eaa0c2a4c0","6752dc653fc7a333027249fd851fdb62","b9ad7e689b46dfba362c1bf174e69018","8b0a2930dfabdf27c69c6bb1eeabcdc8","4513b1ed15523d247040689f37fa9db2","5c0c499eed773a750903d9497beafacd","2377da227d1bac82ff7b3f2081ddf8d3","beef985b474fefeb80d27fb2c8778371","c79fc9d9f09ae598a374ae7c0b5284a4","f2caa3cebb1e6be855519004830a6be0","8ebc9f2a77c900e710801214c5cb994c","ec617a0e0577dd6a3210c3b067ecb325","1db5d06e485bd82d6d5f6e36925a8714","24b864518967840216c779b5e5f00975","8719cd8047700bfb6046798390053823","f2840afb502c94db92dab0fb8d27812f","a7e7d08b372210c203745d3eac61a411","531183cc80535e0e94226d720e5eb038","f627eb958ca52c85e42f04dce4661f86","9a43fc665bce9012a3d5fe1b574ff4dc","13f4b4da6546a34719fd6bde15fb63dd","a589216508844bfc00e62fc2d97fda45","865aea1c3209e31b076cb6fe780e769e","12e64aaf26af0f5c8f1b263dd66e3feb","928971ebbcdf5b093ef37669b33bddf6","b744265d8ad12b7d4d5c5dc35d18d44e","eff32168b8348b822afeed9cbf61afa7","9aafd1f29b4d8861c1c6c34bf83c0721",{"version":"814527021f6afe953fcb36ef7f2a0af7","affectsGlobalScope":true,"impliedNodeFormat":1},"f6fcdc4f3f8b43b4eda0d95b17b65f7d","7deced3ef46e082f97d49bb71622526a","f8c976cb12f3420b8cc8d03d579ada06",{"version":"38ac64ffbf3c3d55b209904202bb5296","affectsGlobalScope":true,"impliedNodeFormat":1},"cbae34574fe31d4a5ef3adee146fb6f5","2066e32c917596ee32bf42917ab050c9",{"version":"9fc8636e70e507ea8d98a7aabd265ee5","affectsGlobalScope":true,"impliedNodeFormat":1},"b2b472cd0bf0f8d5f022e00ca1c401f4",{"version":"a1bbb60dddfdb6ab1692bcbdb652cfb6","affectsGlobalScope":true,"impliedNodeFormat":1},"71d31d905c438c7a784cf53076c31bfb","368083bf07350d0955aaf442403bae9e","e87ecaa89ba60f1afc89dc6cdbf88949","5c5c7649711b5d982cf39fe9b6744080","958d9865bfe33c94973e3d58ac66b1d0",{"version":"cb0b77b9a8e6edb694cd6c637486ffef","affectsGlobalScope":true,"impliedNodeFormat":1},{"version":"f475d178fd9409f5f49a7dec2cf0834e","affectsGlobalScope":true,"impliedNodeFormat":1},"051d8553fb6c914c591a6674e3e3b8ad","458392a6ea151d7404585cb9ec7a33cf","90b979cc7f116b66956ec73d3f4d2687","6e4dca32cc65698c0a9637bf3217f848","a92b87ae39326c5d9ea9dff140121610","db7a5833bb46490b0087145f8a716bec",{"version":"de03e4eee2ad023d78cd8dbbb4e00085","affectsGlobalScope":true,"impliedNodeFormat":1},"8183c2dd99937f13a8c57c1270390d32","2500b39777a662899066e61fcf737a52","bdbbfddd2833453519a4c6864652469e",{"version":"536c2a5e6ccf45220da85ad4992f9cd5","affectsGlobalScope":true,"impliedNodeFormat":1},{"version":"d7f83f5e4587064452ba79173eeb307b","affectsGlobalScope":true,"impliedNodeFormat":1},"d1dfd59bf8b7e71f40ee1d3a2f1b5fcf","9292aa21e6668349e0642faa07be7750","8ccb81bc00ea59aa908d31dbe50bb31a","dd0c03e63afe38f86d61b2d54a9ad760","0548d84bf13d6b5d3ef34d9755610be1","e9adf16c2cd7aa8e5e0117603a04c226","83f890f3d9ec2bb1476d57761b8e97fd","efe14f23bf33236571a4d0d5177e48d8","c8206d568b54e5ea06131963eecd576a","141101b35aa85ab5ae3d1836f602d9c2",{"version":"2ed70491374f27b7d4ff5db624057a07","affectsGlobalScope":true,"impliedNodeFormat":1},"c2e6363d164e809228f71291dcc83add","d64f5ee437e1d638acaadedd71d7525a",{"version":"ea001113f32054398156e39095350f0a","affectsGlobalScope":true,"impliedNodeFormat":1},"7345aabef559e464447357f201cc05f8","3dadc65964b2cdb7268e6ded36f2bfa7","d63b35c1a5097295f0659f5583c8fb83","3509aa3de97926c2922f378a248ddb48",{"version":"e6099c385b8384a91dc4f1e601769a6f","affectsGlobalScope":true,"impliedNodeFormat":1},{"version":"2479ac25f87afa19e92f80accccd08f3","affectsGlobalScope":true,"impliedNodeFormat":1},"96607501f53964d0b5b18d4fbe34aee0","f277d9147e1f990364890d327fecb724","eb4ea93209a96f6f1a9c85b8d43816fb",{"version":"7f9824da17f78c6191556208c98102fb","affectsGlobalScope":true,"impliedNodeFormat":1},"68f890176ef501f8442469acfedc0414","a7106559a4309e79d396f27199eda706","08d3e1862ea40bb361967978dd7ea51d"],"fileIdsList":[[51,53,54,134,137,642,681,682,683,684,685,686,687,688,689,690,691,692,693,694,696,697,698,699,700,701,702,703,704,705,706,707,708,709,710,711,712,713,714,715,716,717,718,719,720,721,722,723,724,725,726,727,728,729,730,731,732,733],[51,53,134,141,642,681,682,683,684,685,686,687,688,689,690,691,692,693,694,696,697,698,699,700,701,702,703,704,705,706,707,708,709,710,711,712,713,714,715,716,717,718,719,720,721,722,723,724,725,726,727,728,729,730,731,732,733],[51,54,134,642,681,682,683,684,685,686,687,688,689,690,691,692,693,694,696,697,698,699,700,701,702,703,704,705,706,707,708,709,710,711,712,713,714,715,716,717,718,719,720,721,722,723,724,725,726,727,728,729,730,731,732,733],[51,53,54,134,642,681,682,683,684,685,686,687,688,689,690,691,692,693,694,696,697,698,699,700,701,702,703,704,705,706,707,708,709,710,711,712,713,714,715,716,717,718,719,720,721,722,723,724,725,726,727,728,729,730,731,732,733],[51,52,53,54,134,642,681,682,683,684,685,686,687,688,689,690,691,692,693,694,696,697,698,699,700,701,702,703,704,705,706,707,708,709,710,711,712,713,714,715,716,717,718,719,720,721,722,723,724,725,726,727,728,729,730,731,732,733],[51,53,54,134,528,642,681,682,683,684,685,686,687,688,689,690,691,692,693,694,696,697,698,699,700,701,702,703,704,705,706,707,708,709,710,711,712,713,714,715,716,717,718,719,720,721,722,723,724,725,726,727,728,729,730,731,732,733],[51,134,642,681,682,683,684,685,686,687,688,689,690,691,692,693,694,696,697,698,699,700,701,702,703,704,705,706,707,708,709,710,711,712,713,714,715,716,717,718,719,720,721,722,723,724,725,726,727,728,729,730,731,732,733],[51,53,54,55,73,134,140,642,681,682,683,684,685,686,687,688,689,690,691,692,693,694,696,697,698,699,700,701,702,703,704,705,706,707,708,709,710,711,712,713,714,715,716,717,718,719,720,721,722,723,724,725,726,727,728,729,730,731,732,733],[51,53,54,55,72,73,134,642,681,682,683,684,685,686,687,688,689,690,691,692,693,694,696,697,698,699,700,701,702,703,704,705,706,707,708,709,710,711,712,713,714,715,716,717,718,719,720,721,722,723,724,725,726,727,728,729,730,731,732,733],[51,53,54,55,72,73,134,140,527,642,681,682,683,684,685,686,687,688,689,690,691,692,693,694,696,697,698,699,700,701,702,703,704,705,706,707,708,709,710,711,712,713,714,715,716,717,718,719,720,721,722,723,724,725,726,727,728,729,730,731,732,733],[51,52,53,54,134,527,528,642,681,682,683,684,685,686,687,688,689,690,691,692,693,694,696,697,698,699,700,701,702,703,704,705,706,707,708,709,710,711,712,713,714,715,716,717,718,719,720,721,722,723,724,725,726,727,728,729,730,731,732,733],[51,53,54,55,134,575,642,681,682,683,684,685,686,687,688,689,690,691,692,693,694,696,697,698,699,700,701,702,703,704,705,706,707,708,709,710,711,712,713,714,715,716,717,718,719,720,721,722,723,724,725,726,727,728,729,730,731,732,733],[51,53,54,55,72,73,134,140,642,681,682,683,684,685,686,687,688,689,690,691,692,693,694,696,697,698,699,700,701,702,703,704,705,706,707,708,709,710,711,712,713,714,715,716,717,718,719,720,721,722,723,724,725,726,727,728,729,730,731,732,733],[51,53,54,70,71,134,642,681,682,683,684,685,686,687,688,689,690,691,692,693,694,696,697,698,699,700,701,702,703,704,705,706,707,708,709,710,711,712,713,714,715,716,717,718,719,720,721,722,723,724,725,726,727,728,729,730,731,732,733],[51,53,54,134,527,642,681,682,683,684,685,686,687,688,689,690,691,692,693,694,696,697,698,699,700,701,702,703,704,705,706,707,708,709,710,711,712,713,714,715,716,717,718,719,720,721,722,723,724,725,726,727,728,729,730,731,732,733],[51,53,54,55,134,642,681,682,683,684,685,686,687,688,689,690,691,692,693,694,696,697,698,699,700,701,702,703,704,705,706,707,708,709,710,711,712,713,714,715,716,717,718,719,720,721,722,723,724,725,726,727,728,729,730,731,732,733],[51,53,54,134,527,625,642,681,682,683,684,685,686,687,688,689,690,691,692,693,694,696,697,698,699,700,701,702,703,704,705,706,707,708,709,710,711,712,713,714,715,716,717,718,719,720,721,722,723,724,725,726,727,728,729,730,731,732,733],[134,642,681,682,683,684,685,686,687,688,689,690,691,692,693,694,696,697,698,699,700,701,702,703,704,705,706,707,708,709,710,711,712,713,714,715,716,717,718,719,720,721,722,723,724,725,726,727,728,729,730,731,732,733],[106,107,108,134,642,681,682,683,684,685,686,687,688,689,690,691,692,693,694,696,697,698,699,700,701,702,703,704,705,706,707,708,709,710,711,712,713,714,715,716,717,718,719,720,721,722,723,724,725,726,727,728,729,730,731,732,733],[106,107,134,642,681,682,683,684,685,686,687,688,689,690,691,692,693,694,696,697,698,699,700,701,702,703,704,705,706,707,708,709,710,711,712,713,714,715,716,717,718,719,720,721,722,723,724,725,726,727,728,729,730,731,732,733],[106,134,642,681,682,683,684,685,686,687,688,689,690,691,692,693,694,696,697,698,699,700,701,702,703,704,705,706,707,708,709,710,711,712,713,714,715,716,717,718,719,720,721,722,723,724,725,726,727,728,729,730,731,732,733],[77,134,642,681,682,683,684,685,686,687,688,689,690,691,692,693,694,696,697,698,699,700,701,702,703,704,705,706,707,708,709,710,711,712,713,714,715,716,717,718,719,720,721,722,723,724,725,726,727,728,729,730,731,732,733],[76,77,134,642,681,682,683,684,685,686,687,688,689,690,691,692,693,694,696,697,698,699,700,701,702,703,704,705,706,707,708,709,710,711,712,713,714,715,716,717,718,719,720,721,722,723,724,725,726,727,728,729,730,731,732,733],[76,77,78,79,80,81,82,83,84,134,642,681,682,683,684,685,686,687,688,689,690,691,692,693,694,696,697,698,699,700,701,702,703,704,705,706,707,708,709,710,711,712,713,714,715,716,717,718,719,720,721,722,723,724,725,726,727,728,729,730,731,732,733],[76,77,78,134,642,681,682,683,684,685,686,687,688,689,690,691,692,693,694,696,697,698,699,700,701,702,703,704,705,706,707,708,709,710,711,712,713,714,715,716,717,718,719,720,721,722,723,724,725,726,727,728,729,730,731,732,733],[51,85,134,642,681,682,683,684,685,686,687,688,689,690,691,692,693,694,696,697,698,699,700,701,702,703,704,705,706,707,708,709,710,711,712,713,714,715,716,717,718,719,720,721,722,723,724,725,726,727,728,729,730,731,732,733],[51,52,134,642,681,682,683,684,685,686,687,688,689,690,691,692,693,694,696,697,698,699,700,701,702,703,704,705,706,707,708,709,710,711,712,713,714,715,716,717,718,719,720,721,722,723,724,725,726,727,728,729,730,731,732,733],[51,52,85,86,87,88,89,90,91,92,93,94,95,96,97,98,99,100,101,102,103,104,134,642,681,682,683,684,685,686,687,688,689,690,691,692,693,694,696,697,698,699,700,701,702,703,704,705,706,707,708,709,710,711,712,713,714,715,716,717,718,719,720,721,722,723,724,725,726,727,728,729,730,731,732,733],[85,86,134,642,681,682,683,684,685,686,687,688,689,690,691,692,693,694,696,697,698,699,700,701,702,703,704,705,706,707,708,709,710,711,712,713,714,715,716,717,718,719,720,721,722,723,724,725,726,727,728,729,730,731,732,733],[85,134,642,681,682,683,684,685,686,687,688,689,690,691,692,693,694,696,697,698,699,700,701,702,703,704,705,706,707,708,709,710,711,712,713,714,715,716,717,718,719,720,721,722,723,724,725,726,727,728,729,730,731,732,733],[85,86,95,134,642,681,682,683,684,685,686,687,688,689,690,691,692,693,694,696,697,698,699,700,701,702,703,704,705,706,707,708,709,710,711,712,713,714,715,716,717,718,719,720,721,722,723,724,725,726,727,728,729,730,731,732,733],[85,86,88,134,642,681,682,683,684,685,686,687,688,689,690,691,692,693,694,696,697,698,699,700,701,702,703,704,705,706,707,708,709,710,711,712,713,714,715,716,717,718,719,720,721,722,723,724,725,726,727,728,729,730,731,732,733],[134,631,642,681,682,683,684,685,686,687,688,689,690,691,692,693,694,696,697,698,699,700,701,702,703,704,705,706,707,708,709,710,711,712,713,714,715,716,717,718,719,720,721,722,723,724,725,726,727,728,729,730,731,732,733],[134,452,642,681,682,683,684,685,686,687,688,689,690,691,692,693,694,696,697,698,699,700,701,702,703,704,705,706,707,708,709,710,711,712,713,714,715,716,717,718,719,720,721,722,723,724,725,726,727,728,729,730,731,732,733],[134,470,642,681,682,683,684,685,686,687,688,689,690,691,692,693,694,696,697,698,699,700,701,702,703,704,705,706,707,708,709,710,711,712,713,714,715,716,717,718,719,720,721,722,723,724,725,726,727,728,729,730,731,732,733],[134,642,682,683,684,685,686,687,688,689,690,691,692,693,694,696,697,698,699,700,701,702,703,704,705,706,707,708,709,710,711,712,713,714,715,716,717,718,719,720,721,722,723,724,725,726,727,728,729,730,731,732,733],[134,642,681,683,684,685,686,687,688,689,690,691,692,693,694,696,697,698,699,700,701,702,703,704,705,706,707,708,709,710,711,712,713,714,715,716,717,718,719,720,721,722,723,724,725,726,727,728,729,730,731,732,733],[134,642,681,682,684,685,686,687,688,689,690,691,692,693,694,696,697,698,699,700,701,702,703,704,705,706,707,708,709,710,711,712,713,714,715,716,717,718,719,720,721,722,723,724,725,726,727,728,729,730,731,732,733],[134,681,682,683,684,685,686,687,688,689,690,691,692,693,694,696,697,698,699,700,701,702,703,704,705,706,707,708,709,710,711,712,713,714,715,716,717,718,719,720,721,722,723,724,725,726,727,728,729,730,731,732,733],[134,642,681,682,683,685,686,687,688,689,690,691,692,693,694,696,697,698,699,700,701,702,703,704,705,706,707,708,709,710,711,712,713,714,715,716,717,718,719,720,721,722,723,724,725,726,727,728,729,730,731,732,733],[134,642,681,682,683,684,686,687,688,689,690,691,692,693,694,696,697,698,699,700,701,702,703,704,705,706,707,708,709,710,711,712,713,714,715,716,717,718,719,720,721,722,723,724,725,726,727,728,729,730,731,732,733],[134,642,681,682,683,684,685,687,688,689,690,691,692,693,694,696,697,698,699,700,701,702,703,704,705,706,707,708,709,710,711,712,713,714,715,716,717,718,719,720,721,722,723,724,725,726,727,728,729,730,731,732,733],[134,637,638,639,642,681,682,683,684,685,686,687,688,689,690,691,692,693,694,696,697,698,699,700,701,702,703,704,705,706,707,708,709,710,711,712,713,714,715,716,717,718,719,720,721,722,723,724,725,726,727,728,729,730,731,732,733],[134,642,681,682,683,684,685,686,688,689,690,691,692,693,694,696,697,698,699,700,701,702,703,704,705,706,707,708,709,710,711,712,713,714,715,716,717,718,719,720,721,722,723,724,725,726,727,728,729,730,731,732,733],[134,642,681,682,683,684,685,686,687,689,690,691,692,693,694,696,697,698,699,700,701,702,703,704,705,706,707,708,709,710,711,712,713,714,715,716,717,718,719,720,721,722,723,724,725,726,727,728,729,730,731,732,733],[134,642,681,682,683,684,685,686,687,688,690,691,692,693,694,696,697,698,699,700,701,702,703,704,705,706,707,708,709,710,711,712,713,714,715,716,717,718,719,720,721,722,723,724,725,726,727,728,729,730,731,732,733],[134,642,681,682,683,684,685,686,687,688,689,691,692,693,694,696,697,698,699,700,701,702,703,704,705,706,707,708,709,710,711,712,713,714,715,716,717,718,719,720,721,722,723,724,725,726,727,728,729,730,731,732,733],[134,642,681,682,683,684,685,686,687,688,689,690,692,693,694,696,697,698,699,700,701,702,703,704,705,706,707,708,709,710,711,712,713,714,715,716,717,718,719,720,721,722,723,724,725,726,727,728,729,730,731,732,733],[134,642,681,682,683,684,685,686,687,688,689,690,691,693,694,696,697,698,699,700,701,702,703,704,705,706,707,708,709,710,711,712,713,714,715,716,717,718,719,720,721,722,723,724,725,726,727,728,729,730,731,732,733],[134,642,681,682,683,684,685,686,687,688,689,690,691,692,694,696,697,698,699,700,701,702,703,704,705,706,707,708,709,710,711,712,713,714,715,716,717,718,719,720,721,722,723,724,725,726,727,728,729,730,731,732,733],[134,642,681,682,683,684,685,686,687,688,689,690,691,692,693,696,697,698,699,700,701,702,703,704,705,706,707,708,709,710,711,712,713,714,715,716,717,718,719,720,721,722,723,724,725,726,727,728,729,730,731,732,733],[134,642,681,682,683,684,685,686,687,688,689,690,691,692,693,694,697,698,699,700,701,702,703,704,705,706,707,708,709,710,711,712,713,714,715,716,717,718,719,720,721,722,723,724,725,726,727,728,729,730,731,732,733],[134,642,681,682,683,684,685,686,687,688,689,690,691,692,693,694,696,698,699,700,701,702,703,704,705,706,707,708,709,710,711,712,713,714,715,716,717,718,719,720,721,722,723,724,725,726,727,728,729,730,731,732,733],[134,642,681,682,683,684,685,686,687,688,689,690,691,692,693,694,696,697,699,700,701,702,703,704,705,706,707,708,709,710,711,712,713,714,715,716,717,718,719,720,721,722,723,724,725,726,727,728,729,730,731,732,733],[134,642,679,681,682,683,684,685,686,687,688,689,690,691,692,693,694,696,697,698,699,700,701,702,703,704,705,706,707,708,709,710,711,712,713,714,715,716,717,718,719,720,721,722,723,724,725,726,727,728,729,730,731,732,733],[134,642,679,681,682,683,684,685,686,687,688,689,690,691,692,693,694,696,697,698,700,701,702,703,704,705,706,707,708,709,710,711,712,713,714,715,716,717,718,719,720,721,722,723,724,725,726,727,728,729,730,731,732,733],[134,642,681,682,683,684,685,686,687,688,689,690,691,692,693,694,696,697,698,699,701,702,703,704,705,706,707,708,709,710,711,712,713,714,715,716,717,718,719,720,721,722,723,724,725,726,727,728,729,730,731,732,733],[134,642,681,682,683,684,685,686,687,688,689,690,691,692,693,694,696,697,698,699,700,702,703,704,705,706,707,708,709,710,711,712,713,714,715,716,717,718,719,720,721,722,723,724,725,726,727,728,729,730,731,732,733],[134,640,641,642,680,681,682,683,684,685,686,687,688,689,690,691,692,693,694,695,696,697,698,699,700,701,702,703,704,705,706,707,708,709,710,711,712,713,714,715,716,717,718,719,720,721,722,723,724,725,726,727,728,729,730,731,732,733],[134,642,681,682,683,684,685,686,687,688,689,690,691,692,693,694,696,697,698,699,700,701,703,704,705,706,707,708,709,710,711,712,713,714,715,716,717,718,719,720,721,722,723,724,725,726,727,728,729,730,731,732,733],[134,642,681,682,683,684,685,686,687,688,689,690,691,692,693,694,696,697,698,699,700,701,702,704,705,706,707,708,709,710,711,712,713,714,715,716,717,718,719,720,721,722,723,724,725,726,727,728,729,730,731,732,733],[134,642,681,682,683,684,685,686,687,688,689,690,691,692,693,694,696,697,698,699,700,701,702,703,705,706,707,708,709,710,711,712,713,714,715,716,717,718,719,720,721,722,723,724,725,726,727,728,729,730,731,732,733],[134,642,681,682,683,684,685,686,687,688,689,690,691,692,693,694,696,697,698,699,700,701,702,703,704,706,707,708,709,710,711,712,713,714,715,716,717,718,719,720,721,722,723,724,725,726,727,728,729,730,731,732,733],[134,642,681,682,683,684,685,686,687,688,689,690,691,692,693,694,696,697,698,699,700,701,702,703,704,705,707,708,709,710,711,712,713,714,715,716,717,718,719,720,721,722,723,724,725,726,727,728,729,730,731,732,733],[134,642,681,682,683,684,685,686,687,688,689,690,691,692,693,694,696,697,698,699,700,701,702,703,704,705,706,708,709,710,711,712,713,714,715,716,717,718,719,720,721,722,723,724,725,726,727,728,729,730,731,732,733],[134,642,681,682,683,684,685,686,687,688,689,690,691,692,693,694,696,697,698,699,700,701,702,703,704,705,706,707,709,710,711,712,713,714,715,716,717,718,719,720,721,722,723,724,725,726,727,728,729,730,731,732,733],[134,642,681,682,683,684,685,686,687,688,689,690,691,692,693,694,696,697,698,699,700,701,702,703,704,705,706,707,708,710,711,712,713,714,715,716,717,718,719,720,721,722,723,724,725,726,727,728,729,730,731,732,733],[134,642,681,682,683,684,685,686,687,688,689,690,691,692,693,694,696,697,698,699,700,701,702,703,704,705,706,707,708,709,711,712,713,714,715,716,717,718,719,720,721,722,723,724,725,726,727,728,729,730,731,732,733],[134,642,681,682,683,684,685,686,687,688,689,690,691,692,693,694,696,697,698,699,700,701,702,703,704,705,706,707,708,709,710,712,713,714,715,716,717,718,719,720,721,722,723,724,725,726,727,728,729,730,731,732,733],[134,642,681,682,683,684,685,686,687,688,689,690,691,692,693,694,696,697,698,699,700,701,702,703,704,705,706,707,708,709,710,711,713,714,715,716,717,718,719,720,721,722,723,724,725,726,727,728,729,730,731,732,733],[134,642,681,682,683,684,685,686,687,688,689,690,691,692,693,694,696,697,698,699,700,701,702,703,704,705,706,707,708,709,710,711,712,714,715,716,717,718,719,720,721,722,723,724,725,726,727,728,729,730,731,732,733],[134,642,681,682,683,684,685,686,687,688,689,690,691,692,693,694,696,697,698,699,700,701,702,703,704,705,706,707,708,709,710,711,712,713,715,716,717,718,719,720,721,722,723,724,725,726,727,728,729,730,731,732,733],[134,642,681,682,683,684,685,686,687,688,689,690,691,692,693,694,696,697,698,699,700,701,702,703,704,705,706,707,708,709,710,711,712,713,714,716,717,718,719,720,721,722,723,724,725,726,727,728,729,730,731,732,733],[134,642,681,682,683,684,685,686,687,688,689,690,691,692,693,694,696,697,698,699,700,701,702,703,704,705,706,707,708,709,710,711,712,713,714,715,717,718,719,720,721,722,723,724,725,726,727,728,729,730,731,732,733],[134,642,681,682,683,684,685,686,687,688,689,690,691,692,693,694,696,697,698,699,700,701,702,703,704,705,706,707,708,709,710,711,712,713,714,715,716,717,719,720,721,722,723,724,725,726,727,728,729,730,731,732,733],[134,642,681,682,683,684,685,686,687,688,689,690,691,692,693,694,696,697,698,699,700,701,702,703,704,705,706,707,708,709,710,711,712,713,714,715,716,718,719,720,721,722,723,724,725,726,727,728,729,730,731,732,733],[134,642,681,682,683,684,685,686,687,688,689,690,691,692,693,694,696,697,698,699,700,701,702,703,704,705,706,707,708,709,710,711,712,713,714,715,716,717,718,720,721,722,723,724,725,726,727,728,729,730,731,732,733],[134,642,681,682,683,684,685,686,687,688,689,690,691,692,693,694,696,697,698,699,700,701,702,703,704,705,706,707,708,709,710,711,712,713,714,715,716,717,718,719,721,722,723,724,725,726,727,728,729,730,731,732,733],[134,642,681,682,683,684,685,686,687,688,689,690,691,692,693,694,696,697,698,699,700,701,702,703,704,705,706,707,708,709,710,711,712,713,714,715,716,717,718,719,720,722,723,724,725,726,727,728,729,730,731,732,733],[134,642,681,682,683,684,685,686,687,688,689,690,691,692,693,694,696,697,698,699,700,701,702,703,704,705,706,707,708,709,710,711,712,713,714,715,716,717,718,719,720,721,723,724,725,726,727,728,729,730,731,732,733],[134,642,681,682,683,684,685,686,687,688,689,690,691,692,693,694,696,697,698,699,700,701,702,703,704,705,706,707,708,709,710,711,712,713,714,715,716,717,718,719,720,721,722,724,725,726,727,728,729,730,731,732,733],[134,642,681,682,683,684,685,686,687,688,689,690,691,692,693,694,696,697,698,699,700,701,702,703,704,705,706,707,708,709,710,711,712,713,714,715,716,717,718,719,720,721,722,723,725,726,727,728,729,730,731,732,733],[134,642,681,682,683,684,685,686,687,688,689,690,691,692,693,694,696,697,698,699,700,701,702,703,704,705,706,707,708,709,710,711,712,713,714,715,716,717,718,719,720,721,722,723,724,726,727,728,729,730,731,732,733],[134,642,681,682,683,684,685,686,687,688,689,690,691,692,693,694,696,697,698,699,700,701,702,703,704,705,706,707,708,709,710,711,712,713,714,715,716,717,718,719,720,721,722,723,724,725,727,728,729,730,731,732,733],[134,642,681,682,683,684,685,686,687,688,689,690,691,692,693,694,696,697,698,699,700,701,702,703,704,705,706,707,708,709,710,711,712,713,714,715,716,717,718,719,720,721,722,723,724,725,726,728,729,730,731,732,733],[134,642,681,682,683,684,685,686,687,688,689,690,691,692,693,694,696,697,698,699,700,701,702,703,704,705,706,707,708,709,710,711,712,713,714,715,716,717,718,719,720,721,722,723,724,725,726,727,729,730,731,732,733],[134,642,681,682,683,684,685,686,687,688,689,690,691,692,693,694,696,697,698,699,700,701,702,703,704,705,706,707,708,709,710,711,712,713,714,715,716,717,718,719,720,721,722,723,724,725,726,727,728,730,731,732,733],[134,642,681,682,683,684,685,686,687,688,689,690,691,692,693,694,696,697,698,699,700,701,702,703,704,705,706,707,708,709,710,711,712,713,714,715,716,717,718,719,720,721,722,723,724,725,726,727,728,729,731,732,733],[134,642,681,682,683,684,685,686,687,688,689,690,691,692,693,694,696,697,698,699,700,701,702,703,704,705,706,707,708,709,710,711,712,713,714,715,716,717,718,719,720,721,722,723,724,725,726,727,728,729,730,732,733],[134,642,681,682,683,684,685,686,687,688,689,690,691,692,693,694,696,697,698,699,700,701,702,703,704,705,706,707,708,709,710,711,712,713,714,715,716,717,718,719,720,721,722,723,724,725,726,727,728,729,730,731,733],[134,642,681,682,683,684,685,686,687,688,689,690,691,692,693,694,696,697,698,699,700,701,702,703,704,705,706,707,708,709,710,711,712,713,714,715,716,717,718,719,720,721,722,723,724,725,726,727,728,729,730,731,732],[48,49,50,134,642,681,682,683,684,685,686,687,688,689,690,691,692,693,694,696,697,698,699,700,701,702,703,704,705,706,707,708,709,710,711,712,713,714,715,716,717,718,719,720,721,722,723,724,725,726,727,728,729,730,731,732,733],[57,58,134,642,681,682,683,684,685,686,687,688,689,690,691,692,693,694,696,697,698,699,700,701,702,703,704,705,706,707,708,709,710,711,712,713,714,715,716,717,718,719,720,721,722,723,724,725,726,727,728,729,730,731,732,733],[57,134,642,681,682,683,684,685,686,687,688,689,690,691,692,693,694,696,697,698,699,700,701,702,703,704,705,706,707,708,709,710,711,712,713,714,715,716,717,718,719,720,721,722,723,724,725,726,727,728,729,730,731,732,733],[51,134,141,642,681,682,683,684,685,686,687,688,689,690,691,692,693,694,696,697,698,699,700,701,702,703,704,705,706,707,708,709,710,711,712,713,714,715,716,717,718,719,720,721,722,723,724,725,726,727,728,729,730,731,732,733],[134,155,642,681,682,683,684,685,686,687,688,689,690,691,692,693,694,696,697,698,699,700,701,702,703,704,705,706,707,708,709,710,711,712,713,714,715,716,717,718,719,720,721,722,723,724,725,726,727,728,729,730,731,732,733],[134,153,155,642,681,682,683,684,685,686,687,688,689,690,691,692,693,694,696,697,698,699,700,701,702,703,704,705,706,707,708,709,710,711,712,713,714,715,716,717,718,719,720,721,722,723,724,725,726,727,728,729,730,731,732,733],[134,153,642,681,682,683,684,685,686,687,688,689,690,691,692,693,694,696,697,698,699,700,701,702,703,704,705,706,707,708,709,710,711,712,713,714,715,716,717,718,719,720,721,722,723,724,725,726,727,728,729,730,731,732,733],[134,155,219,220,642,681,682,683,684,685,686,687,688,689,690,691,692,693,694,696,697,698,699,700,701,702,703,704,705,706,707,708,709,710,711,712,713,714,715,716,717,718,719,720,721,722,723,724,725,726,727,728,729,730,731,732,733],[134,222,642,681,682,683,684,685,686,687,688,689,690,691,692,693,694,696,697,698,699,700,701,702,703,704,705,706,707,708,709,710,711,712,713,714,715,716,717,718,719,720,721,722,723,724,725,726,727,728,729,730,731,732,733],[134,223,642,681,682,683,684,685,686,687,688,689,690,691,692,693,694,696,697,698,699,700,701,702,703,704,705,706,707,708,709,710,711,712,713,714,715,716,717,718,719,720,721,722,723,724,725,726,727,728,729,730,731,732,733],[134,240,642,681,682,683,684,685,686,687,688,689,690,691,692,693,694,696,697,698,699,700,701,702,703,704,705,706,707,708,709,710,711,712,713,714,715,716,717,718,719,720,721,722,723,724,725,726,727,728,729,730,731,732,733],[134,155,156,157,158,159,160,161,162,163,164,165,166,167,168,169,170,171,172,173,174,175,176,177,178,179,180,181,182,183,184,185,186,187,188,189,190,191,192,193,194,195,196,197,198,199,200,201,202,203,204,205,206,207,208,209,210,211,212,213,214,215,216,217,218,221,222,223,224,225,226,227,228,229,230,231,232,233,234,235,236,237,238,239,241,242,243,244,245,246,247,248,249,250,251,252,253,254,255,256,257,258,259,260,261,262,263,264,265,266,267,268,269,270,271,272,273,274,275,276,277,278,279,280,281,282,283,284,285,286,287,288,289,290,291,292,293,294,295,296,297,298,299,300,301,302,303,304,305,306,307,308,309,310,311,312,313,314,315,317,318,319,320,321,322,323,324,325,326,327,328,329,330,331,332,333,334,335,336,341,342,343,344,345,346,347,348,349,350,351,352,353,354,355,356,357,358,359,360,361,362,363,364,365,366,367,368,369,370,371,372,373,374,375,376,377,378,379,380,381,382,383,384,385,386,387,388,389,390,391,392,393,394,395,396,397,398,399,400,401,402,403,404,405,406,407,408,642,681,682,683,684,685,686,687,688,689,690,691,692,693,694,696,697,698,699,700,701,702,703,704,705,706,707,708,709,710,711,712,713,714,715,716,717,718,719,720,721,722,723,724,725,726,727,728,729,730,731,732,733],[134,316,642,681,682,683,684,685,686,687,688,689,690,691,692,693,694,696,697,698,699,700,701,702,703,704,705,706,707,708,709,710,711,712,713,714,715,716,717,718,719,720,721,722,723,724,725,726,727,728,729,730,731,732,733],[134,155,220,340,642,681,682,683,684,685,686,687,688,689,690,691,692,693,694,696,697,698,699,700,701,702,703,704,705,706,707,708,709,710,711,712,713,714,715,716,717,718,719,720,721,722,723,724,725,726,727,728,729,730,731,732,733],[134,153,337,338,642,681,682,683,684,685,686,687,688,689,690,691,692,693,694,696,697,698,699,700,701,702,703,704,705,706,707,708,709,710,711,712,713,714,715,716,717,718,719,720,721,722,723,724,725,726,727,728,729,730,731,732,733],[134,337,642,681,682,683,684,685,686,687,688,689,690,691,692,693,694,696,697,698,699,700,701,702,703,704,705,706,707,708,709,710,711,712,713,714,715,716,717,718,719,720,721,722,723,724,725,726,727,728,729,730,731,732,733],[134,339,642,681,682,683,684,685,686,687,688,689,690,691,692,693,694,696,697,698,699,700,701,702,703,704,705,706,707,708,709,710,711,712,713,714,715,716,717,718,719,720,721,722,723,724,725,726,727,728,729,730,731,732,733],[134,153,154,642,681,682,683,684,685,686,687,688,689,690,691,692,693,694,696,697,698,699,700,701,702,703,704,705,706,707,708,709,710,711,712,713,714,715,716,717,718,719,720,721,722,723,724,725,726,727,728,729,730,731,732,733],[134,446,642,681,682,683,684,685,686,687,688,689,690,691,692,693,694,696,697,698,699,700,701,702,703,704,705,706,707,708,709,710,711,712,713,714,715,716,717,718,719,720,721,722,723,724,725,726,727,728,729,730,731,732,733],[134,447,642,681,682,683,684,685,686,687,688,689,690,691,692,693,694,696,697,698,699,700,701,702,703,704,705,706,707,708,709,710,711,712,713,714,715,716,717,718,719,720,721,722,723,724,725,726,727,728,729,730,731,732,733],[134,420,440,642,681,682,683,684,685,686,687,688,689,690,691,692,693,694,696,697,698,699,700,701,702,703,704,705,706,707,708,709,710,711,712,713,714,715,716,717,718,719,720,721,722,723,724,725,726,727,728,729,730,731,732,733],[134,414,642,681,682,683,684,685,686,687,688,689,690,691,692,693,694,696,697,698,699,700,701,702,703,704,705,706,707,708,709,710,711,712,713,714,715,716,717,718,719,720,721,722,723,724,725,726,727,728,729,730,731,732,733],[134,415,419,420,421,422,423,425,427,428,433,434,443,642,681,682,683,684,685,686,687,688,689,690,691,692,693,694,696,697,698,699,700,701,702,703,704,705,706,707,708,709,710,711,712,713,714,715,716,717,718,719,720,721,722,723,724,725,726,727,728,729,730,731,732,733],[134,415,420,642,681,682,683,684,685,686,687,688,689,690,691,692,693,694,696,697,698,699,700,701,702,703,704,705,706,707,708,709,710,711,712,713,714,715,716,717,718,719,720,721,722,723,724,725,726,727,728,729,730,731,732,733],[134,423,440,442,445,642,681,682,683,684,685,686,687,688,689,690,691,692,693,694,696,697,698,699,700,701,702,703,704,705,706,707,708,709,710,711,712,713,714,715,716,717,718,719,720,721,722,723,724,725,726,727,728,729,730,731,732,733],[134,414,415,416,417,420,421,422,423,424,425,426,427,428,429,430,431,432,433,434,435,436,437,438,439,444,445,642,681,682,683,684,685,686,687,688,689,690,691,692,693,694,696,697,698,699,700,701,702,703,704,705,706,707,708,709,710,711,712,713,714,715,716,717,718,719,720,721,722,723,724,725,726,727,728,729,730,731,732,733],[134,443,642,681,682,683,684,685,686,687,688,689,690,691,692,693,694,696,697,698,699,700,701,702,703,704,705,706,707,708,709,710,711,712,713,714,715,716,717,718,719,720,721,722,723,724,725,726,727,728,729,730,731,732,733],[134,413,415,416,418,426,435,438,439,444,642,681,682,683,684,685,686,687,688,689,690,691,692,693,694,696,697,698,699,700,701,702,703,704,705,706,707,708,709,710,711,712,713,714,715,716,717,718,719,720,721,722,723,724,725,726,727,728,729,730,731,732,733],[134,420,445,642,681,682,683,684,685,686,687,688,689,690,691,692,693,694,696,697,698,699,700,701,702,703,704,705,706,707,708,709,710,711,712,713,714,715,716,717,718,719,720,721,722,723,724,725,726,727,728,729,730,731,732,733],[134,441,443,445,642,681,682,683,684,685,686,687,688,689,690,691,692,693,694,696,697,698,699,700,701,702,703,704,705,706,707,708,709,710,711,712,713,714,715,716,717,718,719,720,721,722,723,724,725,726,727,728,729,730,731,732,733],[134,414,415,420,423,443,642,681,682,683,684,685,686,687,688,689,690,691,692,693,694,696,697,698,699,700,701,702,703,704,705,706,707,708,709,710,711,712,713,714,715,716,717,718,719,720,721,722,723,724,725,726,727,728,729,730,731,732,733],[134,427,642,681,682,683,684,685,686,687,688,689,690,691,692,693,694,696,697,698,699,700,701,702,703,704,705,706,707,708,709,710,711,712,713,714,715,716,717,718,719,720,721,722,723,724,725,726,727,728,729,730,731,732,733],[134,417,425,427,428,642,681,682,683,684,685,686,687,688,689,690,691,692,693,694,696,697,698,699,700,701,702,703,704,705,706,707,708,709,710,711,712,713,714,715,716,717,718,719,720,721,722,723,724,725,726,727,728,729,730,731,732,733],[134,417,642,681,682,683,684,685,686,687,688,689,690,691,692,693,694,696,697,698,699,700,701,702,703,704,705,706,707,708,709,710,711,712,713,714,715,716,717,718,719,720,721,722,723,724,725,726,727,728,729,730,731,732,733],[134,417,427,642,681,682,683,684,685,686,687,688,689,690,691,692,693,694,696,697,698,699,700,701,702,703,704,705,706,707,708,709,710,711,712,713,714,715,716,717,718,719,720,721,722,723,724,725,726,727,728,729,730,731,732,733],[134,421,422,423,427,428,433,642,681,682,683,684,685,686,687,688,689,690,691,692,693,694,696,697,698,699,700,701,702,703,704,705,706,707,708,709,710,711,712,713,714,715,716,717,718,719,720,721,722,723,724,725,726,727,728,729,730,731,732,733],[134,423,424,428,432,434,443,642,681,682,683,684,685,686,687,688,689,690,691,692,693,694,696,697,698,699,700,701,702,703,704,705,706,707,708,709,710,711,712,713,714,715,716,717,718,719,720,721,722,723,724,725,726,727,728,729,730,731,732,733],[134,415,427,436,642,681,682,683,684,685,686,687,688,689,690,691,692,693,694,696,697,698,699,700,701,702,703,704,705,706,707,708,709,710,711,712,713,714,715,716,717,718,719,720,721,722,723,724,725,726,727,728,729,730,731,732,733],[134,416,417,418,642,681,682,683,684,685,686,687,688,689,690,691,692,693,694,696,697,698,699,700,701,702,703,704,705,706,707,708,709,710,711,712,713,714,715,716,717,718,719,720,721,722,723,724,725,726,727,728,729,730,731,732,733],[134,423,443,642,681,682,683,684,685,686,687,688,689,690,691,692,693,694,696,697,698,699,700,701,702,703,704,705,706,707,708,709,710,711,712,713,714,715,716,717,718,719,720,721,722,723,724,725,726,727,728,729,730,731,732,733],[134,423,642,681,682,683,684,685,686,687,688,689,690,691,692,693,694,696,697,698,699,700,701,702,703,704,705,706,707,708,709,710,711,712,713,714,715,716,717,718,719,720,721,722,723,724,725,726,727,728,729,730,731,732,733],[134,414,415,642,681,682,683,684,685,686,687,688,689,690,691,692,693,694,696,697,698,699,700,701,702,703,704,705,706,707,708,709,710,711,712,713,714,715,716,717,718,719,720,721,722,723,724,725,726,727,728,729,730,731,732,733],[134,415,642,681,682,683,684,685,686,687,688,689,690,691,692,693,694,696,697,698,699,700,701,702,703,704,705,706,707,708,709,710,711,712,713,714,715,716,717,718,719,720,721,722,723,724,725,726,727,728,729,730,731,732,733],[134,419,642,681,682,683,684,685,686,687,688,689,690,691,692,693,694,696,697,698,699,700,701,702,703,704,705,706,707,708,709,710,711,712,713,714,715,716,717,718,719,720,721,722,723,724,725,726,727,728,729,730,731,732,733],[134,423,428,440,441,442,443,445,642,681,682,683,684,685,686,687,688,689,690,691,692,693,694,696,697,698,699,700,701,702,703,704,705,706,707,708,709,710,711,712,713,714,715,716,717,718,719,720,721,722,723,724,725,726,727,728,729,730,731,732,733],[51,117,118,134,642,681,682,683,684,685,686,687,688,689,690,691,692,693,694,696,697,698,699,700,701,702,703,704,705,706,707,708,709,710,711,712,713,714,715,716,717,718,719,720,721,722,723,724,725,726,727,728,729,730,731,732,733],[51,52,117,118,119,134,642,681,682,683,684,685,686,687,688,689,690,691,692,693,694,696,697,698,699,700,701,702,703,704,705,706,707,708,709,710,711,712,713,714,715,716,717,718,719,720,721,722,723,724,725,726,727,728,729,730,731,732,733],[117,134,642,681,682,683,684,685,686,687,688,689,690,691,692,693,694,696,697,698,699,700,701,702,703,704,705,706,707,708,709,710,711,712,713,714,715,716,717,718,719,720,721,722,723,724,725,726,727,728,729,730,731,732,733],[51,66,134,642,681,682,683,684,685,686,687,688,689,690,691,692,693,694,696,697,698,699,700,701,702,703,704,705,706,707,708,709,710,711,712,713,714,715,716,717,718,719,720,721,722,723,724,725,726,727,728,729,730,731,732,733],[51,134,409,642,681,682,683,684,685,686,687,688,689,690,691,692,693,694,696,697,698,699,700,701,702,703,704,705,706,707,708,709,710,711,712,713,714,715,716,717,718,719,720,721,722,723,724,725,726,727,728,729,730,731,732,733],[51,134,550,642,681,682,683,684,685,686,687,688,689,690,691,692,693,694,696,697,698,699,700,701,702,703,704,705,706,707,708,709,710,711,712,713,714,715,716,717,718,719,720,721,722,723,724,725,726,727,728,729,730,731,732,733],[134,550,551,552,555,556,557,558,559,560,561,564,642,681,682,683,684,685,686,687,688,689,690,691,692,693,694,696,697,698,699,700,701,702,703,704,705,706,707,708,709,710,711,712,713,714,715,716,717,718,719,720,721,722,723,724,725,726,727,728,729,730,731,732,733],[134,550,642,681,682,683,684,685,686,687,688,689,690,691,692,693,694,696,697,698,699,700,701,702,703,704,705,706,707,708,709,710,711,712,713,714,715,716,717,718,719,720,721,722,723,724,725,726,727,728,729,730,731,732,733],[134,553,554,642,681,682,683,684,685,686,687,688,689,690,691,692,693,694,696,697,698,699,700,701,702,703,704,705,706,707,708,709,710,711,712,713,714,715,716,717,718,719,720,721,722,723,724,725,726,727,728,729,730,731,732,733],[51,134,548,550,642,681,682,683,684,685,686,687,688,689,690,691,692,693,694,696,697,698,699,700,701,702,703,704,705,706,707,708,709,710,711,712,713,714,715,716,717,718,719,720,721,722,723,724,725,726,727,728,729,730,731,732,733],[134,545,546,548,642,681,682,683,684,685,686,687,688,689,690,691,692,693,694,696,697,698,699,700,701,702,703,704,705,706,707,708,709,710,711,712,713,714,715,716,717,718,719,720,721,722,723,724,725,726,727,728,729,730,731,732,733],[134,541,544,546,548,642,681,682,683,684,685,686,687,688,689,690,691,692,693,694,696,697,698,699,700,701,702,703,704,705,706,707,708,709,710,711,712,713,714,715,716,717,718,719,720,721,722,723,724,725,726,727,728,729,730,731,732,733],[134,545,548,642,681,682,683,684,685,686,687,688,689,690,691,692,693,694,696,697,698,699,700,701,702,703,704,705,706,707,708,709,710,711,712,713,714,715,716,717,718,719,720,721,722,723,724,725,726,727,728,729,730,731,732,733],[51,134,536,537,538,541,542,543,545,546,547,548,642,681,682,683,684,685,686,687,688,689,690,691,692,693,694,696,697,698,699,700,701,702,703,704,705,706,707,708,709,710,711,712,713,714,715,716,717,718,719,720,721,722,723,724,725,726,727,728,729,730,731,732,733],[134,538,541,542,543,544,545,546,547,548,549,642,681,682,683,684,685,686,687,688,689,690,691,692,693,694,696,697,698,699,700,701,702,703,704,705,706,707,708,709,710,711,712,713,714,715,716,717,718,719,720,721,722,723,724,725,726,727,728,729,730,731,732,733],[134,545,642,681,682,683,684,685,686,687,688,689,690,691,692,693,694,696,697,698,699,700,701,702,703,704,705,706,707,708,709,710,711,712,713,714,715,716,717,718,719,720,721,722,723,724,725,726,727,728,729,730,731,732,733],[134,539,545,546,642,681,682,683,684,685,686,687,688,689,690,691,692,693,694,696,697,698,699,700,701,702,703,704,705,706,707,708,709,710,711,712,713,714,715,716,717,718,719,720,721,722,723,724,725,726,727,728,729,730,731,732,733],[134,539,540,642,681,682,683,684,685,686,687,688,689,690,691,692,693,694,696,697,698,699,700,701,702,703,704,705,706,707,708,709,710,711,712,713,714,715,716,717,718,719,720,721,722,723,724,725,726,727,728,729,730,731,732,733],[134,544,546,547,642,681,682,683,684,685,686,687,688,689,690,691,692,693,694,696,697,698,699,700,701,702,703,704,705,706,707,708,709,710,711,712,713,714,715,716,717,718,719,720,721,722,723,724,725,726,727,728,729,730,731,732,733],[134,544,642,681,682,683,684,685,686,687,688,689,690,691,692,693,694,696,697,698,699,700,701,702,703,704,705,706,707,708,709,710,711,712,713,714,715,716,717,718,719,720,721,722,723,724,725,726,727,728,729,730,731,732,733],[134,536,541,546,547,642,681,682,683,684,685,686,687,688,689,690,691,692,693,694,696,697,698,699,700,701,702,703,704,705,706,707,708,709,710,711,712,713,714,715,716,717,718,719,720,721,722,723,724,725,726,727,728,729,730,731,732,733],[134,562,563,642,681,682,683,684,685,686,687,688,689,690,691,692,693,694,696,697,698,699,700,701,702,703,704,705,706,707,708,709,710,711,712,713,714,715,716,717,718,719,720,721,722,723,724,725,726,727,728,729,730,731,732,733],[51,134,586,642,681,682,683,684,685,686,687,688,689,690,691,692,693,694,696,697,698,699,700,701,702,703,704,705,706,707,708,709,710,711,712,713,714,715,716,717,718,719,720,721,722,723,724,725,726,727,728,729,730,731,732,733],[51,134,588,642,681,682,683,684,685,686,687,688,689,690,691,692,693,694,696,697,698,699,700,701,702,703,704,705,706,707,708,709,710,711,712,713,714,715,716,717,718,719,720,721,722,723,724,725,726,727,728,729,730,731,732,733],[134,586,642,681,682,683,684,685,686,687,688,689,690,691,692,693,694,696,697,698,699,700,701,702,703,704,705,706,707,708,709,710,711,712,713,714,715,716,717,718,719,720,721,722,723,724,725,726,727,728,729,730,731,732,733],[134,585,587,588,589,590,591,592,593,594,595,596,597,598,599,600,602,603,642,681,682,683,684,685,686,687,688,689,690,691,692,693,694,696,697,698,699,700,701,702,703,704,705,706,707,708,709,710,711,712,713,714,715,716,717,718,719,720,721,722,723,724,725,726,727,728,729,730,731,732,733],[134,585,642,681,682,683,684,685,686,687,688,689,690,691,692,693,694,696,697,698,699,700,701,702,703,704,705,706,707,708,709,710,711,712,713,714,715,716,717,718,719,720,721,722,723,724,725,726,727,728,729,730,731,732,733],[134,601,642,681,682,683,684,685,686,687,688,689,690,691,692,693,694,696,697,698,699,700,701,702,703,704,705,706,707,708,709,710,711,712,713,714,715,716,717,718,719,720,721,722,723,724,725,726,727,728,729,730,731,732,733],[134,604,642,681,682,683,684,685,686,687,688,689,690,691,692,693,694,696,697,698,699,700,701,702,703,704,705,706,707,708,709,710,711,712,713,714,715,716,717,718,719,720,721,722,723,724,725,726,727,728,729,730,731,732,733],[109,134,642,681,682,683,684,685,686,687,688,689,690,691,692,693,694,696,697,698,699,700,701,702,703,704,705,706,707,708,709,710,711,712,713,714,715,716,717,718,719,720,721,722,723,724,725,726,727,728,729,730,731,732,733],[51,109,114,115,134,642,681,682,683,684,685,686,687,688,689,690,691,692,693,694,696,697,698,699,700,701,702,703,704,705,706,707,708,709,710,711,712,713,714,715,716,717,718,719,720,721,722,723,724,725,726,727,728,729,730,731,732,733],[109,110,111,112,113,134,642,681,682,683,684,685,686,687,688,689,690,691,692,693,694,696,697,698,699,700,701,702,703,704,705,706,707,708,709,710,711,712,713,714,715,716,717,718,719,720,721,722,723,724,725,726,727,728,729,730,731,732,733],[51,109,110,134,642,681,682,683,684,685,686,687,688,689,690,691,692,693,694,696,697,698,699,700,701,702,703,704,705,706,707,708,709,710,711,712,713,714,715,716,717,718,719,720,721,722,723,724,725,726,727,728,729,730,731,732,733],[51,109,134,642,681,682,683,684,685,686,687,688,689,690,691,692,693,694,696,697,698,699,700,701,702,703,704,705,706,707,708,709,710,711,712,713,714,715,716,717,718,719,720,721,722,723,724,725,726,727,728,729,730,731,732,733],[109,111,134,642,681,682,683,684,685,686,687,688,689,690,691,692,693,694,696,697,698,699,700,701,702,703,704,705,706,707,708,709,710,711,712,713,714,715,716,717,718,719,720,721,722,723,724,725,726,727,728,729,730,731,732,733],[51,134,455,456,457,473,476,642,681,682,683,684,685,686,687,688,689,690,691,692,693,694,696,697,698,699,700,701,702,703,704,705,706,707,708,709,710,711,712,713,714,715,716,717,718,719,720,721,722,723,724,725,726,727,728,729,730,731,732,733],[51,134,455,456,457,466,474,494,642,681,682,683,684,685,686,687,688,689,690,691,692,693,694,696,697,698,699,700,701,702,703,704,705,706,707,708,709,710,711,712,713,714,715,716,717,718,719,720,721,722,723,724,725,726,727,728,729,730,731,732,733],[51,134,454,457,642,681,682,683,684,685,686,687,688,689,690,691,692,693,694,696,697,698,699,700,701,702,703,704,705,706,707,708,709,710,711,712,713,714,715,716,717,718,719,720,721,722,723,724,725,726,727,728,729,730,731,732,733],[51,134,457,642,681,682,683,684,685,686,687,688,689,690,691,692,693,694,696,697,698,699,700,701,702,703,704,705,706,707,708,709,710,711,712,713,714,715,716,717,718,719,720,721,722,723,724,725,726,727,728,729,730,731,732,733],[51,134,455,456,457,642,681,682,683,684,685,686,687,688,689,690,691,692,693,694,696,697,698,699,700,701,702,703,704,705,706,707,708,709,710,711,712,713,714,715,716,717,718,719,720,721,722,723,724,725,726,727,728,729,730,731,732,733],[51,134,455,456,457,492,495,498,642,681,682,683,684,685,686,687,688,689,690,691,692,693,694,696,697,698,699,700,701,702,703,704,705,706,707,708,709,710,711,712,713,714,715,716,717,718,719,720,721,722,723,724,725,726,727,728,729,730,731,732,733],[51,134,455,456,457,466,473,476,642,681,682,683,684,685,686,687,688,689,690,691,692,693,694,696,697,698,699,700,701,702,703,704,705,706,707,708,709,710,711,712,713,714,715,716,717,718,719,720,721,722,723,724,725,726,727,728,729,730,731,732,733],[51,134,455,456,457,466,474,486,642,681,682,683,684,685,686,687,688,689,690,691,692,693,694,696,697,698,699,700,701,702,703,704,705,706,707,708,709,710,711,712,713,714,715,716,717,718,719,720,721,722,723,724,725,726,727,728,729,730,731,732,733],[51,134,455,456,457,466,476,486,642,681,682,683,684,685,686,687,688,689,690,691,692,693,694,696,697,698,699,700,701,702,703,704,705,706,707,708,709,710,711,712,713,714,715,716,717,718,719,720,721,722,723,724,725,726,727,728,729,730,731,732,733],[51,134,455,456,457,466,486,642,681,682,683,684,685,686,687,688,689,690,691,692,693,694,696,697,698,699,700,701,702,703,704,705,706,707,708,709,710,711,712,713,714,715,716,717,718,719,720,721,722,723,724,725,726,727,728,729,730,731,732,733],[51,134,455,456,457,461,467,473,478,496,497,642,681,682,683,684,685,686,687,688,689,690,691,692,693,694,696,697,698,699,700,701,702,703,704,705,706,707,708,709,710,711,712,713,714,715,716,717,718,719,720,721,722,723,724,725,726,727,728,729,730,731,732,733],[134,457,642,681,682,683,684,685,686,687,688,689,690,691,692,693,694,696,697,698,699,700,701,702,703,704,705,706,707,708,709,710,711,712,713,714,715,716,717,718,719,720,721,722,723,724,725,726,727,728,729,730,731,732,733],[51,134,457,501,502,503,642,681,682,683,684,685,686,687,688,689,690,691,692,693,694,696,697,698,699,700,701,702,703,704,705,706,707,708,709,710,711,712,713,714,715,716,717,718,719,720,721,722,723,724,725,726,727,728,729,730,731,732,733],[51,134,457,474,642,681,682,683,684,685,686,687,688,689,690,691,692,693,694,696,697,698,699,700,701,702,703,704,705,706,707,708,709,710,711,712,713,714,715,716,717,718,719,720,721,722,723,724,725,726,727,728,729,730,731,732,733],[51,134,457,500,501,502,642,681,682,683,684,685,686,687,688,689,690,691,692,693,694,696,697,698,699,700,701,702,703,704,705,706,707,708,709,710,711,712,713,714,715,716,717,718,719,720,721,722,723,724,725,726,727,728,729,730,731,732,733],[51,134,457,500,642,681,682,683,684,685,686,687,688,689,690,691,692,693,694,696,697,698,699,700,701,702,703,704,705,706,707,708,709,710,711,712,713,714,715,716,717,718,719,720,721,722,723,724,725,726,727,728,729,730,731,732,733],[51,134,457,466,642,681,682,683,684,685,686,687,688,689,690,691,692,693,694,696,697,698,699,700,701,702,703,704,705,706,707,708,709,710,711,712,713,714,715,716,717,718,719,720,721,722,723,724,725,726,727,728,729,730,731,732,733],[51,134,457,458,459,642,681,682,683,684,685,686,687,688,689,690,691,692,693,694,696,697,698,699,700,701,702,703,704,705,706,707,708,709,710,711,712,713,714,715,716,717,718,719,720,721,722,723,724,725,726,727,728,729,730,731,732,733],[51,134,457,459,461,642,681,682,683,684,685,686,687,688,689,690,691,692,693,694,696,697,698,699,700,701,702,703,704,705,706,707,708,709,710,711,712,713,714,715,716,717,718,719,720,721,722,723,724,725,726,727,728,729,730,731,732,733],[134,450,451,455,456,457,458,460,461,462,463,464,465,466,467,468,469,473,474,475,476,477,478,479,480,481,482,483,484,485,487,488,489,490,491,492,493,495,496,497,498,504,505,506,507,508,509,510,511,512,513,514,515,516,517,518,642,681,682,683,684,685,686,687,688,689,690,691,692,693,694,696,697,698,699,700,701,702,703,704,705,706,707,708,709,710,711,712,713,714,715,716,717,718,719,720,721,722,723,724,725,726,727,728,729,730,731,732,733],[51,134,457,515,642,681,682,683,684,685,686,687,688,689,690,691,692,693,694,696,697,698,699,700,701,702,703,704,705,706,707,708,709,710,711,712,713,714,715,716,717,718,719,720,721,722,723,724,725,726,727,728,729,730,731,732,733],[51,134,457,469,642,681,682,683,684,685,686,687,688,689,690,691,692,693,694,696,697,698,699,700,701,702,703,704,705,706,707,708,709,710,711,712,713,714,715,716,717,718,719,720,721,722,723,724,725,726,727,728,729,730,731,732,733],[51,134,457,476,480,481,642,681,682,683,684,685,686,687,688,689,690,691,692,693,694,696,697,698,699,700,701,702,703,704,705,706,707,708,709,710,711,712,713,714,715,716,717,718,719,720,721,722,723,724,725,726,727,728,729,730,731,732,733],[51,134,457,467,469,642,681,682,683,684,685,686,687,688,689,690,691,692,693,694,696,697,698,699,700,701,702,703,704,705,706,707,708,709,710,711,712,713,714,715,716,717,718,719,720,721,722,723,724,725,726,727,728,729,730,731,732,733],[51,134,457,472,642,681,682,683,684,685,686,687,688,689,690,691,692,693,694,696,697,698,699,700,701,702,703,704,705,706,707,708,709,710,711,712,713,714,715,716,717,718,719,720,721,722,723,724,725,726,727,728,729,730,731,732,733],[51,134,457,495,642,681,682,683,684,685,686,687,688,689,690,691,692,693,694,696,697,698,699,700,701,702,703,704,705,706,707,708,709,710,711,712,713,714,715,716,717,718,719,720,721,722,723,724,725,726,727,728,729,730,731,732,733],[51,134,457,472,499,642,681,682,683,684,685,686,687,688,689,690,691,692,693,694,696,697,698,699,700,701,702,703,704,705,706,707,708,709,710,711,712,713,714,715,716,717,718,719,720,721,722,723,724,725,726,727,728,729,730,731,732,733],[51,134,460,500,642,681,682,683,684,685,686,687,688,689,690,691,692,693,694,696,697,698,699,700,701,702,703,704,705,706,707,708,709,710,711,712,713,714,715,716,717,718,719,720,721,722,723,724,725,726,727,728,729,730,731,732,733],[51,134,454,455,456,642,681,682,683,684,685,686,687,688,689,690,691,692,693,694,696,697,698,699,700,701,702,703,704,705,706,707,708,709,710,711,712,713,714,715,716,717,718,719,720,721,722,723,724,725,726,727,728,729,730,731,732,733],[134,642,651,655,681,682,683,684,685,686,687,688,689,690,691,692,693,694,696,697,698,699,700,701,702,703,704,705,706,707,708,709,710,711,712,713,714,715,716,717,718,719,720,721,722,723,724,725,726,727,728,729,730,731,732,733],[134,642,651,681,682,683,684,685,686,687,688,689,690,691,692,693,694,696,697,698,699,700,701,702,703,704,705,706,707,708,709,710,711,712,713,714,715,716,717,718,719,720,721,722,723,724,725,726,727,728,729,730,731,732,733],[134,642,646,681,682,683,684,685,686,687,688,689,690,691,692,693,694,696,697,698,699,700,701,702,703,704,705,706,707,708,709,710,711,712,713,714,715,716,717,718,719,720,721,722,723,724,725,726,727,728,729,730,731,732,733],[134,642,648,651,681,682,683,684,685,686,687,688,689,690,691,692,693,694,696,697,698,699,700,701,702,703,704,705,706,707,708,709,710,711,712,713,714,715,716,717,718,719,720,721,722,723,724,725,726,727,728,729,730,731,732,733],[134,642,681,682,683,684,685,686,687,688,689,690,691,692,693,694,696,697,698,699,700,701,702,703,704,705,706,707,708,709,710,711,712,713,714,715,716,717,718,719,720,721,722,723,724,725,726,727,728,729,730,731,732,733,734],[134,642,646,681,682,683,684,685,686,687,688,689,690,691,692,693,694,696,697,698,699,700,701,702,703,704,705,706,707,708,709,710,711,712,713,714,715,716,717,718,719,720,721,722,723,724,725,726,727,728,729,730,731,732,733,734],[134,642,643,644,647,650,681,682,683,684,685,686,687,688,689,690,691,692,693,694,696,697,698,699,700,701,702,703,704,705,706,707,708,709,710,711,712,713,714,715,716,717,718,719,720,721,722,723,724,725,726,727,728,729,730,731,732,733],[134,642,651,658,681,682,683,684,685,686,687,688,689,690,691,692,693,694,696,697,698,699,700,701,702,703,704,705,706,707,708,709,710,711,712,713,714,715,716,717,718,719,720,721,722,723,724,725,726,727,728,729,730,731,732,733],[134,642,643,649,681,682,683,684,685,686,687,688,689,690,691,692,693,694,696,697,698,699,700,701,702,703,704,705,706,707,708,709,710,711,712,713,714,715,716,717,718,719,720,721,722,723,724,725,726,727,728,729,730,731,732,733],[134,642,651,672,673,681,682,683,684,685,686,687,688,689,690,691,692,693,694,696,697,698,699,700,701,702,703,704,705,706,707,708,709,710,711,712,713,714,715,716,717,718,719,720,721,722,723,724,725,726,727,728,729,730,731,732,733],[134,642,647,651,681,682,683,684,685,686,687,688,689,690,691,692,693,694,696,697,698,699,700,701,702,703,704,705,706,707,708,709,710,711,712,713,714,715,716,717,718,719,720,721,722,723,724,725,726,727,728,729,730,731,732,733,734],[134,642,672,681,682,683,684,685,686,687,688,689,690,691,692,693,694,696,697,698,699,700,701,702,703,704,705,706,707,708,709,710,711,712,713,714,715,716,717,718,719,720,721,722,723,724,725,726,727,728,729,730,731,732,733,734],[134,642,645,646,681,682,683,684,685,686,687,688,689,690,691,692,693,694,696,697,698,699,700,701,702,703,704,705,706,707,708,709,710,711,712,713,714,715,716,717,718,719,720,721,722,723,724,725,726,727,728,729,730,731,732,733,734],[134,642,645,646,647,648,649,650,651,652,653,655,656,657,658,659,660,661,662,663,664,665,666,667,668,669,670,671,673,674,675,676,677,678,681,682,683,684,685,686,687,688,689,690,691,692,693,694,696,697,698,699,700,701,702,703,704,705,706,707,708,709,710,711,712,713,714,715,716,717,718,719,720,721,722,723,724,725,726,727,728,729,730,731,732,733],[134,642,651,666,681,682,683,684,685,686,687,688,689,690,691,692,693,694,696,697,698,699,700,701,702,703,704,705,706,707,708,709,710,711,712,713,714,715,716,717,718,719,720,721,722,723,724,725,726,727,728,729,730,731,732,733],[134,642,651,658,659,681,682,683,684,685,686,687,688,689,690,691,692,693,694,696,697,698,699,700,701,702,703,704,705,706,707,708,709,710,711,712,713,714,715,716,717,718,719,720,721,722,723,724,725,726,727,728,729,730,731,732,733],[134,642,649,651,659,660,681,682,683,684,685,686,687,688,689,690,691,692,693,694,696,697,698,699,700,701,702,703,704,705,706,707,708,709,710,711,712,713,714,715,716,717,718,719,720,721,722,723,724,725,726,727,728,729,730,731,732,733],[134,642,650,681,682,683,684,685,686,687,688,689,690,691,692,693,694,696,697,698,699,700,701,702,703,704,705,706,707,708,709,710,711,712,713,714,715,716,717,718,719,720,721,722,723,724,725,726,727,728,729,730,731,732,733],[134,642,643,646,651,681,682,683,684,685,686,687,688,689,690,691,692,693,694,696,697,698,699,700,701,702,703,704,705,706,707,708,709,710,711,712,713,714,715,716,717,718,719,720,721,722,723,724,725,726,727,728,729,730,731,732,733],[134,642,651,655,659,660,681,682,683,684,685,686,687,688,689,690,691,692,693,694,696,697,698,699,700,701,702,703,704,705,706,707,708,709,710,711,712,713,714,715,716,717,718,719,720,721,722,723,724,725,726,727,728,729,730,731,732,733],[134,642,655,681,682,683,684,685,686,687,688,689,690,691,692,693,694,696,697,698,699,700,701,702,703,704,705,706,707,708,709,710,711,712,713,714,715,716,717,718,719,720,721,722,723,724,725,726,727,728,729,730,731,732,733],[134,642,649,651,654,681,682,683,684,685,686,687,688,689,690,691,692,693,694,696,697,698,699,700,701,702,703,704,705,706,707,708,709,710,711,712,713,714,715,716,717,718,719,720,721,722,723,724,725,726,727,728,729,730,731,732,733],[134,642,643,648,651,658,681,682,683,684,685,686,687,688,689,690,691,692,693,694,696,697,698,699,700,701,702,703,704,705,706,707,708,709,710,711,712,713,714,715,716,717,718,719,720,721,722,723,724,725,726,727,728,729,730,731,732,733],[134,642,646,651,672,681,682,683,684,685,686,687,688,689,690,691,692,693,694,696,697,698,699,700,701,702,703,704,705,706,707,708,709,710,711,712,713,714,715,716,717,718,719,720,721,722,723,724,725,726,727,728,729,730,731,732,733,734],[134,453,642,681,682,683,684,685,686,687,688,689,690,691,692,693,694,696,697,698,699,700,701,702,703,704,705,706,707,708,709,710,711,712,713,714,715,716,717,718,719,720,721,722,723,724,725,726,727,728,729,730,731,732,733],[134,471,642,681,682,683,684,685,686,687,688,689,690,691,692,693,694,696,697,698,699,700,701,702,703,704,705,706,707,708,709,710,711,712,713,714,715,716,717,718,719,720,721,722,723,724,725,726,727,728,729,730,731,732,733],[133,642,681,682,683,684,685,686,687,688,689,690,691,692,693,694,696,697,698,699,700,701,702,703,704,705,706,707,708,709,710,711,712,713,714,715,716,717,718,719,720,721,722,723,724,725,726,727,728,729,730,731,732,733],[129,134,642,681,682,683,684,685,686,687,688,689,690,691,692,693,694,696,697,698,699,700,701,702,703,704,705,706,707,708,709,710,711,712,713,714,715,716,717,718,719,720,721,722,723,724,725,726,727,728,729,730,731,732,733],[130,134,642,681,682,683,684,685,686,687,688,689,690,691,692,693,694,696,697,698,699,700,701,702,703,704,705,706,707,708,709,710,711,712,713,714,715,716,717,718,719,720,721,722,723,724,725,726,727,728,729,730,731,732,733],[131,132,134,642,681,682,683,684,685,686,687,688,689,690,691,692,693,694,696,697,698,699,700,701,702,703,704,705,706,707,708,709,710,711,712,713,714,715,716,717,718,719,720,721,722,723,724,725,726,727,728,729,730,731,732,733],[65,69,75,105,116,124,125,134,642,681,682,683,684,685,686,687,688,689,690,691,692,693,694,696,697,698,699,700,701,702,703,704,705,706,707,708,709,710,711,712,713,714,715,716,717,718,719,720,721,722,723,724,725,726,727,728,729,730,731,732,733],[60,120,121,134,642,681,682,683,684,685,686,687,688,689,690,691,692,693,694,696,697,698,699,700,701,702,703,704,705,706,707,708,709,710,711,712,713,714,715,716,717,718,719,720,721,722,723,724,725,726,727,728,729,730,731,732,733],[51,60,120,121,122,134,642,681,682,683,684,685,686,687,688,689,690,691,692,693,694,696,697,698,699,700,701,702,703,704,705,706,707,708,709,710,711,712,713,714,715,716,717,718,719,720,721,722,723,724,725,726,727,728,729,730,731,732,733],[51,62,116,134,642,681,682,683,684,685,686,687,688,689,690,691,692,693,694,696,697,698,699,700,701,702,703,704,705,706,707,708,709,710,711,712,713,714,715,716,717,718,719,720,721,722,723,724,725,726,727,728,729,730,731,732,733],[51,60,62,134,138,642,681,682,683,684,685,686,687,688,689,690,691,692,693,694,696,697,698,699,700,701,702,703,704,705,706,707,708,709,710,711,712,713,714,715,716,717,718,719,720,721,722,723,724,725,726,727,728,729,730,731,732,733],[51,62,134,142,144,642,681,682,683,684,685,686,687,688,689,690,691,692,693,694,696,697,698,699,700,701,702,703,704,705,706,707,708,709,710,711,712,713,714,715,716,717,718,719,720,721,722,723,724,725,726,727,728,729,730,731,732,733],[51,59,62,134,642,681,682,683,684,685,686,687,688,689,690,691,692,693,694,696,697,698,699,700,701,702,703,704,705,706,707,708,709,710,711,712,713,714,715,716,717,718,719,720,721,722,723,724,725,726,727,728,729,730,731,732,733],[134,147,642,681,682,683,684,685,686,687,688,689,690,691,692,693,694,696,697,698,699,700,701,702,703,704,705,706,707,708,709,710,711,712,713,714,715,716,717,718,719,720,721,722,723,724,725,726,727,728,729,730,731,732,733],[51,62,134,149,642,681,682,683,684,685,686,687,688,689,690,691,692,693,694,696,697,698,699,700,701,702,703,704,705,706,707,708,709,710,711,712,713,714,715,716,717,718,719,720,721,722,723,724,725,726,727,728,729,730,731,732,733],[51,60,62,134,143,642,681,682,683,684,685,686,687,688,689,690,691,692,693,694,696,697,698,699,700,701,702,703,704,705,706,707,708,709,710,711,712,713,714,715,716,717,718,719,720,721,722,723,724,725,726,727,728,729,730,731,732,733],[51,59,62,134,143,642,681,682,683,684,685,686,687,688,689,690,691,692,693,694,696,697,698,699,700,701,702,703,704,705,706,707,708,709,710,711,712,713,714,715,716,717,718,719,720,721,722,723,724,725,726,727,728,729,730,731,732,733],[51,60,62,134,144,410,642,681,682,683,684,685,686,687,688,689,690,691,692,693,694,696,697,698,699,700,701,702,703,704,705,706,707,708,709,710,711,712,713,714,715,716,717,718,719,720,721,722,723,724,725,726,727,728,729,730,731,732,733],[51,62,134,642,681,682,683,684,685,686,687,688,689,690,691,692,693,694,696,697,698,699,700,701,702,703,704,705,706,707,708,709,710,711,712,713,714,715,716,717,718,719,720,721,722,723,724,725,726,727,728,729,730,731,732,733],[51,60,62,134,144,448,642,681,682,683,684,685,686,687,688,689,690,691,692,693,694,696,697,698,699,700,701,702,703,704,705,706,707,708,709,710,711,712,713,714,715,716,717,718,719,720,721,722,723,724,725,726,727,728,729,730,731,732,733],[51,62,134,519,642,681,682,683,684,685,686,687,688,689,690,691,692,693,694,696,697,698,699,700,701,702,703,704,705,706,707,708,709,710,711,712,713,714,715,716,717,718,719,720,721,722,723,724,725,726,727,728,729,730,731,732,733],[51,60,62,134,521,642,681,682,683,684,685,686,687,688,689,690,691,692,693,694,696,697,698,699,700,701,702,703,704,705,706,707,708,709,710,711,712,713,714,715,716,717,718,719,720,721,722,723,724,725,726,727,728,729,730,731,732,733],[134,137,642,681,682,683,684,685,686,687,688,689,690,691,692,693,694,696,697,698,699,700,701,702,703,704,705,706,707,708,709,710,711,712,713,714,715,716,717,718,719,720,721,722,723,724,725,726,727,728,729,730,731,732,733],[51,60,62,134,141,524,525,642,681,682,683,684,685,686,687,688,689,690,691,692,693,694,696,697,698,699,700,701,702,703,704,705,706,707,708,709,710,711,712,713,714,715,716,717,718,719,720,721,722,723,724,725,726,727,728,729,730,731,732,733],[51,60,62,134,529,642,681,682,683,684,685,686,687,688,689,690,691,692,693,694,696,697,698,699,700,701,702,703,704,705,706,707,708,709,710,711,712,713,714,715,716,717,718,719,720,721,722,723,724,725,726,727,728,729,730,731,732,733],[51,60,62,134,141,642,681,682,683,684,685,686,687,688,689,690,691,692,693,694,696,697,698,699,700,701,702,703,704,705,706,707,708,709,710,711,712,713,714,715,716,717,718,719,720,721,722,723,724,725,726,727,728,729,730,731,732,733],[51,62,134,531,642,681,682,683,684,685,686,687,688,689,690,691,692,693,694,696,697,698,699,700,701,702,703,704,705,706,707,708,709,710,711,712,713,714,715,716,717,718,719,720,721,722,723,724,725,726,727,728,729,730,731,732,733],[51,60,62,134,533,642,681,682,683,684,685,686,687,688,689,690,691,692,693,694,696,697,698,699,700,701,702,703,704,705,706,707,708,709,710,711,712,713,714,715,716,717,718,719,720,721,722,723,724,725,726,727,728,729,730,731,732,733],[51,62,134,143,535,565,566,642,681,682,683,684,685,686,687,688,689,690,691,692,693,694,696,697,698,699,700,701,702,703,704,705,706,707,708,709,710,711,712,713,714,715,716,717,718,719,720,721,722,723,724,725,726,727,728,729,730,731,732,733],[51,62,134,568,642,681,682,683,684,685,686,687,688,689,690,691,692,693,694,696,697,698,699,700,701,702,703,704,705,706,707,708,709,710,711,712,713,714,715,716,717,718,719,720,721,722,723,724,725,726,727,728,729,730,731,732,733],[51,60,62,134,570,642,681,682,683,684,685,686,687,688,689,690,691,692,693,694,696,697,698,699,700,701,702,703,704,705,706,707,708,709,710,711,712,713,714,715,716,717,718,719,720,721,722,723,724,725,726,727,728,729,730,731,732,733],[51,59,62,134,535,642,681,682,683,684,685,686,687,688,689,690,691,692,693,694,696,697,698,699,700,701,702,703,704,705,706,707,708,709,710,711,712,713,714,715,716,717,718,719,720,721,722,723,724,725,726,727,728,729,730,731,732,733],[51,60,62,134,573,642,681,682,683,684,685,686,687,688,689,690,691,692,693,694,696,697,698,699,700,701,702,703,704,705,706,707,708,709,710,711,712,713,714,715,716,717,718,719,720,721,722,723,724,725,726,727,728,729,730,731,732,733],[51,59,60,62,134,576,642,681,682,683,684,685,686,687,688,689,690,691,692,693,694,696,697,698,699,700,701,702,703,704,705,706,707,708,709,710,711,712,713,714,715,716,717,718,719,720,721,722,723,724,725,726,727,728,729,730,731,732,733],[51,60,62,134,144,642,681,682,683,684,685,686,687,688,689,690,691,692,693,694,696,697,698,699,700,701,702,703,704,705,706,707,708,709,710,711,712,713,714,715,716,717,718,719,720,721,722,723,724,725,726,727,728,729,730,731,732,733],[51,62,134,579,642,681,682,683,684,685,686,687,688,689,690,691,692,693,694,696,697,698,699,700,701,702,703,704,705,706,707,708,709,710,711,712,713,714,715,716,717,718,719,720,721,722,723,724,725,726,727,728,729,730,731,732,733],[51,62,134,581,642,681,682,683,684,685,686,687,688,689,690,691,692,693,694,696,697,698,699,700,701,702,703,704,705,706,707,708,709,710,711,712,713,714,715,716,717,718,719,720,721,722,723,724,725,726,727,728,729,730,731,732,733],[51,60,62,134,583,642,681,682,683,684,685,686,687,688,689,690,691,692,693,694,696,697,698,699,700,701,702,703,704,705,706,707,708,709,710,711,712,713,714,715,716,717,718,719,720,721,722,723,724,725,726,727,728,729,730,731,732,733],[60,62,134,605,642,681,682,683,684,685,686,687,688,689,690,691,692,693,694,696,697,698,699,700,701,702,703,704,705,706,707,708,709,710,711,712,713,714,715,716,717,718,719,720,721,722,723,724,725,726,727,728,729,730,731,732,733],[51,62,134,607,642,681,682,683,684,685,686,687,688,689,690,691,692,693,694,696,697,698,699,700,701,702,703,704,705,706,707,708,709,710,711,712,713,714,715,716,717,718,719,720,721,722,723,724,725,726,727,728,729,730,731,732,733],[51,60,62,134,609,642,681,682,683,684,685,686,687,688,689,690,691,692,693,694,696,697,698,699,700,701,702,703,704,705,706,707,708,709,710,711,712,713,714,715,716,717,718,719,720,721,722,723,724,725,726,727,728,729,730,731,732,733],[51,62,134,611,642,681,682,683,684,685,686,687,688,689,690,691,692,693,694,696,697,698,699,700,701,702,703,704,705,706,707,708,709,710,711,712,713,714,715,716,717,718,719,720,721,722,723,724,725,726,727,728,729,730,731,732,733],[51,59,60,62,134,141,642,681,682,683,684,685,686,687,688,689,690,691,692,693,694,696,697,698,699,700,701,702,703,704,705,706,707,708,709,710,711,712,713,714,715,716,717,718,719,720,721,722,723,724,725,726,727,728,729,730,731,732,733],[51,59,60,62,75,134,143,144,572,612,613,614,615,642,681,682,683,684,685,686,687,688,689,690,691,692,693,694,696,697,698,699,700,701,702,703,704,705,706,707,708,709,710,711,712,713,714,715,716,717,718,719,720,721,722,723,724,725,726,727,728,729,730,731,732,733],[62,134,642,681,682,683,684,685,686,687,688,689,690,691,692,693,694,696,697,698,699,700,701,702,703,704,705,706,707,708,709,710,711,712,713,714,715,716,717,718,719,720,721,722,723,724,725,726,727,728,729,730,731,732,733],[51,62,134,617,642,681,682,683,684,685,686,687,688,689,690,691,692,693,694,696,697,698,699,700,701,702,703,704,705,706,707,708,709,710,711,712,713,714,715,716,717,718,719,720,721,722,723,724,725,726,727,728,729,730,731,732,733],[67,68,134,642,681,682,683,684,685,686,687,688,689,690,691,692,693,694,696,697,698,699,700,701,702,703,704,705,706,707,708,709,710,711,712,713,714,715,716,717,718,719,720,721,722,723,724,725,726,727,728,729,730,731,732,733],[51,62,134,619,642,681,682,683,684,685,686,687,688,689,690,691,692,693,694,696,697,698,699,700,701,702,703,704,705,706,707,708,709,710,711,712,713,714,715,716,717,718,719,720,721,722,723,724,725,726,727,728,729,730,731,732,733],[51,62,134,622,642,681,682,683,684,685,686,687,688,689,690,691,692,693,694,696,697,698,699,700,701,702,703,704,705,706,707,708,709,710,711,712,713,714,715,716,717,718,719,720,721,722,723,724,725,726,727,728,729,730,731,732,733],[51,56,59,60,62,134,642,681,682,683,684,685,686,687,688,689,690,691,692,693,694,696,697,698,699,700,701,702,703,704,705,706,707,708,709,710,711,712,713,714,715,716,717,718,719,720,721,722,723,724,725,726,727,728,729,730,731,732,733],[63,64,134,642,681,682,683,684,685,686,687,688,689,690,691,692,693,694,696,697,698,699,700,701,702,703,704,705,706,707,708,709,710,711,712,713,714,715,716,717,718,719,720,721,722,723,724,725,726,727,728,729,730,731,732,733],[51,59,62,134,626,627,642,681,682,683,684,685,686,687,688,689,690,691,692,693,694,696,697,698,699,700,701,702,703,704,705,706,707,708,709,710,711,712,713,714,715,716,717,718,719,720,721,722,723,724,725,726,727,728,729,730,731,732,733],[51,59,62,134,625,642,681,682,683,684,685,686,687,688,689,690,691,692,693,694,696,697,698,699,700,701,702,703,704,705,706,707,708,709,710,711,712,713,714,715,716,717,718,719,720,721,722,723,724,725,726,727,728,729,730,731,732,733],[51,62,74,134,642,681,682,683,684,685,686,687,688,689,690,691,692,693,694,696,697,698,699,700,701,702,703,704,705,706,707,708,709,710,711,712,713,714,715,716,717,718,719,720,721,722,723,724,725,726,727,728,729,730,731,732,733],[64,134,642,681,682,683,684,685,686,687,688,689,690,691,692,693,694,696,697,698,699,700,701,702,703,704,705,706,707,708,709,710,711,712,713,714,715,716,717,718,719,720,721,722,723,724,725,726,727,728,729,730,731,732,733],[51,63,134,642,681,682,683,684,685,686,687,688,689,690,691,692,693,694,696,697,698,699,700,701,702,703,704,705,706,707,708,709,710,711,712,713,714,715,716,717,718,719,720,721,722,723,724,725,726,727,728,729,730,731,732,733],[57,61,134,642,681,682,683,684,685,686,687,688,689,690,691,692,693,694,696,697,698,699,700,701,702,703,704,705,706,707,708,709,710,711,712,713,714,715,716,717,718,719,720,721,722,723,724,725,726,727,728,729,730,731,732,733],[126,127,134,642,681,682,683,684,685,686,687,688,689,690,691,692,693,694,696,697,698,699,700,701,702,703,704,705,706,707,708,709,710,711,712,713,714,715,716,717,718,719,720,721,722,723,724,725,726,727,728,729,730,731,732,733],[51,60,120,121,123,134,642,681,682,683,684,685,686,687,688,689,690,691,692,693,694,696,697,698,699,700,701,702,703,704,705,706,707,708,709,710,711,712,713,714,715,716,717,718,719,720,721,722,723,724,725,726,727,728,729,730,731,732,733],[51,116,134,642,681,682,683,684,685,686,687,688,689,690,691,692,693,694,696,697,698,699,700,701,702,703,704,705,706,707,708,709,710,711,712,713,714,715,716,717,718,719,720,721,722,723,724,725,726,727,728,729,730,731,732,733]],"options":{"allowImportingTsExtensions":true,"jsx":4,"module":99,"noFallthroughCasesInSwitch":false,"noImplicitAny":false,"noUnusedLocals":false,"noUnusedParameters":false,"skipLibCheck":true,"strict":false,"target":7,"useDefineForClassFields":true},"referencedMap":[[138,1],[142,2],[70,3],[147,3],[149,4],[521,5],[137,4],[529,6],[53,7],[141,8],[55,3],[533,6],[140,3],[568,9],[535,3],[528,10],[573,11],[576,12],[579,13],[72,14],[73,3],[54,7],[581,4],[583,15],[527,4],[607,4],[609,13],[611,3],[617,4],[143,7],[619,4],[622,15],[56,16],[626,17],[625,3],[74,9],[575,3],[71,18],[106,18],[109,19],[108,20],[107,21],[82,22],[78,23],[85,24],[80,25],[81,18],[83,22],[79,25],[76,18],[84,25],[77,18],[98,26],[104,7],[96,26],[97,27],[105,28],[95,29],[102,29],[88,29],[86,30],[103,31],[99,30],[101,29],[100,30],[94,30],[93,29],[87,29],[89,32],[91,29],[92,29],[90,29],[630,18],[631,18],[632,18],[633,33],[470,18],[453,34],[471,35],[452,18],[634,18],[635,18],[636,18],[681,36],[682,37],[683,38],[642,39],[684,40],[685,41],[686,42],[637,18],[640,43],[638,18],[639,18],[687,44],[688,45],[689,46],[690,47],[691,48],[692,49],[693,50],[695,18],[694,51],[696,52],[697,53],[698,54],[680,55],[641,18],[699,56],[700,57],[701,58],[734,59],[702,60],[703,61],[704,62],[705,63],[706,64],[707,65],[708,66],[709,67],[710,68],[711,69],[712,70],[713,71],[714,72],[715,73],[716,74],[718,75],[717,76],[719,77],[720,78],[721,79],[722,80],[723,81],[724,82],[725,83],[726,84],[727,85],[728,86],[729,87],[730,88],[731,89],[732,90],[733,91],[50,18],[127,7],[735,7],[48,18],[51,92],[52,7],[59,93],[58,94],[57,18],[524,95],[49,18],[240,96],[219,97],[316,18],[220,98],[156,96],[157,18],[158,18],[159,18],[160,18],[161,18],[162,18],[163,18],[164,18],[165,18],[166,18],[167,18],[168,96],[169,96],[170,18],[171,18],[172,18],[173,18],[174,18],[175,18],[176,18],[177,18],[178,18],[179,18],[180,18],[181,18],[182,18],[183,96],[184,18],[185,18],[186,96],[187,18],[188,18],[189,96],[190,18],[191,96],[192,96],[193,96],[194,18],[195,96],[196,96],[197,96],[198,96],[199,96],[200,96],[201,96],[202,18],[203,18],[204,96],[205,18],[206,18],[207,18],[208,18],[209,18],[210,18],[211,18],[212,18],[213,18],[214,18],[215,18],[216,96],[217,18],[218,18],[221,99],[222,96],[223,96],[224,100],[225,101],[226,96],[227,96],[228,96],[229,96],[230,18],[231,18],[232,96],[154,18],[233,18],[234,18],[235,18],[236,18],[237,18],[238,18],[239,18],[241,102],[242,18],[243,18],[244,18],[245,18],[246,18],[247,18],[248,18],[249,18],[250,96],[251,18],[252,18],[253,18],[254,18],[255,96],[256,96],[257,96],[258,96],[259,18],[260,18],[261,18],[262,18],[409,103],[263,96],[264,96],[265,18],[266,18],[267,18],[268,18],[269,18],[270,18],[271,18],[272,18],[273,18],[274,18],[275,18],[276,18],[277,96],[278,18],[279,18],[280,18],[281,18],[282,18],[283,18],[284,18],[285,18],[286,18],[287,18],[288,96],[289,18],[290,18],[291,18],[292,18],[293,18],[294,18],[295,18],[296,18],[297,18],[298,96],[299,18],[300,18],[301,18],[302,18],[303,18],[304,18],[305,18],[306,18],[307,96],[308,18],[309,18],[310,18],[311,18],[312,18],[313,18],[314,96],[315,18],[317,104],[153,96],[318,18],[319,96],[320,18],[321,18],[322,18],[323,18],[324,18],[325,18],[326,18],[327,18],[328,18],[329,96],[330,18],[331,18],[332,18],[333,18],[334,18],[335,18],[336,18],[341,105],[339,106],[338,107],[340,108],[337,96],[342,18],[343,18],[344,96],[345,18],[346,18],[347,18],[348,18],[349,18],[350,18],[351,18],[352,18],[353,18],[354,96],[355,96],[356,18],[357,18],[358,18],[359,96],[360,18],[361,96],[362,18],[363,102],[364,18],[365,18],[366,18],[367,18],[368,18],[369,18],[370,18],[371,18],[372,18],[373,96],[374,96],[375,18],[376,18],[377,18],[378,18],[379,18],[380,18],[381,18],[382,18],[383,18],[384,18],[385,18],[386,18],[387,96],[388,96],[389,18],[390,18],[391,96],[392,18],[393,18],[394,18],[395,18],[396,18],[397,18],[398,18],[399,18],[400,18],[401,18],[402,18],[403,18],[404,96],[155,109],[405,18],[406,18],[407,18],[408,18],[447,110],[448,111],[413,18],[421,112],[415,113],[422,18],[444,114],[419,115],[443,116],[440,117],[423,118],[424,18],[417,18],[414,18],[445,119],[441,120],[425,18],[442,121],[426,122],[428,123],[429,124],[418,125],[430,126],[431,125],[433,126],[434,127],[435,128],[437,129],[432,130],[438,131],[439,132],[416,133],[436,134],[427,18],[420,135],[446,136],[119,137],[120,138],[570,7],[60,7],[118,139],[117,18],[67,140],[66,7],[410,141],[536,18],[551,142],[552,142],[565,143],[553,144],[554,144],[555,145],[549,146],[547,147],[538,18],[542,148],[546,149],[544,150],[550,151],[539,152],[540,153],[541,154],[543,155],[545,156],[548,157],[556,144],[557,144],[558,144],[559,142],[560,144],[561,144],[537,144],[562,18],[564,158],[563,144],[585,7],[587,159],[589,160],[588,161],[590,18],[604,162],[586,18],[591,18],[592,18],[593,18],[594,18],[595,18],[596,18],[597,18],[598,18],[599,18],[600,163],[602,164],[603,164],[601,18],[605,165],[115,166],[116,167],[114,168],[111,169],[110,170],[113,171],[112,169],[493,172],[495,173],[485,174],[490,175],[491,176],[497,177],[492,178],[489,179],[488,180],[487,181],[498,182],[455,175],[456,175],[496,175],[501,183],[511,184],[505,184],[513,184],[517,184],[504,184],[506,184],[509,184],[512,184],[508,185],[510,184],[514,7],[507,175],[503,186],[502,187],[464,7],[468,7],[458,175],[461,7],[466,175],[467,188],[460,189],[463,7],[465,7],[462,190],[451,7],[450,7],[519,191],[516,192],[482,193],[481,175],[479,7],[480,175],[483,194],[484,195],[477,7],[473,196],[476,175],[475,175],[474,175],[469,175],[478,196],[515,175],[494,197],[500,198],[518,18],[486,18],[499,199],[459,18],[457,200],[68,7],[61,18],[658,201],[668,202],[657,201],[678,203],[649,204],[648,18],[677,205],[671,206],[676,204],[651,207],[665,208],[650,209],[674,210],[646,211],[645,205],[675,212],[647,213],[652,202],[653,18],[656,202],[643,18],[679,214],[669,215],[660,216],[661,217],[663,218],[659,219],[662,220],[672,205],[654,221],[655,222],[664,223],[644,18],[667,215],[666,202],[670,18],[673,224],[531,95],[454,225],[472,226],[134,227],[130,228],[129,18],[131,229],[132,18],[133,230],[126,231],[122,232],[123,233],[136,234],[139,235],[145,236],[146,237],[148,238],[150,239],[151,237],[152,240],[144,241],[411,242],[412,243],[449,244],[520,245],[522,246],[523,247],[526,248],[530,249],[525,250],[532,251],[534,252],[567,253],[569,254],[571,255],[572,243],[566,256],[574,257],[577,258],[578,259],[580,260],[582,261],[584,262],[606,263],[608,264],[610,265],[612,266],[613,267],[616,268],[615,269],[618,270],[69,271],[620,272],[621,243],[623,273],[624,243],[63,274],[65,275],[628,276],[627,277],[75,278],[629,279],[614,7],[64,280],[62,281],[128,282],[124,283],[125,284],[121,18],[135,18],[46,18],[47,18],[8,18],[9,18],[11,18],[10,18],[2,18],[12,18],[13,18],[14,18],[15,18],[16,18],[17,18],[18,18],[19,18],[3,18],[20,18],[21,18],[4,18],[22,18],[26,18],[23,18],[24,18],[25,18],[27,18],[28,18],[29,18],[5,18],[30,18],[31,18],[32,18],[33,18],[6,18],[37,18],[34,18],[35,18],[36,18],[38,18],[7,18],[39,18],[44,18],[45,18],[40,18],[41,18],[42,18],[43,18],[1,18]],"affectedFilesPendingEmit":[126,122,123,136,139,145,146,148,150,151,152,144,411,412,449,520,522,523,526,530,525,532,534,567,569,571,572,566,574,577,578,580,582,584,606,608,610,612,613,616,615,618,69,620,621,623,624,63,65,628,627,75,629,614,64,62,128,124,125,121]}"

tsconfig.app.json: "{
  "compilerOptions": {
    "allowImportingTsExtensions": true,
    "isolatedModules": true,
    "jsx": "react-jsx",
    "lib": [
      "ES2020",
      "DOM",
      "DOM.Iterable"
    ],
    "module": "ESNext",
    "moduleDetection": "force",
    "moduleResolution": "bundler",
    "noEmit": true,
    "noFallthroughCasesInSwitch": false,
    "noImplicitAny": false,
    "noUnusedLocals": false,
    "noUnusedParameters": false,
    "paths": {
      "@/*": [
        "./src/*"
      ]
    },
    "skipLibCheck": true,
    "strict": false,
    "target": "ES2020",
    "useDefineForClassFields": true
  },
  "include": [
    "src"
  ]
}"

tailwind.config.ts: "import type { Config } from "tailwindcss";

export default {
  darkMode: ["class"],
  content: ["./pages/**/*.{ts,tsx}", "./components/**/*.{ts,tsx}", "./app/**/*.{ts,tsx}", "./src/**/*.{ts,tsx}"],
  prefix: "",
  theme: {
    container: {
      center: true,
      padding: "2rem",
      screens: {
        "2xl": "1400px",
      },
    },
    extend: {
      fontFamily: {
        sans: ['Inter', 'system-ui', 'sans-serif'],
        display: ['Sora', 'system-ui', 'sans-serif'],
      },
      colors: {
        border: "hsl(var(--border))",
        input: "hsl(var(--input))",
        ring: "hsl(var(--ring))",
        background: "hsl(var(--background))",
        foreground: "hsl(var(--foreground))",
        primary: {
          DEFAULT: "hsl(var(--primary))",
          foreground: "hsl(var(--primary-foreground))",
        },
        secondary: {
          DEFAULT: "hsl(var(--secondary))",
          foreground: "hsl(var(--secondary-foreground))",
        },
        destructive: {
          DEFAULT: "hsl(var(--destructive))",
          foreground: "hsl(var(--destructive-foreground))",
        },
        muted: {
          DEFAULT: "hsl(var(--muted))",
          foreground: "hsl(var(--muted-foreground))",
        },
        accent: {
          DEFAULT: "hsl(var(--accent))",
          foreground: "hsl(var(--accent-foreground))",
        },
        popover: {
          DEFAULT: "hsl(var(--popover))",
          foreground: "hsl(var(--popover-foreground))",
        },
        card: {
          DEFAULT: "hsl(var(--card))",
          foreground: "hsl(var(--card-foreground))",
        },
        overlay: {
          bg: "hsl(var(--overlay-bg))",
          glass: "hsl(var(--overlay-glass))",
          border: "hsl(var(--overlay-border))",
          glow: "hsl(var(--overlay-glow))",
        },
        sidebar: {
          DEFAULT: "hsl(var(--sidebar-background))",
          foreground: "hsl(var(--sidebar-foreground))",
          primary: "hsl(var(--sidebar-primary))",
          "primary-foreground": "hsl(var(--sidebar-primary-foreground))",
          accent: "hsl(var(--sidebar-accent))",
          "accent-foreground": "hsl(var(--sidebar-accent-foreground))",
          border: "hsl(var(--sidebar-border))",
          ring: "hsl(var(--sidebar-ring))",
        },
      },
      borderRadius: {
        lg: "var(--radius)",
        md: "calc(var(--radius) - 2px)",
        sm: "calc(var(--radius) - 4px)",
        xl: "calc(var(--radius) + 4px)",
        "2xl": "calc(var(--radius) + 8px)",
      },
      keyframes: {
        "accordion-down": {
          from: { height: "0" },
          to: { height: "var(--radix-accordion-content-height)" },
        },
        "accordion-up": {
          from: { height: "var(--radix-accordion-content-height)" },
          to: { height: "0" },
        },
        "slide-in-left": {
          from: { opacity: "0", transform: "translateX(-100px) scale(0.95)" },
          to: { opacity: "1", transform: "translateX(0) scale(1)" },
        },
        "slide-in-right": {
          from: { opacity: "0", transform: "translateX(100px) scale(0.95)" },
          to: { opacity: "1", transform: "translateX(0) scale(1)" },
        },
        "fade-up": {
          from: { opacity: "0", transform: "translateY(20px)" },
          to: { opacity: "1", transform: "translateY(0)" },
        },
        "scale-in": {
          from: { opacity: "0", transform: "scale(0.9)" },
          to: { opacity: "1", transform: "scale(1)" },
        },
        shimmer: {
          from: { backgroundPosition: "200% 0" },
          to: { backgroundPosition: "-200% 0" },
        },
      },
      animation: {
        "accordion-down": "accordion-down 0.2s ease-out",
        "accordion-up": "accordion-up 0.2s ease-out",
        "slide-in-left": "slide-in-left 0.5s ease-out",
        "slide-in-right": "slide-in-right 0.5s ease-out",
        "fade-up": "fade-up 0.4s ease-out",
        "scale-in": "scale-in 0.3s ease-out",
        shimmer: "shimmer 2s linear infinite",
      },
      backdropBlur: {
        xs: "2px",
      },
    },
  },
  plugins: [require("tailwindcss-animate")],
} satisfies Config;
"

README.md: "# Welcome to your Lovable project

## Project info

**URL**: https://lovable.dev/projects/REPLACE_WITH_PROJECT_ID

## How can I edit this code?

There are several ways of editing your application.

**Use Lovable**

Simply visit the [Lovable Project](https://lovable.dev/projects/REPLACE_WITH_PROJECT_ID) and start prompting.

Changes made via Lovable will be committed automatically to this repo.

**Use your preferred IDE**

If you want to work locally using your own IDE, you can clone this repo and push changes. Pushed changes will also be reflected in Lovable.

The only requirement is having Node.js & npm installed - [install with nvm](https://github.com/nvm-sh/nvm#installing-and-updating)

Follow these steps:

```sh
# Step 1: Clone the repository using the project's Git URL.
git clone <YOUR_GIT_URL>

# Step 2: Navigate to the project directory.
cd <YOUR_PROJECT_NAME>

# Step 3: Install the necessary dependencies.
npm i

# Step 4: Start the development server with auto-reloading and an instant preview.
npm run dev
```

**Edit a file directly in GitHub**

- Navigate to the desired file(s).
- Click the "Edit" button (pencil icon) at the top right of the file view.
- Make your changes and commit the changes.

**Use GitHub Codespaces**

- Navigate to the main page of your repository.
- Click on the "Code" button (green button) near the top right.
- Select the "Codespaces" tab.
- Click on "New codespace" to launch a new Codespace environment.
- Edit files directly within the Codespace and commit and push your changes once you're done.

## What technologies are used for this project?

This project is built with:

- Vite
- TypeScript
- React
- shadcn-ui
- Tailwind CSS

## How can I deploy this project?

Simply open [Lovable](https://lovable.dev/projects/REPLACE_WITH_PROJECT_ID) and click on Share -> Publish.

## Can I connect a custom domain to my Lovable project?

Yes, you can!

To connect a domain, navigate to Project > Settings > Domains and click Connect Domain.

Read more here: [Setting up a custom domain](https://docs.lovable.dev/features/custom-domain#custom-domain)
"

postcss.config.js: "export default {
  plugins: {
    tailwindcss: {},
    autoprefixer: {},
  },
};
"

package.json: "{
  "name": "vite_react_shadcn_ts",
  "private": true,
  "version": "0.0.0",
  "type": "module",
  "scripts": {
    "dev": "vite",
    "build": "vite build",
    "build:dev": "vite build --mode development",
    "lint": "eslint .",
    "preview": "vite preview"
  },
  "dependencies": {
    "@hookform/resolvers": "^3.10.0",
    "@radix-ui/react-accordion": "^1.2.11",
    "@radix-ui/react-alert-dialog": "^1.1.14",
    "@radix-ui/react-aspect-ratio": "^1.1.7",
    "@radix-ui/react-avatar": "^1.1.10",
    "@radix-ui/react-checkbox": "^1.3.2",
    "@radix-ui/react-collapsible": "^1.1.11",
    "@radix-ui/react-context-menu": "^2.2.15",
    "@radix-ui/react-dialog": "^1.1.14",
    "@radix-ui/react-dropdown-menu": "^2.1.15",
    "@radix-ui/react-hover-card": "^1.1.14",
    "@radix-ui/react-label": "^2.1.7",
    "@radix-ui/react-menubar": "^1.1.15",
    "@radix-ui/react-navigation-menu": "^1.2.13",
    "@radix-ui/react-popover": "^1.1.14",
    "@radix-ui/react-progress": "^1.1.7",
    "@radix-ui/react-radio-group": "^1.3.7",
    "@radix-ui/react-scroll-area": "^1.2.9",
    "@radix-ui/react-select": "^2.2.5",
    "@radix-ui/react-separator": "^1.1.7",
    "@radix-ui/react-slider": "^1.3.5",
    "@radix-ui/react-slot": "^1.2.3",
    "@radix-ui/react-switch": "^1.2.5",
    "@radix-ui/react-tabs": "^1.1.12",
    "@radix-ui/react-toast": "^1.2.14",
    "@radix-ui/react-toggle": "^1.1.9",
    "@radix-ui/react-toggle-group": "^1.1.10",
    "@radix-ui/react-tooltip": "^1.2.7",
    "@tanstack/react-query": "^5.83.0",
    "class-variance-authority": "^0.7.1",
    "clsx": "^2.1.1",
    "cmdk": "^1.1.1",
    "date-fns": "^3.6.0",
    "embla-carousel-react": "^8.6.0",
    "framer-motion": "^12.23.26",
    "input-otp": "^1.4.2",
    "lucide-react": "^0.462.0",
    "next-themes": "^0.3.0",
    "react": "^18.3.1",
    "react-day-picker": "^8.10.1",
    "react-dom": "^18.3.1",
    "react-hook-form": "^7.61.1",
    "react-resizable-panels": "^2.1.9",
    "react-router-dom": "^6.30.1",
    "recharts": "^2.15.4",
    "sonner": "^1.7.4",
    "tailwind-merge": "^2.6.0",
    "tailwindcss-animate": "^1.0.7",
    "vaul": "^0.9.9",
    "zod": "^3.25.76"
  },
  "devDependencies": {
    "@eslint/js": "^9.32.0",
    "@tailwindcss/typography": "^0.5.16",
    "@types/node": "^22.16.5",
    "@types/react": "^18.3.23",
    "@types/react-dom": "^18.3.7",
    "@vitejs/plugin-react-swc": "^3.11.0",
    "autoprefixer": "^10.4.21",
    "eslint": "^9.32.0",
    "eslint-plugin-react-hooks": "^5.2.0",
    "eslint-plugin-react-refresh": "^0.4.20",
    "globals": "^15.15.0",
    "lovable-tagger": "^1.1.13",
    "postcss": "^8.5.6",
    "tailwindcss": "^3.4.17",
    "typescript": "^5.8.3",
    "typescript-eslint": "^8.38.0",
    "vite": "^5.4.19"
  }
}"

index.html: "<!doctype html>
<html lang="en">
  <head>
    <meta charset="UTF-8" />
    <meta name="viewport" content="width=device-width, initial-scale=1.0" />
    <!-- TODO: Set the document title to the name of your application -->
    <title>Lovable App</title>
    <meta name="description" content="Lovable Generated Project" />
    <meta name="author" content="Lovable" />

    <!-- TODO: Update og:title to match your application name -->
    <meta property="og:title" content="Lovable App" />
    <meta property="og:description" content="Lovable Generated Project" />
    <meta property="og:type" content="website" />
    <meta property="og:image" content="https://lovable.dev/opengraph-image-p98pqg.png" />

    <meta name="twitter:card" content="summary_large_image" />
    <meta name="twitter:site" content="@Lovable" />
    <meta name="twitter:image" content="https://lovable.dev/opengraph-image-p98pqg.png" />
  </head>

  <body>
    <div id="root"></div>
    <script type="module" src="/src/main.tsx"></script>
  </body>
</html>
"

eslint.config.js: "import js from "@eslint/js";
import globals from "globals";
import reactHooks from "eslint-plugin-react-hooks";
import reactRefresh from "eslint-plugin-react-refresh";
import tseslint from "typescript-eslint";

export default tseslint.config(
  { ignores: ["dist"] },
  {
    extends: [js.configs.recommended, ...tseslint.configs.recommended],
    files: ["**/*.{ts,tsx}"],
    languageOptions: {
      ecmaVersion: 2020,
      globals: globals.browser,
    },
    plugins: {
      "react-hooks": reactHooks,
      "react-refresh": reactRefresh,
    },
    rules: {
      ...reactHooks.configs.recommended.rules,
      "react-refresh/only-export-components": ["warn", { allowConstantExport: true }],
      "@typescript-eslint/no-unused-vars": "off",
    },
  },
);
"

components.json: "{
  "$schema": "https://ui.shadcn.com/schema.json",
  "style": "default",
  "rsc": false,
  "tsx": true,
  "tailwind": {
    "config": "tailwind.config.ts",
    "css": "src/index.css",
    "baseColor": "slate",
    "cssVariables": true,
    "prefix": ""
  },
  "aliases": {
    "components": "@/components",
    "utils": "@/lib/utils",
    "ui": "@/components/ui",
    "lib": "@/lib",
    "hooks": "@/hooks"
  }
}
"

bun.lock: "{
  "lockfileVersion": 1,
  "configVersion": 1,
  "workspaces": {
    "": {
      "name": "vite_react_shadcn_ts",
      "dependencies": {
        "@hookform/resolvers": "^3.10.0",
        "@radix-ui/react-accordion": "^1.2.11",
        "@radix-ui/react-alert-dialog": "^1.1.14",
        "@radix-ui/react-aspect-ratio": "^1.1.7",
        "@radix-ui/react-avatar": "^1.1.10",
        "@radix-ui/react-checkbox": "^1.3.2",
        "@radix-ui/react-collapsible": "^1.1.11",
        "@radix-ui/react-context-menu": "^2.2.15",
        "@radix-ui/react-dialog": "^1.1.14",
        "@radix-ui/react-dropdown-menu": "^2.1.15",
        "@radix-ui/react-hover-card": "^1.1.14",
        "@radix-ui/react-label": "^2.1.7",
        "@radix-ui/react-menubar": "^1.1.15",
        "@radix-ui/react-navigation-menu": "^1.2.13",
        "@radix-ui/react-popover": "^1.1.14",
        "@radix-ui/react-progress": "^1.1.7",
        "@radix-ui/react-radio-group": "^1.3.7",
        "@radix-ui/react-scroll-area": "^1.2.9",
        "@radix-ui/react-select": "^2.2.5",
        "@radix-ui/react-separator": "^1.1.7",
        "@radix-ui/react-slider": "^1.3.5",
        "@radix-ui/react-slot": "^1.2.3",
        "@radix-ui/react-switch": "^1.2.5",
        "@radix-ui/react-tabs": "^1.1.12",
        "@radix-ui/react-toast": "^1.2.14",
        "@radix-ui/react-toggle": "^1.1.9",
        "@radix-ui/react-toggle-group": "^1.1.10",
        "@radix-ui/react-tooltip": "^1.2.7",
        "@tanstack/react-query": "^5.83.0",
        "class-variance-authority": "^0.7.1",
        "clsx": "^2.1.1",
        "cmdk": "^1.1.1",
        "date-fns": "^3.6.0",
        "embla-carousel-react": "^8.6.0",
        "framer-motion": "^12.23.26",
        "input-otp": "^1.4.2",
        "lucide-react": "^0.462.0",
        "next-themes": "^0.3.0",
        "react": "^18.3.1",
        "react-day-picker": "^8.10.1",
        "react-dom": "^18.3.1",
        "react-hook-form": "^7.61.1",
        "react-resizable-panels": "^2.1.9",
        "react-router-dom": "^6.30.1",
        "recharts": "^2.15.4",
        "sonner": "^1.7.4",
        "tailwind-merge": "^2.6.0",
        "tailwindcss-animate": "^1.0.7",
        "vaul": "^0.9.9",
        "zod": "^3.25.76",
      },
      "devDependencies": {
        "@eslint/js": "^9.32.0",
        "@tailwindcss/typography": "^0.5.16",
        "@types/node": "^22.16.5",
        "@types/react": "^18.3.23",
        "@types/react-dom": "^18.3.7",
        "@vitejs/plugin-react-swc": "^3.11.0",
        "autoprefixer": "^10.4.21",
        "eslint": "^9.32.0",
        "eslint-plugin-react-hooks": "^5.2.0",
        "eslint-plugin-react-refresh": "^0.4.20",
        "globals": "^15.15.0",
        "lovable-tagger": "^1.1.13",
        "postcss": "^8.5.6",
        "tailwindcss": "^3.4.17",
        "typescript": "^5.8.3",
        "typescript-eslint": "^8.38.0",
        "vite": "^5.4.19",
      },
    },
  },
  "packages": {
    "@alloc/quick-lru": ["@alloc/quick-lru@5.2.0", "", {}, "sha512-UrcABB+4bUrFABwbluTIBErXwvbsU/V7TZWfmbgJfbkwiBuziS9gxdODUyuiecfdGQ85jglMW6juS3+z5TsKLw=="],

    "@babel/runtime": ["@babel/runtime@7.28.2", "", {}, "sha512-KHp2IflsnGywDjBWDkR9iEqiWSpc8GIi0lgTT3mOElT0PP1tG26P4tmFI2YvAdzgq9RGyoHZQEIEdZy6Ec5xCA=="],

    "@esbuild/aix-ppc64": ["@esbuild/aix-ppc64@0.25.0", "", { "os": "aix", "cpu": "ppc64" }, "sha512-O7vun9Sf8DFjH2UtqK8Ku3LkquL9SZL8OLY1T5NZkA34+wG3OQF7cl4Ql8vdNzM6fzBbYfLaiRLIOZ+2FOCgBQ=="],

    "@esbuild/android-arm": ["@esbuild/android-arm@0.25.0", "", { "os": "android", "cpu": "arm" }, "sha512-PTyWCYYiU0+1eJKmw21lWtC+d08JDZPQ5g+kFyxP0V+es6VPPSUhM6zk8iImp2jbV6GwjX4pap0JFbUQN65X1g=="],

    "@esbuild/android-arm64": ["@esbuild/android-arm64@0.25.0", "", { "os": "android", "cpu": "arm64" }, "sha512-grvv8WncGjDSyUBjN9yHXNt+cq0snxXbDxy5pJtzMKGmmpPxeAmAhWxXI+01lU5rwZomDgD3kJwulEnhTRUd6g=="],

    "@esbuild/android-x64": ["@esbuild/android-x64@0.25.0", "", { "os": "android", "cpu": "x64" }, "sha512-m/ix7SfKG5buCnxasr52+LI78SQ+wgdENi9CqyCXwjVR2X4Jkz+BpC3le3AoBPYTC9NHklwngVXvbJ9/Akhrfg=="],

    "@esbuild/darwin-arm64": ["@esbuild/darwin-arm64@0.25.0", "", { "os": "darwin", "cpu": "arm64" }, "sha512-mVwdUb5SRkPayVadIOI78K7aAnPamoeFR2bT5nszFUZ9P8UpK4ratOdYbZZXYSqPKMHfS1wdHCJk1P1EZpRdvw=="],

    "@esbuild/darwin-x64": ["@esbuild/darwin-x64@0.25.0", "", { "os": "darwin", "cpu": "x64" }, "sha512-DgDaYsPWFTS4S3nWpFcMn/33ZZwAAeAFKNHNa1QN0rI4pUjgqf0f7ONmXf6d22tqTY+H9FNdgeaAa+YIFUn2Rg=="],

    "@esbuild/freebsd-arm64": ["@esbuild/freebsd-arm64@0.25.0", "", { "os": "freebsd", "cpu": "arm64" }, "sha512-VN4ocxy6dxefN1MepBx/iD1dH5K8qNtNe227I0mnTRjry8tj5MRk4zprLEdG8WPyAPb93/e4pSgi1SoHdgOa4w=="],

    "@esbuild/freebsd-x64": ["@esbuild/freebsd-x64@0.25.0", "", { "os": "freebsd", "cpu": "x64" }, "sha512-mrSgt7lCh07FY+hDD1TxiTyIHyttn6vnjesnPoVDNmDfOmggTLXRv8Id5fNZey1gl/V2dyVK1VXXqVsQIiAk+A=="],

    "@esbuild/linux-arm": ["@esbuild/linux-arm@0.25.0", "", { "os": "linux", "cpu": "arm" }, "sha512-vkB3IYj2IDo3g9xX7HqhPYxVkNQe8qTK55fraQyTzTX/fxaDtXiEnavv9geOsonh2Fd2RMB+i5cbhu2zMNWJwg=="],

    "@esbuild/linux-arm64": ["@esbuild/linux-arm64@0.25.0", "", { "os": "linux", "cpu": "arm64" }, "sha512-9QAQjTWNDM/Vk2bgBl17yWuZxZNQIF0OUUuPZRKoDtqF2k4EtYbpyiG5/Dk7nqeK6kIJWPYldkOcBqjXjrUlmg=="],

    "@esbuild/linux-ia32": ["@esbuild/linux-ia32@0.25.0", "", { "os": "linux", "cpu": "ia32" }, "sha512-43ET5bHbphBegyeqLb7I1eYn2P/JYGNmzzdidq/w0T8E2SsYL1U6un2NFROFRg1JZLTzdCoRomg8Rvf9M6W6Gg=="],

    "@esbuild/linux-loong64": ["@esbuild/linux-loong64@0.25.0", "", { "os": "linux", "cpu": "none" }, "sha512-fC95c/xyNFueMhClxJmeRIj2yrSMdDfmqJnyOY4ZqsALkDrrKJfIg5NTMSzVBr5YW1jf+l7/cndBfP3MSDpoHw=="],

    "@esbuild/linux-mips64el": ["@esbuild/linux-mips64el@0.25.0", "", { "os": "linux", "cpu": "none" }, "sha512-nkAMFju7KDW73T1DdH7glcyIptm95a7Le8irTQNO/qtkoyypZAnjchQgooFUDQhNAy4iu08N79W4T4pMBwhPwQ=="],

    "@esbuild/linux-ppc64": ["@esbuild/linux-ppc64@0.25.0", "", { "os": "linux", "cpu": "ppc64" }, "sha512-NhyOejdhRGS8Iwv+KKR2zTq2PpysF9XqY+Zk77vQHqNbo/PwZCzB5/h7VGuREZm1fixhs4Q/qWRSi5zmAiO4Fw=="],

    "@esbuild/linux-riscv64": ["@esbuild/linux-riscv64@0.25.0", "", { "os": "linux", "cpu": "none" }, "sha512-5S/rbP5OY+GHLC5qXp1y/Mx//e92L1YDqkiBbO9TQOvuFXM+iDqUNG5XopAnXoRH3FjIUDkeGcY1cgNvnXp/kA=="],

    "@esbuild/linux-s390x": ["@esbuild/linux-s390x@0.25.0", "", { "os": "linux", "cpu": "s390x" }, "sha512-XM2BFsEBz0Fw37V0zU4CXfcfuACMrppsMFKdYY2WuTS3yi8O1nFOhil/xhKTmE1nPmVyvQJjJivgDT+xh8pXJA=="],

    "@esbuild/linux-x64": ["@esbuild/linux-x64@0.25.0", "", { "os": "linux", "cpu": "x64" }, "sha512-9yl91rHw/cpwMCNytUDxwj2XjFpxML0y9HAOH9pNVQDpQrBxHy01Dx+vaMu0N1CKa/RzBD2hB4u//nfc+Sd3Cw=="],

    "@esbuild/netbsd-arm64": ["@esbuild/netbsd-arm64@0.25.0", "", { "os": "none", "cpu": "arm64" }, "sha512-RuG4PSMPFfrkH6UwCAqBzauBWTygTvb1nxWasEJooGSJ/NwRw7b2HOwyRTQIU97Hq37l3npXoZGYMy3b3xYvPw=="],

    "@esbuild/netbsd-x64": ["@esbuild/netbsd-x64@0.25.0", "", { "os": "none", "cpu": "x64" }, "sha512-jl+qisSB5jk01N5f7sPCsBENCOlPiS/xptD5yxOx2oqQfyourJwIKLRA2yqWdifj3owQZCL2sn6o08dBzZGQzA=="],

    "@esbuild/openbsd-arm64": ["@esbuild/openbsd-arm64@0.25.0", "", { "os": "openbsd", "cpu": "arm64" }, "sha512-21sUNbq2r84YE+SJDfaQRvdgznTD8Xc0oc3p3iW/a1EVWeNj/SdUCbm5U0itZPQYRuRTW20fPMWMpcrciH2EJw=="],

    "@esbuild/openbsd-x64": ["@esbuild/openbsd-x64@0.25.0", "", { "os": "openbsd", "cpu": "x64" }, "sha512-2gwwriSMPcCFRlPlKx3zLQhfN/2WjJ2NSlg5TKLQOJdV0mSxIcYNTMhk3H3ulL/cak+Xj0lY1Ym9ysDV1igceg=="],

    "@esbuild/sunos-x64": ["@esbuild/sunos-x64@0.25.0", "", { "os": "sunos", "cpu": "x64" }, "sha512-bxI7ThgLzPrPz484/S9jLlvUAHYMzy6I0XiU1ZMeAEOBcS0VePBFxh1JjTQt3Xiat5b6Oh4x7UC7IwKQKIJRIg=="],

    "@esbuild/win32-arm64": ["@esbuild/win32-arm64@0.25.0", "", { "os": "win32", "cpu": "arm64" }, "sha512-ZUAc2YK6JW89xTbXvftxdnYy3m4iHIkDtK3CLce8wg8M2L+YZhIvO1DKpxrd0Yr59AeNNkTiic9YLf6FTtXWMw=="],

    "@esbuild/win32-ia32": ["@esbuild/win32-ia32@0.25.0", "", { "os": "win32", "cpu": "ia32" }, "sha512-eSNxISBu8XweVEWG31/JzjkIGbGIJN/TrRoiSVZwZ6pkC6VX4Im/WV2cz559/TXLcYbcrDN8JtKgd9DJVIo8GA=="],

    "@esbuild/win32-x64": ["@esbuild/win32-x64@0.25.0", "", { "os": "win32", "cpu": "x64" }, "sha512-ZENoHJBxA20C2zFzh6AI4fT6RraMzjYw4xKWemRTRmRVtN9c5DcH9r/f2ihEkMjOW5eGgrwCslG/+Y/3bL+DHQ=="],

    "@eslint-community/eslint-utils": ["@eslint-community/eslint-utils@4.7.0", "", { "dependencies": { "eslint-visitor-keys": "^3.4.3" }, "peerDependencies": { "eslint": "^6.0.0 || ^7.0.0 || >=8.0.0" } }, "sha512-dyybb3AcajC7uha6CvhdVRJqaKyn7w2YKqKyAN37NKYgZT36w+iRb0Dymmc5qEJ549c/S31cMMSFd75bteCpCw=="],

    "@eslint-community/regexpp": ["@eslint-community/regexpp@4.12.1", "", {}, "sha512-CCZCDJuduB9OUkFkY2IgppNZMi2lBQgD2qzwXkEia16cge2pijY/aXi96CJMquDMn3nJdlPV1A5KrJEXwfLNzQ=="],

    "@eslint/config-array": ["@eslint/config-array@0.21.0", "", { "dependencies": { "@eslint/object-schema": "^2.1.6", "debug": "^4.3.1", "minimatch": "^3.1.2" } }, "sha512-ENIdc4iLu0d93HeYirvKmrzshzofPw6VkZRKQGe9Nv46ZnWUzcF1xV01dcvEg/1wXUR61OmmlSfyeyO7EvjLxQ=="],

    "@eslint/config-helpers": ["@eslint/config-helpers@0.3.0", "", {}, "sha512-ViuymvFmcJi04qdZeDc2whTHryouGcDlaxPqarTD0ZE10ISpxGUVZGZDx4w01upyIynL3iu6IXH2bS1NhclQMw=="],

    "@eslint/core": ["@eslint/core@0.15.1", "", { "dependencies": { "@types/json-schema": "^7.0.15" } }, "sha512-bkOp+iumZCCbt1K1CmWf0R9pM5yKpDv+ZXtvSyQpudrI9kuFLp+bM2WOPXImuD/ceQuaa8f5pj93Y7zyECIGNA=="],

    "@eslint/eslintrc": ["@eslint/eslintrc@3.3.1", "", { "dependencies": { "ajv": "^6.12.4", "debug": "^4.3.2", "espree": "^10.0.1", "globals": "^14.0.0", "ignore": "^5.2.0", "import-fresh": "^3.2.1", "js-yaml": "^4.1.0", "minimatch": "^3.1.2", "strip-json-comments": "^3.1.1" } }, "sha512-gtF186CXhIl1p4pJNGZw8Yc6RlshoePRvE0X91oPGb3vZ8pM3qOS9W9NGPat9LziaBV7XrJWGylNQXkGcnM3IQ=="],

    "@eslint/js": ["@eslint/js@9.32.0", "", {}, "sha512-BBpRFZK3eX6uMLKz8WxFOBIFFcGFJ/g8XuwjTHCqHROSIsopI+ddn/d5Cfh36+7+e5edVS8dbSHnBNhrLEX0zg=="],

    "@eslint/object-schema": ["@eslint/object-schema@2.1.6", "", {}, "sha512-RBMg5FRL0I0gs51M/guSAj5/e14VQ4tpZnQNWwuDT66P14I43ItmPfIZRhO9fUVIPOAQXU47atlywZ/czoqFPA=="],

    "@eslint/plugin-kit": ["@eslint/plugin-kit@0.3.4", "", { "dependencies": { "@eslint/core": "^0.15.1", "levn": "^0.4.1" } }, "sha512-Ul5l+lHEcw3L5+k8POx6r74mxEYKG5kOb6Xpy2gCRW6zweT6TEhAf8vhxGgjhqrd/VO/Dirhsb+1hNpD1ue9hw=="],

    "@floating-ui/core": ["@floating-ui/core@1.7.2", "", { "dependencies": { "@floating-ui/utils": "^0.2.10" } }, "sha512-wNB5ooIKHQc+Kui96jE/n69rHFWAVoxn5CAzL1Xdd8FG03cgY3MLO+GF9U3W737fYDSgPWA6MReKhBQBop6Pcw=="],

    "@floating-ui/dom": ["@floating-ui/dom@1.7.2", "", { "dependencies": { "@floating-ui/core": "^1.7.2", "@floating-ui/utils": "^0.2.10" } }, "sha512-7cfaOQuCS27HD7DX+6ib2OrnW+b4ZBwDNnCcT0uTyidcmyWb03FnQqJybDBoCnpdxwBSfA94UAYlRCt7mV+TbA=="],

    "@floating-ui/react-dom": ["@floating-ui/react-dom@2.1.4", "", { "dependencies": { "@floating-ui/dom": "^1.7.2" }, "peerDependencies": { "react": ">=16.8.0", "react-dom": ">=16.8.0" } }, "sha512-JbbpPhp38UmXDDAu60RJmbeme37Jbgsm7NrHGgzYYFKmblzRUh6Pa641dII6LsjwF4XlScDrde2UAzDo/b9KPw=="],

    "@floating-ui/utils": ["@floating-ui/utils@0.2.10", "", {}, "sha512-aGTxbpbg8/b5JfU1HXSrbH3wXZuLPJcNEcZQFMxLs3oSzgtVu6nFPkbbGGUvBcUjKV2YyB9Wxxabo+HEH9tcRQ=="],

    "@hookform/resolvers": ["@hookform/resolvers@3.10.0", "", { "peerDependencies": { "react-hook-form": "^7.0.0" } }, "sha512-79Dv+3mDF7i+2ajj7SkypSKHhl1cbln1OGavqrsF7p6mbUv11xpqpacPsGDCTRvCSjEEIez2ef1NveSVL3b0Ag=="],

    "@humanfs/core": ["@humanfs/core@0.19.1", "", {}, "sha512-5DyQ4+1JEUzejeK1JGICcideyfUbGixgS9jNgex5nqkW+cY7WZhxBigmieN5Qnw9ZosSNVC9KQKyb+GUaGyKUA=="],

    "@humanfs/node": ["@humanfs/node@0.16.6", "", { "dependencies": { "@humanfs/core": "^0.19.1", "@humanwhocodes/retry": "^0.3.0" } }, "sha512-YuI2ZHQL78Q5HbhDiBA1X4LmYdXCKCMQIfw0pw7piHJwyREFebJUvrQN4cMssyES6x+vfUbx1CIpaQUKYdQZOw=="],

    "@humanwhocodes/module-importer": ["@humanwhocodes/module-importer@1.0.1", "", {}, "sha512-bxveV4V8v5Yb4ncFTT3rPSgZBOpCkjfK0y4oVVVJwIuDVBRMDXrPyXRL988i5ap9m9bnyEEjWfm5WkBmtffLfA=="],

    "@humanwhocodes/retry": ["@humanwhocodes/retry@0.4.3", "", {}, "sha512-bV0Tgo9K4hfPCek+aMAn81RppFKv2ySDQeMoSZuvTASywNTnVJCArCZE2FWqpvIatKu7VMRLWlR1EazvVhDyhQ=="],

    "@isaacs/cliui": ["@isaacs/cliui@8.0.2", "", { "dependencies": { "string-width": "^5.1.2", "string-width-cjs": "npm:string-width@^4.2.0", "strip-ansi": "^7.0.1", "strip-ansi-cjs": "npm:strip-ansi@^6.0.1", "wrap-ansi": "^8.1.0", "wrap-ansi-cjs": "npm:wrap-ansi@^7.0.0" } }, "sha512-O8jcjabXaleOG9DQ0+ARXWZBTfnP4WNAqzuiJK7ll44AmxGKv/J2M4TPjxjY3znBCfvBXFzucm1twdyFybFqEA=="],

    "@jridgewell/gen-mapping": ["@jridgewell/gen-mapping@0.3.5", "", { "dependencies": { "@jridgewell/set-array": "^1.2.1", "@jridgewell/sourcemap-codec": "^1.4.10", "@jridgewell/trace-mapping": "^0.3.24" } }, "sha512-IzL8ZoEDIBRWEzlCcRhOaCupYyN5gdIK+Q6fbFdPDg6HqX6jpkItn7DFIpW9LQzXG6Df9sA7+OKnq0qlz/GaQg=="],

    "@jridgewell/resolve-uri": ["@jridgewell/resolve-uri@3.1.2", "", {}, "sha512-bRISgCIjP20/tbWSPWMEi54QVPRZExkuD9lJL+UIxUKtwVJA8wW1Trb1jMs1RFXo1CBTNZ/5hpC9QvmKWdopKw=="],

    "@jridgewell/set-array": ["@jridgewell/set-array@1.2.1", "", {}, "sha512-R8gLRTZeyp03ymzP/6Lil/28tGeGEzhx1q2k703KGWRAI1VdvPIXdG70VJc2pAMw3NA6JKL5hhFu1sJX0Mnn/A=="],

    "@jridgewell/sourcemap-codec": ["@jridgewell/sourcemap-codec@1.5.0", "", {}, "sha512-gv3ZRaISU3fjPAgNsriBRqGWQL6quFx04YMPW/zD8XMLsU32mhCCbfbO6KZFLjvYpCZ8zyDEgqsgf+PwPaM7GQ=="],

    "@jridgewell/trace-mapping": ["@jridgewell/trace-mapping@0.3.25", "", { "dependencies": { "@jridgewell/resolve-uri": "^3.1.0", "@jridgewell/sourcemap-codec": "^1.4.14" } }, "sha512-vNk6aEwybGtawWmy/PzwnGDOjCkLWSD2wqvjGGAgOAwCGWySYXfYoxt00IJkTF+8Lb57DwOb3Aa0o9CApepiYQ=="],

    "@nodelib/fs.scandir": ["@nodelib/fs.scandir@2.1.5", "", { "dependencies": { "@nodelib/fs.stat": "2.0.5", "run-parallel": "^1.1.9" } }, "sha512-vq24Bq3ym5HEQm2NKCr3yXDwjc7vTsEThRDnkp2DK9p1uqLR+DHurm/NOTo0KG7HYHU7eppKZj3MyqYuMBf62g=="],

    "@nodelib/fs.stat": ["@nodelib/fs.stat@2.0.5", "", {}, "sha512-RkhPPp2zrqDAQA/2jNhnztcPAlv64XdhIp7a7454A5ovI7Bukxgt7MX7udwAu3zg1DcpPU0rz3VV1SeaqvY4+A=="],

    "@nodelib/fs.walk": ["@nodelib/fs.walk@1.2.8", "", { "dependencies": { "@nodelib/fs.scandir": "2.1.5", "fastq": "^1.6.0" } }, "sha512-oGB+UxlgWcgQkgwo8GcEGwemoTFt3FIO9ababBmaGwXIoBKZ+GTy0pP185beGg7Llih/NSHSV2XAs1lnznocSg=="],

    "@pkgjs/parseargs": ["@pkgjs/parseargs@0.11.0", "", {}, "sha512-+1VkjdD0QBLPodGrJUeqarH8VAIvQODIbwh9XpP5Syisf7YoQgsJKPNFoqqLQlu+VQ/tVSshMR6loPMn8U+dPg=="],

    "@radix-ui/number": ["@radix-ui/number@1.1.1", "", {}, "sha512-MkKCwxlXTgz6CFoJx3pCwn07GKp36+aZyu/u2Ln2VrA5DcdyCZkASEDBTd8x5whTQQL5CiYf4prXKLcgQdv29g=="],

    "@radix-ui/primitive": ["@radix-ui/primitive@1.1.2", "", {}, "sha512-XnbHrrprsNqZKQhStrSwgRUQzoCI1glLzdw79xiZPoofhGICeZRSQ3dIxAKH1gb3OHfNf4d6f+vAv3kil2eggA=="],

    "@radix-ui/react-accordion": ["@radix-ui/react-accordion@1.2.11", "", { "dependencies": { "@radix-ui/primitive": "1.1.2", "@radix-ui/react-collapsible": "1.1.11", "@radix-ui/react-collection": "1.1.7", "@radix-ui/react-compose-refs": "1.1.2", "@radix-ui/react-context": "1.1.2", "@radix-ui/react-direction": "1.1.1", "@radix-ui/react-id": "1.1.1", "@radix-ui/react-primitive": "2.1.3", "@radix-ui/react-use-controllable-state": "1.2.2" }, "peerDependencies": { "@types/react": "*", "@types/react-dom": "*", "react": "^16.8 || ^17.0 || ^18.0 || ^19.0 || ^19.0.0-rc", "react-dom": "^16.8 || ^17.0 || ^18.0 || ^19.0 || ^19.0.0-rc" } }, "sha512-l3W5D54emV2ues7jjeG1xcyN7S3jnK3zE2zHqgn0CmMsy9lNJwmgcrmaxS+7ipw15FAivzKNzH3d5EcGoFKw0A=="],

    "@radix-ui/react-alert-dialog": ["@radix-ui/react-alert-dialog@1.1.14", "", { "dependencies": { "@radix-ui/primitive": "1.1.2", "@radix-ui/react-compose-refs": "1.1.2", "@radix-ui/react-context": "1.1.2", "@radix-ui/react-dialog": "1.1.14", "@radix-ui/react-primitive": "2.1.3", "@radix-ui/react-slot": "1.2.3" }, "peerDependencies": { "@types/react": "*", "@types/react-dom": "*", "react": "^16.8 || ^17.0 || ^18.0 || ^19.0 || ^19.0.0-rc", "react-dom": "^16.8 || ^17.0 || ^18.0 || ^19.0 || ^19.0.0-rc" } }, "sha512-IOZfZ3nPvN6lXpJTBCunFQPRSvK8MDgSc1FB85xnIpUKOw9en0dJj8JmCAxV7BiZdtYlUpmrQjoTFkVYtdoWzQ=="],

    "@radix-ui/react-arrow": ["@radix-ui/react-arrow@1.1.7", "", { "dependencies": { "@radix-ui/react-primitive": "2.1.3" }, "peerDependencies": { "@types/react": "*", "@types/react-dom": "*", "react": "^16.8 || ^17.0 || ^18.0 || ^19.0 || ^19.0.0-rc", "react-dom": "^16.8 || ^17.0 || ^18.0 || ^19.0 || ^19.0.0-rc" } }, "sha512-F+M1tLhO+mlQaOWspE8Wstg+z6PwxwRd8oQ8IXceWz92kfAmalTRf0EjrouQeo7QssEPfCn05B4Ihs1K9WQ/7w=="],

    "@radix-ui/react-aspect-ratio": ["@radix-ui/react-aspect-ratio@1.1.7", "", { "dependencies": { "@radix-ui/react-primitive": "2.1.3" }, "peerDependencies": { "@types/react": "*", "@types/react-dom": "*", "react": "^16.8 || ^17.0 || ^18.0 || ^19.0 || ^19.0.0-rc", "react-dom": "^16.8 || ^17.0 || ^18.0 || ^19.0 || ^19.0.0-rc" } }, "sha512-Yq6lvO9HQyPwev1onK1daHCHqXVLzPhSVjmsNjCa2Zcxy2f7uJD2itDtxknv6FzAKCwD1qQkeVDmX/cev13n/g=="],

    "@radix-ui/react-avatar": ["@radix-ui/react-avatar@1.1.10", "", { "dependencies": { "@radix-ui/react-context": "1.1.2", "@radix-ui/react-primitive": "2.1.3", "@radix-ui/react-use-callback-ref": "1.1.1", "@radix-ui/react-use-is-hydrated": "0.1.0", "@radix-ui/react-use-layout-effect": "1.1.1" }, "peerDependencies": { "@types/react": "*", "@types/react-dom": "*", "react": "^16.8 || ^17.0 || ^18.0 || ^19.0 || ^19.0.0-rc", "react-dom": "^16.8 || ^17.0 || ^18.0 || ^19.0 || ^19.0.0-rc" } }, "sha512-V8piFfWapM5OmNCXTzVQY+E1rDa53zY+MQ4Y7356v4fFz6vqCyUtIz2rUD44ZEdwg78/jKmMJHj07+C/Z/rcog=="],

    "@radix-ui/react-checkbox": ["@radix-ui/react-checkbox@1.3.2", "", { "dependencies": { "@radix-ui/primitive": "1.1.2", "@radix-ui/react-compose-refs": "1.1.2", "@radix-ui/react-context": "1.1.2", "@radix-ui/react-presence": "1.1.4", "@radix-ui/react-primitive": "2.1.3", "@radix-ui/react-use-controllable-state": "1.2.2", "@radix-ui/react-use-previous": "1.1.1", "@radix-ui/react-use-size": "1.1.1" }, "peerDependencies": { "@types/react": "*", "@types/react-dom": "*", "react": "^16.8 || ^17.0 || ^18.0 || ^19.0 || ^19.0.0-rc", "react-dom": "^16.8 || ^17.0 || ^18.0 || ^19.0 || ^19.0.0-rc" } }, "sha512-yd+dI56KZqawxKZrJ31eENUwqc1QSqg4OZ15rybGjF2ZNwMO+wCyHzAVLRp9qoYJf7kYy0YpZ2b0JCzJ42HZpA=="],

    "@radix-ui/react-collapsible": ["@radix-ui/react-collapsible@1.1.11", "", { "dependencies": { "@radix-ui/primitive": "1.1.2", "@radix-ui/react-compose-refs": "1.1.2", "@radix-ui/react-context": "1.1.2", "@radix-ui/react-id": "1.1.1", "@radix-ui/react-presence": "1.1.4", "@radix-ui/react-primitive": "2.1.3", "@radix-ui/react-use-controllable-state": "1.2.2", "@radix-ui/react-use-layout-effect": "1.1.1" }, "peerDependencies": { "@types/react": "*", "@types/react-dom": "*", "react": "^16.8 || ^17.0 || ^18.0 || ^19.0 || ^19.0.0-rc", "react-dom": "^16.8 || ^17.0 || ^18.0 || ^19.0 || ^19.0.0-rc" } }, "sha512-2qrRsVGSCYasSz1RFOorXwl0H7g7J1frQtgpQgYrt+MOidtPAINHn9CPovQXb83r8ahapdx3Tu0fa/pdFFSdPg=="],

    "@radix-ui/react-collection": ["@radix-ui/react-collection@1.1.7", "", { "dependencies": { "@radix-ui/react-compose-refs": "1.1.2", "@radix-ui/react-context": "1.1.2", "@radix-ui/react-primitive": "2.1.3", "@radix-ui/react-slot": "1.2.3" }, "peerDependencies": { "@types/react": "*", "@types/react-dom": "*", "react": "^16.8 || ^17.0 || ^18.0 || ^19.0 || ^19.0.0-rc", "react-dom": "^16.8 || ^17.0 || ^18.0 || ^19.0 || ^19.0.0-rc" } }, "sha512-Fh9rGN0MoI4ZFUNyfFVNU4y9LUz93u9/0K+yLgA2bwRojxM8JU1DyvvMBabnZPBgMWREAJvU2jjVzq+LrFUglw=="],

    "@radix-ui/react-compose-refs": ["@radix-ui/react-compose-refs@1.1.2", "", { "peerDependencies": { "@types/react": "*", "react": "^16.8 || ^17.0 || ^18.0 || ^19.0 || ^19.0.0-rc" } }, "sha512-z4eqJvfiNnFMHIIvXP3CY57y2WJs5g2v3X0zm9mEJkrkNv4rDxu+sg9Jh8EkXyeqBkB7SOcboo9dMVqhyrACIg=="],

    "@radix-ui/react-context": ["@radix-ui/react-context@1.1.2", "", { "peerDependencies": { "@types/react": "*", "react": "^16.8 || ^17.0 || ^18.0 || ^19.0 || ^19.0.0-rc" } }, "sha512-jCi/QKUM2r1Ju5a3J64TH2A5SpKAgh0LpknyqdQ4m6DCV0xJ2HG1xARRwNGPQfi1SLdLWZ1OJz6F4OMBBNiGJA=="],

    "@radix-ui/react-context-menu": ["@radix-ui/react-context-menu@2.2.15", "", { "dependencies": { "@radix-ui/primitive": "1.1.2", "@radix-ui/react-context": "1.1.2", "@radix-ui/react-menu": "2.1.15", "@radix-ui/react-primitive": "2.1.3", "@radix-ui/react-use-callback-ref": "1.1.1", "@radix-ui/react-use-controllable-state": "1.2.2" }, "peerDependencies": { "@types/react": "*", "@types/react-dom": "*", "react": "^16.8 || ^17.0 || ^18.0 || ^19.0 || ^19.0.0-rc", "react-dom": "^16.8 || ^17.0 || ^18.0 || ^19.0 || ^19.0.0-rc" } }, "sha512-UsQUMjcYTsBjTSXw0P3GO0werEQvUY2plgRQuKoCTtkNr45q1DiL51j4m7gxhABzZ0BadoXNsIbg7F3KwiUBbw=="],

    "@radix-ui/react-dialog": ["@radix-ui/react-dialog@1.1.14", "", { "dependencies": { "@radix-ui/primitive": "1.1.2", "@radix-ui/react-compose-refs": "1.1.2", "@radix-ui/react-context": "1.1.2", "@radix-ui/react-dismissable-layer": "1.1.10", "@radix-ui/react-focus-guards": "1.1.2", "@radix-ui/react-focus-scope": "1.1.7", "@radix-ui/react-id": "1.1.1", "@radix-ui/react-portal": "1.1.9", "@radix-ui/react-presence": "1.1.4", "@radix-ui/react-primitive": "2.1.3", "@radix-ui/react-slot": "1.2.3", "@radix-ui/react-use-controllable-state": "1.2.2", "aria-hidden": "^1.2.4", "react-remove-scroll": "^2.6.3" }, "peerDependencies": { "@types/react": "*", "@types/react-dom": "*", "react": "^16.8 || ^17.0 || ^18.0 || ^19.0 || ^19.0.0-rc", "react-dom": "^16.8 || ^17.0 || ^18.0 || ^19.0 || ^19.0.0-rc" } }, "sha512-+CpweKjqpzTmwRwcYECQcNYbI8V9VSQt0SNFKeEBLgfucbsLssU6Ppq7wUdNXEGb573bMjFhVjKVll8rmV6zMw=="],

    "@radix-ui/react-direction": ["@radix-ui/react-direction@1.1.1", "", { "peerDependencies": { "@types/react": "*", "react": "^16.8 || ^17.0 || ^18.0 || ^19.0 || ^19.0.0-rc" } }, "sha512-1UEWRX6jnOA2y4H5WczZ44gOOjTEmlqv1uNW4GAJEO5+bauCBhv8snY65Iw5/VOS/ghKN9gr2KjnLKxrsvoMVw=="],

    "@radix-ui/react-dismissable-layer": ["@radix-ui/react-dismissable-layer@1.1.10", "", { "dependencies": { "@radix-ui/primitive": "1.1.2", "@radix-ui/react-compose-refs": "1.1.2", "@radix-ui/react-primitive": "2.1.3", "@radix-ui/react-use-callback-ref": "1.1.1", "@radix-ui/react-use-escape-keydown": "1.1.1" }, "peerDependencies": { "@types/react": "*", "@types/react-dom": "*", "react": "^16.8 || ^17.0 || ^18.0 || ^19.0 || ^19.0.0-rc", "react-dom": "^16.8 || ^17.0 || ^18.0 || ^19.0 || ^19.0.0-rc" } }, "sha512-IM1zzRV4W3HtVgftdQiiOmA0AdJlCtMLe00FXaHwgt3rAnNsIyDqshvkIW3hj/iu5hu8ERP7KIYki6NkqDxAwQ=="],

    "@radix-ui/react-dropdown-menu": ["@radix-ui/react-dropdown-menu@2.1.15", "", { "dependencies": { "@radix-ui/primitive": "1.1.2", "@radix-ui/react-compose-refs": "1.1.2", "@radix-ui/react-context": "1.1.2", "@radix-ui/react-id": "1.1.1", "@radix-ui/react-menu": "2.1.15", "@radix-ui/react-primitive": "2.1.3", "@radix-ui/react-use-controllable-state": "1.2.2" }, "peerDependencies": { "@types/react": "*", "@types/react-dom": "*", "react": "^16.8 || ^17.0 || ^18.0 || ^19.0 || ^19.0.0-rc", "react-dom": "^16.8 || ^17.0 || ^18.0 || ^19.0 || ^19.0.0-rc" } }, "sha512-mIBnOjgwo9AH3FyKaSWoSu/dYj6VdhJ7frEPiGTeXCdUFHjl9h3mFh2wwhEtINOmYXWhdpf1rY2minFsmaNgVQ=="],

    "@radix-ui/react-focus-guards": ["@radix-ui/react-focus-guards@1.1.2", "", { "peerDependencies": { "@types/react": "*", "react": "^16.8 || ^17.0 || ^18.0 || ^19.0 || ^19.0.0-rc" } }, "sha512-fyjAACV62oPV925xFCrH8DR5xWhg9KYtJT4s3u54jxp+L/hbpTY2kIeEFFbFe+a/HCE94zGQMZLIpVTPVZDhaA=="],

    "@radix-ui/react-focus-scope": ["@radix-ui/react-focus-scope@1.1.7", "", { "dependencies": { "@radix-ui/react-compose-refs": "1.1.2", "@radix-ui/react-primitive": "2.1.3", "@radix-ui/react-use-callback-ref": "1.1.1" }, "peerDependencies": { "@types/react": "*", "@types/react-dom": "*", "react": "^16.8 || ^17.0 || ^18.0 || ^19.0 || ^19.0.0-rc", "react-dom": "^16.8 || ^17.0 || ^18.0 || ^19.0 || ^19.0.0-rc" } }, "sha512-t2ODlkXBQyn7jkl6TNaw/MtVEVvIGelJDCG41Okq/KwUsJBwQ4XVZsHAVUkK4mBv3ewiAS3PGuUWuY2BoK4ZUw=="],

    "@radix-ui/react-hover-card": ["@radix-ui/react-hover-card@1.1.14", "", { "dependencies": { "@radix-ui/primitive": "1.1.2", "@radix-ui/react-compose-refs": "1.1.2", "@radix-ui/react-context": "1.1.2", "@radix-ui/react-dismissable-layer": "1.1.10", "@radix-ui/react-popper": "1.2.7", "@radix-ui/react-portal": "1.1.9", "@radix-ui/react-presence": "1.1.4", "@radix-ui/react-primitive": "2.1.3", "@radix-ui/react-use-controllable-state": "1.2.2" }, "peerDependencies": { "@types/react": "*", "@types/react-dom": "*", "react": "^16.8 || ^17.0 || ^18.0 || ^19.0 || ^19.0.0-rc", "react-dom": "^16.8 || ^17.0 || ^18.0 || ^19.0 || ^19.0.0-rc" } }, "sha512-CPYZ24Mhirm+g6D8jArmLzjYu4Eyg3TTUHswR26QgzXBHBe64BO/RHOJKzmF/Dxb4y4f9PKyJdwm/O/AhNkb+Q=="],

    "@radix-ui/react-id": ["@radix-ui/react-id@1.1.1", "", { "dependencies": { "@radix-ui/react-use-layout-effect": "1.1.1" }, "peerDependencies": { "@types/react": "*", "react": "^16.8 || ^17.0 || ^18.0 || ^19.0 || ^19.0.0-rc" } }, "sha512-kGkGegYIdQsOb4XjsfM97rXsiHaBwco+hFI66oO4s9LU+PLAC5oJ7khdOVFxkhsmlbpUqDAvXw11CluXP+jkHg=="],

    "@radix-ui/react-label": ["@radix-ui/react-label@2.1.7", "", { "dependencies": { "@radix-ui/react-primitive": "2.1.3" }, "peerDependencies": { "@types/react": "*", "@types/react-dom": "*", "react": "^16.8 || ^17.0 || ^18.0 || ^19.0 || ^19.0.0-rc", "react-dom": "^16.8 || ^17.0 || ^18.0 || ^19.0 || ^19.0.0-rc" } }, "sha512-YT1GqPSL8kJn20djelMX7/cTRp/Y9w5IZHvfxQTVHrOqa2yMl7i/UfMqKRU5V7mEyKTrUVgJXhNQPVCG8PBLoQ=="],

    "@radix-ui/react-menu": ["@radix-ui/react-menu@2.1.15", "", { "dependencies": { "@radix-ui/primitive": "1.1.2", "@radix-ui/react-collection": "1.1.7", "@radix-ui/react-compose-refs": "1.1.2", "@radix-ui/react-context": "1.1.2", "@radix-ui/react-direction": "1.1.1", "@radix-ui/react-dismissable-layer": "1.1.10", "@radix-ui/react-focus-guards": "1.1.2", "@radix-ui/react-focus-scope": "1.1.7", "@radix-ui/react-id": "1.1.1", "@radix-ui/react-popper": "1.2.7", "@radix-ui/react-portal": "1.1.9", "@radix-ui/react-presence": "1.1.4", "@radix-ui/react-primitive": "2.1.3", "@radix-ui/react-roving-focus": "1.1.10", "@radix-ui/react-slot": "1.2.3", "@radix-ui/react-use-callback-ref": "1.1.1", "aria-hidden": "^1.2.4", "react-remove-scroll": "^2.6.3" }, "peerDependencies": { "@types/react": "*", "@types/react-dom": "*", "react": "^16.8 || ^17.0 || ^18.0 || ^19.0 || ^19.0.0-rc", "react-dom": "^16.8 || ^17.0 || ^18.0 || ^19.0 || ^19.0.0-rc" } }, "sha512-tVlmA3Vb9n8SZSd+YSbuFR66l87Wiy4du+YE+0hzKQEANA+7cWKH1WgqcEX4pXqxUFQKrWQGHdvEfw00TjFiew=="],

    "@radix-ui/react-menubar": ["@radix-ui/react-menubar@1.1.15", "", { "dependencies": { "@radix-ui/primitive": "1.1.2", "@radix-ui/react-collection": "1.1.7", "@radix-ui/react-compose-refs": "1.1.2", "@radix-ui/react-context": "1.1.2", "@radix-ui/react-direction": "1.1.1", "@radix-ui/react-id": "1.1.1", "@radix-ui/react-menu": "2.1.15", "@radix-ui/react-primitive": "2.1.3", "@radix-ui/react-roving-focus": "1.1.10", "@radix-ui/react-use-controllable-state": "1.2.2" }, "peerDependencies": { "@types/react": "*", "@types/react-dom": "*", "react": "^16.8 || ^17.0 || ^18.0 || ^19.0 || ^19.0.0-rc", "react-dom": "^16.8 || ^17.0 || ^18.0 || ^19.0 || ^19.0.0-rc" } }, "sha512-Z71C7LGD+YDYo3TV81paUs8f3Zbmkvg6VLRQpKYfzioOE6n7fOhA3ApK/V/2Odolxjoc4ENk8AYCjohCNayd5A=="],

    "@radix-ui/react-navigation-menu": ["@radix-ui/react-navigation-menu@1.2.13", "", { "dependencies": { "@radix-ui/primitive": "1.1.2", "@radix-ui/react-collection": "1.1.7", "@radix-ui/react-compose-refs": "1.1.2", "@radix-ui/react-context": "1.1.2", "@radix-ui/react-direction": "1.1.1", "@radix-ui/react-dismissable-layer": "1.1.10", "@radix-ui/react-id": "1.1.1", "@radix-ui/react-presence": "1.1.4", "@radix-ui/react-primitive": "2.1.3", "@radix-ui/react-use-callback-ref": "1.1.1", "@radix-ui/react-use-controllable-state": "1.2.2", "@radix-ui/react-use-layout-effect": "1.1.1", "@radix-ui/react-use-previous": "1.1.1", "@radix-ui/react-visually-hidden": "1.2.3" }, "peerDependencies": { "@types/react": "*", "@types/react-dom": "*", "react": "^16.8 || ^17.0 || ^18.0 || ^19.0 || ^19.0.0-rc", "react-dom": "^16.8 || ^17.0 || ^18.0 || ^19.0 || ^19.0.0-rc" } }, "sha512-WG8wWfDiJlSF5hELjwfjSGOXcBR/ZMhBFCGYe8vERpC39CQYZeq1PQ2kaYHdye3V95d06H89KGMsVCIE4LWo3g=="],

    "@radix-ui/react-popover": ["@radix-ui/react-popover@1.1.14", "", { "dependencies": { "@radix-ui/primitive": "1.1.2", "@radix-ui/react-compose-refs": "1.1.2", "@radix-ui/react-context": "1.1.2", "@radix-ui/react-dismissable-layer": "1.1.10", "@radix-ui/react-focus-guards": "1.1.2", "@radix-ui/react-focus-scope": "1.1.7", "@radix-ui/react-id": "1.1.1", "@radix-ui/react-popper": "1.2.7", "@radix-ui/react-portal": "1.1.9", "@radix-ui/react-presence": "1.1.4", "@radix-ui/react-primitive": "2.1.3", "@radix-ui/react-slot": "1.2.3", "@radix-ui/react-use-controllable-state": "1.2.2", "aria-hidden": "^1.2.4", "react-remove-scroll": "^2.6.3" }, "peerDependencies": { "@types/react": "*", "@types/react-dom": "*", "react": "^16.8 || ^17.0 || ^18.0 || ^19.0 || ^19.0.0-rc", "react-dom": "^16.8 || ^17.0 || ^18.0 || ^19.0 || ^19.0.0-rc" } }, "sha512-ODz16+1iIbGUfFEfKx2HTPKizg2MN39uIOV8MXeHnmdd3i/N9Wt7vU46wbHsqA0xoaQyXVcs0KIlBdOA2Y95bw=="],

    "@radix-ui/react-popper": ["@radix-ui/react-popper@1.2.7", "", { "dependencies": { "@floating-ui/react-dom": "^2.0.0", "@radix-ui/react-arrow": "1.1.7", "@radix-ui/react-compose-refs": "1.1.2", "@radix-ui/react-context": "1.1.2", "@radix-ui/react-primitive": "2.1.3", "@radix-ui/react-use-callback-ref": "1.1.1", "@radix-ui/react-use-layout-effect": "1.1.1", "@radix-ui/react-use-rect": "1.1.1", "@radix-ui/react-use-size": "1.1.1", "@radix-ui/rect": "1.1.1" }, "peerDependencies": { "@types/react": "*", "@types/react-dom": "*", "react": "^16.8 || ^17.0 || ^18.0 || ^19.0 || ^19.0.0-rc", "react-dom": "^16.8 || ^17.0 || ^18.0 || ^19.0 || ^19.0.0-rc" } }, "sha512-IUFAccz1JyKcf/RjB552PlWwxjeCJB8/4KxT7EhBHOJM+mN7LdW+B3kacJXILm32xawcMMjb2i0cIZpo+f9kiQ=="],

    "@radix-ui/react-portal": ["@radix-ui/react-portal@1.1.9", "", { "dependencies": { "@radix-ui/react-primitive": "2.1.3", "@radix-ui/react-use-layout-effect": "1.1.1" }, "peerDependencies": { "@types/react": "*", "@types/react-dom": "*", "react": "^16.8 || ^17.0 || ^18.0 || ^19.0 || ^19.0.0-rc", "react-dom": "^16.8 || ^17.0 || ^18.0 || ^19.0 || ^19.0.0-rc" } }, "sha512-bpIxvq03if6UNwXZ+HTK71JLh4APvnXntDc6XOX8UVq4XQOVl7lwok0AvIl+b8zgCw3fSaVTZMpAPPagXbKmHQ=="],

    "@radix-ui/react-presence": ["@radix-ui/react-presence@1.1.4", "", { "dependencies": { "@radix-ui/react-compose-refs": "1.1.2", "@radix-ui/react-use-layout-effect": "1.1.1" }, "peerDependencies": { "@types/react": "*", "@types/react-dom": "*", "react": "^16.8 || ^17.0 || ^18.0 || ^19.0 || ^19.0.0-rc", "react-dom": "^16.8 || ^17.0 || ^18.0 || ^19.0 || ^19.0.0-rc" } }, "sha512-ueDqRbdc4/bkaQT3GIpLQssRlFgWaL/U2z/S31qRwwLWoxHLgry3SIfCwhxeQNbirEUXFa+lq3RL3oBYXtcmIA=="],

    "@radix-ui/react-primitive": ["@radix-ui/react-primitive@2.1.3", "", { "dependencies": { "@radix-ui/react-slot": "1.2.3" }, "peerDependencies": { "@types/react": "*", "@types/react-dom": "*", "react": "^16.8 || ^17.0 || ^18.0 || ^19.0 || ^19.0.0-rc", "react-dom": "^16.8 || ^17.0 || ^18.0 || ^19.0 || ^19.0.0-rc" } }, "sha512-m9gTwRkhy2lvCPe6QJp4d3G1TYEUHn/FzJUtq9MjH46an1wJU+GdoGC5VLof8RX8Ft/DlpshApkhswDLZzHIcQ=="],

    "@radix-ui/react-progress": ["@radix-ui/react-progress@1.1.7", "", { "dependencies": { "@radix-ui/react-context": "1.1.2", "@radix-ui/react-primitive": "2.1.3" }, "peerDependencies": { "@types/react": "*", "@types/react-dom": "*", "react": "^16.8 || ^17.0 || ^18.0 || ^19.0 || ^19.0.0-rc", "react-dom": "^16.8 || ^17.0 || ^18.0 || ^19.0 || ^19.0.0-rc" } }, "sha512-vPdg/tF6YC/ynuBIJlk1mm7Le0VgW6ub6J2UWnTQ7/D23KXcPI1qy+0vBkgKgd38RCMJavBXpB83HPNFMTb0Fg=="],

    "@radix-ui/react-radio-group": ["@radix-ui/react-radio-group@1.3.7", "", { "dependencies": { "@radix-ui/primitive": "1.1.2", "@radix-ui/react-compose-refs": "1.1.2", "@radix-ui/react-context": "1.1.2", "@radix-ui/react-direction": "1.1.1", "@radix-ui/react-presence": "1.1.4", "@radix-ui/react-primitive": "2.1.3", "@radix-ui/react-roving-focus": "1.1.10", "@radix-ui/react-use-controllable-state": "1.2.2", "@radix-ui/react-use-previous": "1.1.1", "@radix-ui/react-use-size": "1.1.1" }, "peerDependencies": { "@types/react": "*", "@types/react-dom": "*", "react": "^16.8 || ^17.0 || ^18.0 || ^19.0 || ^19.0.0-rc", "react-dom": "^16.8 || ^17.0 || ^18.0 || ^19.0 || ^19.0.0-rc" } }, "sha512-9w5XhD0KPOrm92OTTE0SysH3sYzHsSTHNvZgUBo/VZ80VdYyB5RneDbc0dKpURS24IxkoFRu/hI0i4XyfFwY6g=="],

    "@radix-ui/react-roving-focus": ["@radix-ui/react-roving-focus@1.1.10", "", { "dependencies": { "@radix-ui/primitive": "1.1.2", "@radix-ui/react-collection": "1.1.7", "@radix-ui/react-compose-refs": "1.1.2", "@radix-ui/react-context": "1.1.2", "@radix-ui/react-direction": "1.1.1", "@radix-ui/react-id": "1.1.1", "@radix-ui/react-primitive": "2.1.3", "@radix-ui/react-use-callback-ref": "1.1.1", "@radix-ui/react-use-controllable-state": "1.2.2" }, "peerDependencies": { "@types/react": "*", "@types/react-dom": "*", "react": "^16.8 || ^17.0 || ^18.0 || ^19.0 || ^19.0.0-rc", "react-dom": "^16.8 || ^17.0 || ^18.0 || ^19.0 || ^19.0.0-rc" } }, "sha512-dT9aOXUen9JSsxnMPv/0VqySQf5eDQ6LCk5Sw28kamz8wSOW2bJdlX2Bg5VUIIcV+6XlHpWTIuTPCf/UNIyq8Q=="],

    "@radix-ui/react-scroll-area": ["@radix-ui/react-scroll-area@1.2.9", "", { "dependencies": { "@radix-ui/number": "1.1.1", "@radix-ui/primitive": "1.1.2", "@radix-ui/react-compose-refs": "1.1.2", "@radix-ui/react-context": "1.1.2", "@radix-ui/react-direction": "1.1.1", "@radix-ui/react-presence": "1.1.4", "@radix-ui/react-primitive": "2.1.3", "@radix-ui/react-use-callback-ref": "1.1.1", "@radix-ui/react-use-layout-effect": "1.1.1" }, "peerDependencies": { "@types/react": "*", "@types/react-dom": "*", "react": "^16.8 || ^17.0 || ^18.0 || ^19.0 || ^19.0.0-rc", "react-dom": "^16.8 || ^17.0 || ^18.0 || ^19.0 || ^19.0.0-rc" } }, "sha512-YSjEfBXnhUELsO2VzjdtYYD4CfQjvao+lhhrX5XsHD7/cyUNzljF1FHEbgTPN7LH2MClfwRMIsYlqTYpKTTe2A=="],

    "@radix-ui/react-select": ["@radix-ui/react-select@2.2.5", "", { "dependencies": { "@radix-ui/number": "1.1.1", "@radix-ui/primitive": "1.1.2", "@radix-ui/react-collection": "1.1.7", "@radix-ui/react-compose-refs": "1.1.2", "@radix-ui/react-context": "1.1.2", "@radix-ui/react-direction": "1.1.1", "@radix-ui/react-dismissable-layer": "1.1.10", "@radix-ui/react-focus-guards": "1.1.2", "@radix-ui/react-focus-scope": "1.1.7", "@radix-ui/react-id": "1.1.1", "@radix-ui/react-popper": "1.2.7", "@radix-ui/react-portal": "1.1.9", "@radix-ui/react-primitive": "2.1.3", "@radix-ui/react-slot": "1.2.3", "@radix-ui/react-use-callback-ref": "1.1.1", "@radix-ui/react-use-controllable-state": "1.2.2", "@radix-ui/react-use-layout-effect": "1.1.1", "@radix-ui/react-use-previous": "1.1.1", "@radix-ui/react-visually-hidden": "1.2.3", "aria-hidden": "^1.2.4", "react-remove-scroll": "^2.6.3" }, "peerDependencies": { "@types/react": "*", "@types/react-dom": "*", "react": "^16.8 || ^17.0 || ^18.0 || ^19.0 || ^19.0.0-rc", "react-dom": "^16.8 || ^17.0 || ^18.0 || ^19.0 || ^19.0.0-rc" } }, "sha512-HnMTdXEVuuyzx63ME0ut4+sEMYW6oouHWNGUZc7ddvUWIcfCva/AMoqEW/3wnEllriMWBa0RHspCYnfCWJQYmA=="],

    "@radix-ui/react-separator": ["@radix-ui/react-separator@1.1.7", "", { "dependencies": { "@radix-ui/react-primitive": "2.1.3" }, "peerDependencies": { "@types/react": "*", "@types/react-dom": "*", "react": "^16.8 || ^17.0 || ^18.0 || ^19.0 || ^19.0.0-rc", "react-dom": "^16.8 || ^17.0 || ^18.0 || ^19.0 || ^19.0.0-rc" } }, "sha512-0HEb8R9E8A+jZjvmFCy/J4xhbXy3TV+9XSnGJ3KvTtjlIUy/YQ/p6UYZvi7YbeoeXdyU9+Y3scizK6hkY37baA=="],

    "@radix-ui/react-slider": ["@radix-ui/react-slider@1.3.5", "", { "dependencies": { "@radix-ui/number": "1.1.1", "@radix-ui/primitive": "1.1.2", "@radix-ui/react-collection": "1.1.7", "@radix-ui/react-compose-refs": "1.1.2", "@radix-ui/react-context": "1.1.2", "@radix-ui/react-direction": "1.1.1", "@radix-ui/react-primitive": "2.1.3", "@radix-ui/react-use-controllable-state": "1.2.2", "@radix-ui/react-use-layout-effect": "1.1.1", "@radix-ui/react-use-previous": "1.1.1", "@radix-ui/react-use-size": "1.1.1" }, "peerDependencies": { "@types/react": "*", "@types/react-dom": "*", "react": "^16.8 || ^17.0 || ^18.0 || ^19.0 || ^19.0.0-rc", "react-dom": "^16.8 || ^17.0 || ^18.0 || ^19.0 || ^19.0.0-rc" } }, "sha512-rkfe2pU2NBAYfGaxa3Mqosi7VZEWX5CxKaanRv0vZd4Zhl9fvQrg0VM93dv3xGLGfrHuoTRF3JXH8nb9g+B3fw=="],

    "@radix-ui/react-slot": ["@radix-ui/react-slot@1.2.3", "", { "dependencies": { "@radix-ui/react-compose-refs": "1.1.2" }, "peerDependencies": { "@types/react": "*", "react": "^16.8 || ^17.0 || ^18.0 || ^19.0 || ^19.0.0-rc" } }, "sha512-aeNmHnBxbi2St0au6VBVC7JXFlhLlOnvIIlePNniyUNAClzmtAUEY8/pBiK3iHjufOlwA+c20/8jngo7xcrg8A=="],

    "@radix-ui/react-switch": ["@radix-ui/react-switch@1.2.5", "", { "dependencies": { "@radix-ui/primitive": "1.1.2", "@radix-ui/react-compose-refs": "1.1.2", "@radix-ui/react-context": "1.1.2", "@radix-ui/react-primitive": "2.1.3", "@radix-ui/react-use-controllable-state": "1.2.2", "@radix-ui/react-use-previous": "1.1.1", "@radix-ui/react-use-size": "1.1.1" }, "peerDependencies": { "@types/react": "*", "@types/react-dom": "*", "react": "^16.8 || ^17.0 || ^18.0 || ^19.0 || ^19.0.0-rc", "react-dom": "^16.8 || ^17.0 || ^18.0 || ^19.0 || ^19.0.0-rc" } }, "sha512-5ijLkak6ZMylXsaImpZ8u4Rlf5grRmoc0p0QeX9VJtlrM4f5m3nCTX8tWga/zOA8PZYIR/t0p2Mnvd7InrJ6yQ=="],

    "@radix-ui/react-tabs": ["@radix-ui/react-tabs@1.1.12", "", { "dependencies": { "@radix-ui/primitive": "1.1.2", "@radix-ui/react-context": "1.1.2", "@radix-ui/react-direction": "1.1.1", "@radix-ui/react-id": "1.1.1", "@radix-ui/react-presence": "1.1.4", "@radix-ui/react-primitive": "2.1.3", "@radix-ui/react-roving-focus": "1.1.10", "@radix-ui/react-use-controllable-state": "1.2.2" }, "peerDependencies": { "@types/react": "*", "@types/react-dom": "*", "react": "^16.8 || ^17.0 || ^18.0 || ^19.0 || ^19.0.0-rc", "react-dom": "^16.8 || ^17.0 || ^18.0 || ^19.0 || ^19.0.0-rc" } }, "sha512-GTVAlRVrQrSw3cEARM0nAx73ixrWDPNZAruETn3oHCNP6SbZ/hNxdxp+u7VkIEv3/sFoLq1PfcHrl7Pnp0CDpw=="],

    "@radix-ui/react-toast": ["@radix-ui/react-toast@1.2.14", "", { "dependencies": { "@radix-ui/primitive": "1.1.2", "@radix-ui/react-collection": "1.1.7", "@radix-ui/react-compose-refs": "1.1.2", "@radix-ui/react-context": "1.1.2", "@radix-ui/react-dismissable-layer": "1.1.10", "@radix-ui/react-portal": "1.1.9", "@radix-ui/react-presence": "1.1.4", "@radix-ui/react-primitive": "2.1.3", "@radix-ui/react-use-callback-ref": "1.1.1", "@radix-ui/react-use-controllable-state": "1.2.2", "@radix-ui/react-use-layout-effect": "1.1.1", "@radix-ui/react-visually-hidden": "1.2.3" }, "peerDependencies": { "@types/react": "*", "@types/react-dom": "*", "react": "^16.8 || ^17.0 || ^18.0 || ^19.0 || ^19.0.0-rc", "react-dom": "^16.8 || ^17.0 || ^18.0 || ^19.0 || ^19.0.0-rc" } }, "sha512-nAP5FBxBJGQ/YfUB+r+O6USFVkWq3gAInkxyEnmvEV5jtSbfDhfa4hwX8CraCnbjMLsE7XSf/K75l9xXY7joWg=="],

    "@radix-ui/react-toggle": ["@radix-ui/react-toggle@1.1.9", "", { "dependencies": { "@radix-ui/primitive": "1.1.2", "@radix-ui/react-primitive": "2.1.3", "@radix-ui/react-use-controllable-state": "1.2.2" }, "peerDependencies": { "@types/react": "*", "@types/react-dom": "*", "react": "^16.8 || ^17.0 || ^18.0 || ^19.0 || ^19.0.0-rc", "react-dom": "^16.8 || ^17.0 || ^18.0 || ^19.0 || ^19.0.0-rc" } }, "sha512-ZoFkBBz9zv9GWer7wIjvdRxmh2wyc2oKWw6C6CseWd6/yq1DK/l5lJ+wnsmFwJZbBYqr02mrf8A2q/CVCuM3ZA=="],

    "@radix-ui/react-toggle-group": ["@radix-ui/react-toggle-group@1.1.10", "", { "dependencies": { "@radix-ui/primitive": "1.1.2", "@radix-ui/react-context": "1.1.2", "@radix-ui/react-direction": "1.1.1", "@radix-ui/react-primitive": "2.1.3", "@radix-ui/react-roving-focus": "1.1.10", "@radix-ui/react-toggle": "1.1.9", "@radix-ui/react-use-controllable-state": "1.2.2" }, "peerDependencies": { "@types/react": "*", "@types/react-dom": "*", "react": "^16.8 || ^17.0 || ^18.0 || ^19.0 || ^19.0.0-rc", "react-dom": "^16.8 || ^17.0 || ^18.0 || ^19.0 || ^19.0.0-rc" } }, "sha512-kiU694Km3WFLTC75DdqgM/3Jauf3rD9wxeS9XtyWFKsBUeZA337lC+6uUazT7I1DhanZ5gyD5Stf8uf2dbQxOQ=="],

    "@radix-ui/react-tooltip": ["@radix-ui/react-tooltip@1.2.7", "", { "dependencies": { "@radix-ui/primitive": "1.1.2", "@radix-ui/react-compose-refs": "1.1.2", "@radix-ui/react-context": "1.1.2", "@radix-ui/react-dismissable-layer": "1.1.10", "@radix-ui/react-id": "1.1.1", "@radix-ui/react-popper": "1.2.7", "@radix-ui/react-portal": "1.1.9", "@radix-ui/react-presence": "1.1.4", "@radix-ui/react-primitive": "2.1.3", "@radix-ui/react-slot": "1.2.3", "@radix-ui/react-use-controllable-state": "1.2.2", "@radix-ui/react-visually-hidden": "1.2.3" }, "peerDependencies": { "@types/react": "*", "@types/react-dom": "*", "react": "^16.8 || ^17.0 || ^18.0 || ^19.0 || ^19.0.0-rc", "react-dom": "^16.8 || ^17.0 || ^18.0 || ^19.0 || ^19.0.0-rc" } }, "sha512-Ap+fNYwKTYJ9pzqW+Xe2HtMRbQ/EeWkj2qykZ6SuEV4iS/o1bZI5ssJbk4D2r8XuDuOBVz/tIx2JObtuqU+5Zw=="],

    "@radix-ui/react-use-callback-ref": ["@radix-ui/react-use-callback-ref@1.1.1", "", { "peerDependencies": { "@types/react": "*", "react": "^16.8 || ^17.0 || ^18.0 || ^19.0 || ^19.0.0-rc" } }, "sha512-FkBMwD+qbGQeMu1cOHnuGB6x4yzPjho8ap5WtbEJ26umhgqVXbhekKUQO+hZEL1vU92a3wHwdp0HAcqAUF5iDg=="],

    "@radix-ui/react-use-controllable-state": ["@radix-ui/react-use-controllable-state@1.2.2", "", { "dependencies": { "@radix-ui/react-use-effect-event": "0.0.2", "@radix-ui/react-use-layout-effect": "1.1.1" }, "peerDependencies": { "@types/react": "*", "react": "^16.8 || ^17.0 || ^18.0 || ^19.0 || ^19.0.0-rc" } }, "sha512-BjasUjixPFdS+NKkypcyyN5Pmg83Olst0+c6vGov0diwTEo6mgdqVR6hxcEgFuh4QrAs7Rc+9KuGJ9TVCj0Zzg=="],

    "@radix-ui/react-use-effect-event": ["@radix-ui/react-use-effect-event@0.0.2", "", { "dependencies": { "@radix-ui/react-use-layout-effect": "1.1.1" }, "peerDependencies": { "@types/react": "*", "react": "^16.8 || ^17.0 || ^18.0 || ^19.0 || ^19.0.0-rc" } }, "sha512-Qp8WbZOBe+blgpuUT+lw2xheLP8q0oatc9UpmiemEICxGvFLYmHm9QowVZGHtJlGbS6A6yJ3iViad/2cVjnOiA=="],

    "@radix-ui/react-use-escape-keydown": ["@radix-ui/react-use-escape-keydown@1.1.1", "", { "dependencies": { "@radix-ui/react-use-callback-ref": "1.1.1" }, "peerDependencies": { "@types/react": "*", "react": "^16.8 || ^17.0 || ^18.0 || ^19.0 || ^19.0.0-rc" } }, "sha512-Il0+boE7w/XebUHyBjroE+DbByORGR9KKmITzbR7MyQ4akpORYP/ZmbhAr0DG7RmmBqoOnZdy2QlvajJ2QA59g=="],

    "@radix-ui/react-use-is-hydrated": ["@radix-ui/react-use-is-hydrated@0.1.0", "", { "dependencies": { "use-sync-external-store": "^1.5.0" }, "peerDependencies": { "@types/react": "*", "react": "^16.8 || ^17.0 || ^18.0 || ^19.0 || ^19.0.0-rc" } }, "sha512-U+UORVEq+cTnRIaostJv9AGdV3G6Y+zbVd+12e18jQ5A3c0xL03IhnHuiU4UV69wolOQp5GfR58NW/EgdQhwOA=="],

    "@radix-ui/react-use-layout-effect": ["@radix-ui/react-use-layout-effect@1.1.1", "", { "peerDependencies": { "@types/react": "*", "react": "^16.8 || ^17.0 || ^18.0 || ^19.0 || ^19.0.0-rc" } }, "sha512-RbJRS4UWQFkzHTTwVymMTUv8EqYhOp8dOOviLj2ugtTiXRaRQS7GLGxZTLL1jWhMeoSCf5zmcZkqTl9IiYfXcQ=="],

    "@radix-ui/react-use-previous": ["@radix-ui/react-use-previous@1.1.1", "", { "peerDependencies": { "@types/react": "*", "react": "^16.8 || ^17.0 || ^18.0 || ^19.0 || ^19.0.0-rc" } }, "sha512-2dHfToCj/pzca2Ck724OZ5L0EVrr3eHRNsG/b3xQJLA2hZpVCS99bLAX+hm1IHXDEnzU6by5z/5MIY794/a8NQ=="],

    "@radix-ui/react-use-rect": ["@radix-ui/react-use-rect@1.1.1", "", { "dependencies": { "@radix-ui/rect": "1.1.1" }, "peerDependencies": { "@types/react": "*", "react": "^16.8 || ^17.0 || ^18.0 || ^19.0 || ^19.0.0-rc" } }, "sha512-QTYuDesS0VtuHNNvMh+CjlKJ4LJickCMUAqjlE3+j8w+RlRpwyX3apEQKGFzbZGdo7XNG1tXa+bQqIE7HIXT2w=="],

    "@radix-ui/react-use-size": ["@radix-ui/react-use-size@1.1.1", "", { "dependencies": { "@radix-ui/react-use-layout-effect": "1.1.1" }, "peerDependencies": { "@types/react": "*", "react": "^16.8 || ^17.0 || ^18.0 || ^19.0 || ^19.0.0-rc" } }, "sha512-ewrXRDTAqAXlkl6t/fkXWNAhFX9I+CkKlw6zjEwk86RSPKwZr3xpBRso655aqYafwtnbpHLj6toFzmd6xdVptQ=="],

    "@radix-ui/react-visually-hidden": ["@radix-ui/react-visually-hidden@1.2.3", "", { "dependencies": { "@radix-ui/react-primitive": "2.1.3" }, "peerDependencies": { "@types/react": "*", "@types/react-dom": "*", "react": "^16.8 || ^17.0 || ^18.0 || ^19.0 || ^19.0.0-rc", "react-dom": "^16.8 || ^17.0 || ^18.0 || ^19.0 || ^19.0.0-rc" } }, "sha512-pzJq12tEaaIhqjbzpCuv/OypJY/BPavOofm+dbab+MHLajy277+1lLm6JFcGgF5eskJ6mquGirhXY2GD/8u8Ug=="],

    "@radix-ui/rect": ["@radix-ui/rect@1.1.1", "", {}, "sha512-HPwpGIzkl28mWyZqG52jiqDJ12waP11Pa1lGoiyUkIEuMLBP0oeK/C89esbXrxsky5we7dfd8U58nm0SgAWpVw=="],

    "@remix-run/router": ["@remix-run/router@1.23.0", "", {}, "sha512-O3rHJzAQKamUz1fvE0Qaw0xSFqsA/yafi2iqeE0pvdFtCO1viYx8QL6f3Ln/aCCTLxs68SLf0KPM9eSeM8yBnA=="],

    "@rolldown/pluginutils": ["@rolldown/pluginutils@1.0.0-beta.27", "", {}, "sha512-+d0F4MKMCbeVUJwG96uQ4SgAznZNSq93I3V+9NHA4OpvqG8mRCpGdKmK8l/dl02h2CCDHwW2FqilnTyDcAnqjA=="],

    "@rollup/rollup-android-arm-eabi": ["@rollup/rollup-android-arm-eabi@4.24.0", "", { "os": "android", "cpu": "arm" }, "sha512-Q6HJd7Y6xdB48x8ZNVDOqsbh2uByBhgK8PiQgPhwkIw/HC/YX5Ghq2mQY5sRMZWHb3VsFkWooUVOZHKr7DmDIA=="],

    "@rollup/rollup-android-arm64": ["@rollup/rollup-android-arm64@4.24.0", "", { "os": "android", "cpu": "arm64" }, "sha512-ijLnS1qFId8xhKjT81uBHuuJp2lU4x2yxa4ctFPtG+MqEE6+C5f/+X/bStmxapgmwLwiL3ih122xv8kVARNAZA=="],

    "@rollup/rollup-darwin-arm64": ["@rollup/rollup-darwin-arm64@4.24.0", "", { "os": "darwin", "cpu": "arm64" }, "sha512-bIv+X9xeSs1XCk6DVvkO+S/z8/2AMt/2lMqdQbMrmVpgFvXlmde9mLcbQpztXm1tajC3raFDqegsH18HQPMYtA=="],

    "@rollup/rollup-darwin-x64": ["@rollup/rollup-darwin-x64@4.24.0", "", { "os": "darwin", "cpu": "x64" }, "sha512-X6/nOwoFN7RT2svEQWUsW/5C/fYMBe4fnLK9DQk4SX4mgVBiTA9h64kjUYPvGQ0F/9xwJ5U5UfTbl6BEjaQdBQ=="],

    "@rollup/rollup-linux-arm-gnueabihf": ["@rollup/rollup-linux-arm-gnueabihf@4.24.0", "", { "os": "linux", "cpu": "arm" }, "sha512-0KXvIJQMOImLCVCz9uvvdPgfyWo93aHHp8ui3FrtOP57svqrF/roSSR5pjqL2hcMp0ljeGlU4q9o/rQaAQ3AYA=="],

    "@rollup/rollup-linux-arm-musleabihf": ["@rollup/rollup-linux-arm-musleabihf@4.24.0", "", { "os": "linux", "cpu": "arm" }, "sha512-it2BW6kKFVh8xk/BnHfakEeoLPv8STIISekpoF+nBgWM4d55CZKc7T4Dx1pEbTnYm/xEKMgy1MNtYuoA8RFIWw=="],

    "@rollup/rollup-linux-arm64-gnu": ["@rollup/rollup-linux-arm64-gnu@4.24.0", "", { "os": "linux", "cpu": "arm64" }, "sha512-i0xTLXjqap2eRfulFVlSnM5dEbTVque/3Pi4g2y7cxrs7+a9De42z4XxKLYJ7+OhE3IgxvfQM7vQc43bwTgPwA=="],

    "@rollup/rollup-linux-arm64-musl": ["@rollup/rollup-linux-arm64-musl@4.24.0", "", { "os": "linux", "cpu": "arm64" }, "sha512-9E6MKUJhDuDh604Qco5yP/3qn3y7SLXYuiC0Rpr89aMScS2UAmK1wHP2b7KAa1nSjWJc/f/Lc0Wl1L47qjiyQw=="],

    "@rollup/rollup-linux-powerpc64le-gnu": ["@rollup/rollup-linux-powerpc64le-gnu@4.24.0", "", { "os": "linux", "cpu": "ppc64" }, "sha512-2XFFPJ2XMEiF5Zi2EBf4h73oR1V/lycirxZxHZNc93SqDN/IWhYYSYj8I9381ikUFXZrz2v7r2tOVk2NBwxrWw=="],

    "@rollup/rollup-linux-riscv64-gnu": ["@rollup/rollup-linux-riscv64-gnu@4.24.0", "", { "os": "linux", "cpu": "none" }, "sha512-M3Dg4hlwuntUCdzU7KjYqbbd+BLq3JMAOhCKdBE3TcMGMZbKkDdJ5ivNdehOssMCIokNHFOsv7DO4rlEOfyKpg=="],

    "@rollup/rollup-linux-s390x-gnu": ["@rollup/rollup-linux-s390x-gnu@4.24.0", "", { "os": "linux", "cpu": "s390x" }, "sha512-mjBaoo4ocxJppTorZVKWFpy1bfFj9FeCMJqzlMQGjpNPY9JwQi7OuS1axzNIk0nMX6jSgy6ZURDZ2w0QW6D56g=="],

    "@rollup/rollup-linux-x64-gnu": ["@rollup/rollup-linux-x64-gnu@4.24.0", "", { "os": "linux", "cpu": "x64" }, "sha512-ZXFk7M72R0YYFN5q13niV0B7G8/5dcQ9JDp8keJSfr3GoZeXEoMHP/HlvqROA3OMbMdfr19IjCeNAnPUG93b6A=="],

    "@rollup/rollup-linux-x64-musl": ["@rollup/rollup-linux-x64-musl@4.24.0", "", { "os": "linux", "cpu": "x64" }, "sha512-w1i+L7kAXZNdYl+vFvzSZy8Y1arS7vMgIy8wusXJzRrPyof5LAb02KGr1PD2EkRcl73kHulIID0M501lN+vobQ=="],

    "@rollup/rollup-win32-arm64-msvc": ["@rollup/rollup-win32-arm64-msvc@4.24.0", "", { "os": "win32", "cpu": "arm64" }, "sha512-VXBrnPWgBpVDCVY6XF3LEW0pOU51KbaHhccHw6AS6vBWIC60eqsH19DAeeObl+g8nKAz04QFdl/Cefta0xQtUQ=="],

    "@rollup/rollup-win32-ia32-msvc": ["@rollup/rollup-win32-ia32-msvc@4.24.0", "", { "os": "win32", "cpu": "ia32" }, "sha512-xrNcGDU0OxVcPTH/8n/ShH4UevZxKIO6HJFK0e15XItZP2UcaiLFd5kiX7hJnqCbSztUF8Qot+JWBC/QXRPYWQ=="],

    "@rollup/rollup-win32-x64-msvc": ["@rollup/rollup-win32-x64-msvc@4.24.0", "", { "os": "win32", "cpu": "x64" }, "sha512-fbMkAF7fufku0N2dE5TBXcNlg0pt0cJue4xBRE2Qc5Vqikxr4VCgKj/ht6SMdFcOacVA9rqF70APJ8RN/4vMJw=="],

    "@swc/core": ["@swc/core@1.13.2", "", { "dependencies": { "@swc/counter": "^0.1.3", "@swc/types": "^0.1.23" }, "optionalDependencies": { "@swc/core-darwin-arm64": "1.13.2", "@swc/core-darwin-x64": "1.13.2", "@swc/core-linux-arm-gnueabihf": "1.13.2", "@swc/core-linux-arm64-gnu": "1.13.2", "@swc/core-linux-arm64-musl": "1.13.2", "@swc/core-linux-x64-gnu": "1.13.2", "@swc/core-linux-x64-musl": "1.13.2", "@swc/core-win32-arm64-msvc": "1.13.2", "@swc/core-win32-ia32-msvc": "1.13.2", "@swc/core-win32-x64-msvc": "1.13.2" }, "peerDependencies": { "@swc/helpers": ">=0.5.17" }, "optionalPeers": ["@swc/helpers"] }, "sha512-YWqn+0IKXDhqVLKoac4v2tV6hJqB/wOh8/Br8zjqeqBkKa77Qb0Kw2i7LOFzjFNZbZaPH6AlMGlBwNrxaauaAg=="],

    "@swc/core-darwin-arm64": ["@swc/core-darwin-arm64@1.13.2", "", { "os": "darwin", "cpu": "arm64" }, "sha512-44p7ivuLSGFJ15Vly4ivLJjg3ARo4879LtEBAabcHhSZygpmkP8eyjyWxrH3OxkY1eRZSIJe8yRZPFw4kPXFPw=="],

    "@swc/core-darwin-x64": ["@swc/core-darwin-x64@1.13.2", "", { "os": "darwin", "cpu": "x64" }, "sha512-Lb9EZi7X2XDAVmuUlBm2UvVAgSCbD3qKqDCxSI4jEOddzVOpNCnyZ/xEampdngUIyDDhhJLYU9duC+Mcsv5Y+A=="],

    "@swc/core-linux-arm-gnueabihf": ["@swc/core-linux-arm-gnueabihf@1.13.2", "", { "os": "linux", "cpu": "arm" }, "sha512-9TDe/92ee1x57x+0OqL1huG4BeljVx0nWW4QOOxp8CCK67Rpc/HHl2wciJ0Kl9Dxf2NvpNtkPvqj9+BUmM9WVA=="],

    "@swc/core-linux-arm64-gnu": ["@swc/core-linux-arm64-gnu@1.13.2", "", { "os": "linux", "cpu": "arm64" }, "sha512-KJUSl56DBk7AWMAIEcU83zl5mg3vlQYhLELhjwRFkGFMvghQvdqQ3zFOYa4TexKA7noBZa3C8fb24rI5sw9Exg=="],

    "@swc/core-linux-arm64-musl": ["@swc/core-linux-arm64-musl@1.13.2", "", { "os": "linux", "cpu": "arm64" }, "sha512-teU27iG1oyWpNh9CzcGQ48ClDRt/RCem7mYO7ehd2FY102UeTws2+OzLESS1TS1tEZipq/5xwx3FzbVgiolCiQ=="],

    "@swc/core-linux-x64-gnu": ["@swc/core-linux-x64-gnu@1.13.2", "", { "os": "linux", "cpu": "x64" }, "sha512-dRPsyPyqpLD0HMRCRpYALIh4kdOir8pPg4AhNQZLehKowigRd30RcLXGNVZcc31Ua8CiPI4QSgjOIxK+EQe4LQ=="],

    "@swc/core-linux-x64-musl": ["@swc/core-linux-x64-musl@1.13.2", "", { "os": "linux", "cpu": "x64" }, "sha512-CCxETW+KkYEQDqz1SYC15YIWYheqFC+PJVOW76Maa/8yu8Biw+HTAcblKf2isrlUtK8RvrQN94v3UXkC2NzCEw=="],

    "@swc/core-win32-arm64-msvc": ["@swc/core-win32-arm64-msvc@1.13.2", "", { "os": "win32", "cpu": "arm64" }, "sha512-Wv/QTA6PjyRLlmKcN6AmSI4jwSMRl0VTLGs57PHTqYRwwfwd7y4s2fIPJVBNbAlXd795dOEP6d/bGSQSyhOX3A=="],

    "@swc/core-win32-ia32-msvc": ["@swc/core-win32-ia32-msvc@1.13.2", "", { "os": "win32", "cpu": "ia32" }, "sha512-PuCdtNynEkUNbUXX/wsyUC+t4mamIU5y00lT5vJcAvco3/r16Iaxl5UCzhXYaWZSNVZMzPp9qN8NlSL8M5pPxw=="],

    "@swc/core-win32-x64-msvc": ["@swc/core-win32-x64-msvc@1.13.2", "", { "os": "win32", "cpu": "x64" }, "sha512-qlmMkFZJus8cYuBURx1a3YAG2G7IW44i+FEYV5/32ylKkzGNAr9tDJSA53XNnNXkAB5EXSPsOz7bn5C3JlEtdQ=="],

    "@swc/counter": ["@swc/counter@0.1.3", "", {}, "sha512-e2BR4lsJkkRlKZ/qCHPw9ZaSxc0MVUd7gtbtaB7aMvHeJVYe8sOB8DBZkP2DtISHGSku9sCK6T6cnY0CtXrOCQ=="],

    "@swc/types": ["@swc/types@0.1.23", "", { "dependencies": { "@swc/counter": "^0.1.3" } }, "sha512-u1iIVZV9Q0jxY+yM2vw/hZGDNudsN85bBpTqzAQ9rzkxW9D+e3aEM4Han+ow518gSewkXgjmEK0BD79ZcNVgPw=="],

    "@tailwindcss/typography": ["@tailwindcss/typography@0.5.16", "", { "dependencies": { "lodash.castarray": "^4.4.0", "lodash.isplainobject": "^4.0.6", "lodash.merge": "^4.6.2", "postcss-selector-parser": "6.0.10" }, "peerDependencies": { "tailwindcss": ">=3.0.0 || insiders || >=4.0.0-alpha.20 || >=4.0.0-beta.1" } }, "sha512-0wDLwCVF5V3x3b1SGXPCDcdsbDHMBe+lkFzBRaHeLvNi+nrrnZ1lA18u+OTWO8iSWU2GxUOCvlXtDuqftc1oiA=="],

    "@tanstack/query-core": ["@tanstack/query-core@5.83.0", "", {}, "sha512-0M8dA+amXUkyz5cVUm/B+zSk3xkQAcuXuz5/Q/LveT4ots2rBpPTZOzd7yJa2Utsf8D2Upl5KyjhHRY+9lB/XA=="],

    "@tanstack/react-query": ["@tanstack/react-query@5.83.0", "", { "dependencies": { "@tanstack/query-core": "5.83.0" }, "peerDependencies": { "react": "^18 || ^19" } }, "sha512-/XGYhZ3foc5H0VM2jLSD/NyBRIOK4q9kfeml4+0x2DlL6xVuAcVEW+hTlTapAmejObg0i3eNqhkr2dT+eciwoQ=="],

    "@types/d3-array": ["@types/d3-array@3.2.1", "", {}, "sha512-Y2Jn2idRrLzUfAKV2LyRImR+y4oa2AntrgID95SHJxuMUrkNXmanDSed71sRNZysveJVt1hLLemQZIady0FpEg=="],

    "@types/d3-color": ["@types/d3-color@3.1.3", "", {}, "sha512-iO90scth9WAbmgv7ogoq57O9YpKmFBbmoEoCHDB2xMBY0+/KVrqAaCDyCE16dUspeOvIxFFRI+0sEtqDqy2b4A=="],

    "@types/d3-ease": ["@types/d3-ease@3.0.2", "", {}, "sha512-NcV1JjO5oDzoK26oMzbILE6HW7uVXOHLQvHshBUW4UMdZGfiY6v5BeQwh9a9tCzv+CeefZQHJt5SRgK154RtiA=="],

    "@types/d3-interpolate": ["@types/d3-interpolate@3.0.4", "", { "dependencies": { "@types/d3-color": "*" } }, "sha512-mgLPETlrpVV1YRJIglr4Ez47g7Yxjl1lj7YKsiMCb27VJH9W8NVM6Bb9d8kkpG/uAQS5AmbA48q2IAolKKo1MA=="],

    "@types/d3-path": ["@types/d3-path@3.1.0", "", {}, "sha512-P2dlU/q51fkOc/Gfl3Ul9kicV7l+ra934qBFXCFhrZMOL6du1TM0pm1ThYvENukyOn5h9v+yMJ9Fn5JK4QozrQ=="],

    "@types/d3-scale": ["@types/d3-scale@4.0.8", "", { "dependencies": { "@types/d3-time": "*" } }, "sha512-gkK1VVTr5iNiYJ7vWDI+yUFFlszhNMtVeneJ6lUTKPjprsvLLI9/tgEGiXJOnlINJA8FyA88gfnQsHbybVZrYQ=="],

    "@types/d3-shape": ["@types/d3-shape@3.1.6", "", { "dependencies": { "@types/d3-path": "*" } }, "sha512-5KKk5aKGu2I+O6SONMYSNflgiP0WfZIQvVUMan50wHsLG1G94JlxEVnCpQARfTtzytuY0p/9PXXZb3I7giofIA=="],

    "@types/d3-time": ["@types/d3-time@3.0.3", "", {}, "sha512-2p6olUZ4w3s+07q3Tm2dbiMZy5pCDfYwtLXXHUnVzXgQlZ/OyPtUz6OL382BkOuGlLXqfT+wqv8Fw2v8/0geBw=="],

    "@types/d3-timer": ["@types/d3-timer@3.0.2", "", {}, "sha512-Ps3T8E8dZDam6fUyNiMkekK3XUsaUEik+idO9/YjPtfj2qruF8tFBXS7XhtE4iIXBLxhmLjP3SXpLhVf21I9Lw=="],

    "@types/estree": ["@types/estree@1.0.6", "", {}, "sha512-AYnb1nQyY49te+VRAVgmzfcgjYS91mY5P0TKUDCLEM+gNnA+3T6rWITXRLYCpahpqSQbN5cE+gHpnPyXjHWxcw=="],

    "@types/json-schema": ["@types/json-schema@7.0.15", "", {}, "sha512-5+fP8P8MFNC+AyZCDxrB2pkZFPGzqQWUzpSeuuVLvm8VMcorNYavBqoFcxK8bQz4Qsbn4oUEEem4wDLfcysGHA=="],

    "@types/node": ["@types/node@22.16.5", "", { "dependencies": { "undici-types": "~6.21.0" } }, "sha512-bJFoMATwIGaxxx8VJPeM8TonI8t579oRvgAuT8zFugJsJZgzqv0Fu8Mhp68iecjzG7cnN3mO2dJQ5uUM2EFrgQ=="],

    "@types/prop-types": ["@types/prop-types@15.7.13", "", {}, "sha512-hCZTSvwbzWGvhqxp/RqVqwU999pBf2vp7hzIjiYOsl8wqOmUxkQ6ddw1cV3l8811+kdUFus/q4d1Y3E3SyEifA=="],

    "@types/react": ["@types/react@18.3.23", "", { "dependencies": { "@types/prop-types": "*", "csstype": "^3.0.2" } }, "sha512-/LDXMQh55EzZQ0uVAZmKKhfENivEvWz6E+EYzh+/MCjMhNsotd+ZHhBGIjFDTi6+fz0OhQQQLbTgdQIxxCsC0w=="],

    "@types/react-dom": ["@types/react-dom@18.3.7", "", { "peerDependencies": { "@types/react": "^18.0.0" } }, "sha512-MEe3UeoENYVFXzoXEWsvcpg6ZvlrFNlOQ7EOsvhI3CfAXwzPfO8Qwuxd40nepsYKqyyVQnTdEfv68q91yLcKrQ=="],

    "@typescript-eslint/eslint-plugin": ["@typescript-eslint/eslint-plugin@8.38.0", "", { "dependencies": { "@eslint-community/regexpp": "^4.10.0", "@typescript-eslint/scope-manager": "8.38.0", "@typescript-eslint/type-utils": "8.38.0", "@typescript-eslint/utils": "8.38.0", "@typescript-eslint/visitor-keys": "8.38.0", "graphemer": "^1.4.0", "ignore": "^7.0.0", "natural-compare": "^1.4.0", "ts-api-utils": "^2.1.0" }, "peerDependencies": { "@typescript-eslint/parser": "^8.38.0", "eslint": "^8.57.0 || ^9.0.0", "typescript": ">=4.8.4 <5.9.0" } }, "sha512-CPoznzpuAnIOl4nhj4tRr4gIPj5AfKgkiJmGQDaq+fQnRJTYlcBjbX3wbciGmpoPf8DREufuPRe1tNMZnGdanA=="],

    "@typescript-eslint/parser": ["@typescript-eslint/parser@8.38.0", "", { "dependencies": { "@typescript-eslint/scope-manager": "8.38.0", "@typescript-eslint/types": "8.38.0", "@typescript-eslint/typescript-estree": "8.38.0", "@typescript-eslint/visitor-keys": "8.38.0", "debug": "^4.3.4" }, "peerDependencies": { "eslint": "^8.57.0 || ^9.0.0", "typescript": ">=4.8.4 <5.9.0" } }, "sha512-Zhy8HCvBUEfBECzIl1PKqF4p11+d0aUJS1GeUiuqK9WmOug8YCmC4h4bjyBvMyAMI9sbRczmrYL5lKg/YMbrcQ=="],

    "@typescript-eslint/project-service": ["@typescript-eslint/project-service@8.38.0", "", { "dependencies": { "@typescript-eslint/tsconfig-utils": "^8.38.0", "@typescript-eslint/types": "^8.38.0", "debug": "^4.3.4" }, "peerDependencies": { "typescript": ">=4.8.4 <5.9.0" } }, "sha512-dbK7Jvqcb8c9QfH01YB6pORpqX1mn5gDZc9n63Ak/+jD67oWXn3Gs0M6vddAN+eDXBCS5EmNWzbSxsn9SzFWWg=="],

    "@typescript-eslint/scope-manager": ["@typescript-eslint/scope-manager@8.38.0", "", { "dependencies": { "@typescript-eslint/types": "8.38.0", "@typescript-eslint/visitor-keys": "8.38.0" } }, "sha512-WJw3AVlFFcdT9Ri1xs/lg8LwDqgekWXWhH3iAF+1ZM+QPd7oxQ6jvtW/JPwzAScxitILUIFs0/AnQ/UWHzbATQ=="],

    "@typescript-eslint/tsconfig-utils": ["@typescript-eslint/tsconfig-utils@8.38.0", "", { "peerDependencies": { "typescript": ">=4.8.4 <5.9.0" } }, "sha512-Lum9RtSE3EroKk/bYns+sPOodqb2Fv50XOl/gMviMKNvanETUuUcC9ObRbzrJ4VSd2JalPqgSAavwrPiPvnAiQ=="],

    "@typescript-eslint/type-utils": ["@typescript-eslint/type-utils@8.38.0", "", { "dependencies": { "@typescript-eslint/types": "8.38.0", "@typescript-eslint/typescript-estree": "8.38.0", "@typescript-eslint/utils": "8.38.0", "debug": "^4.3.4", "ts-api-utils": "^2.1.0" }, "peerDependencies": { "eslint": "^8.57.0 || ^9.0.0", "typescript": ">=4.8.4 <5.9.0" } }, "sha512-c7jAvGEZVf0ao2z+nnz8BUaHZD09Agbh+DY7qvBQqLiz8uJzRgVPj5YvOh8I8uEiH8oIUGIfHzMwUcGVco/SJg=="],

    "@typescript-eslint/types": ["@typescript-eslint/types@8.38.0", "", {}, "sha512-wzkUfX3plUqij4YwWaJyqhiPE5UCRVlFpKn1oCRn2O1bJ592XxWJj8ROQ3JD5MYXLORW84063z3tZTb/cs4Tyw=="],

    "@typescript-eslint/typescript-estree": ["@typescript-eslint/typescript-estree@8.38.0", "", { "dependencies": { "@typescript-eslint/project-service": "8.38.0", "@typescript-eslint/tsconfig-utils": "8.38.0", "@typescript-eslint/types": "8.38.0", "@typescript-eslint/visitor-keys": "8.38.0", "debug": "^4.3.4", "fast-glob": "^3.3.2", "is-glob": "^4.0.3", "minimatch": "^9.0.4", "semver": "^7.6.0", "ts-api-utils": "^2.1.0" }, "peerDependencies": { "typescript": ">=4.8.4 <5.9.0" } }, "sha512-fooELKcAKzxux6fA6pxOflpNS0jc+nOQEEOipXFNjSlBS6fqrJOVY/whSn70SScHrcJ2LDsxWrneFoWYSVfqhQ=="],

    "@typescript-eslint/utils": ["@typescript-eslint/utils@8.38.0", "", { "dependencies": { "@eslint-community/eslint-utils": "^4.7.0", "@typescript-eslint/scope-manager": "8.38.0", "@typescript-eslint/types": "8.38.0", "@typescript-eslint/typescript-estree": "8.38.0" }, "peerDependencies": { "eslint": "^8.57.0 || ^9.0.0", "typescript": ">=4.8.4 <5.9.0" } }, "sha512-hHcMA86Hgt+ijJlrD8fX0j1j8w4C92zue/8LOPAFioIno+W0+L7KqE8QZKCcPGc/92Vs9x36w/4MPTJhqXdyvg=="],

    "@typescript-eslint/visitor-keys": ["@typescript-eslint/visitor-keys@8.38.0", "", { "dependencies": { "@typescript-eslint/types": "8.38.0", "eslint-visitor-keys": "^4.2.1" } }, "sha512-pWrTcoFNWuwHlA9CvlfSsGWs14JxfN1TH25zM5L7o0pRLhsoZkDnTsXfQRJBEWJoV5DL0jf+Z+sxiud+K0mq1g=="],

    "@vitejs/plugin-react-swc": ["@vitejs/plugin-react-swc@3.11.0", "", { "dependencies": { "@rolldown/pluginutils": "1.0.0-beta.27", "@swc/core": "^1.12.11" }, "peerDependencies": { "vite": "^4 || ^5 || ^6 || ^7" } }, "sha512-YTJCGFdNMHCMfjODYtxRNVAYmTWQ1Lb8PulP/2/f/oEEtglw8oKxKIZmmRkyXrVrHfsKOaVkAc3NT9/dMutO5w=="],

    "acorn": ["acorn@8.15.0", "", { "bin": "bin/acorn" }, "sha512-NZyJarBfL7nWwIq+FDL6Zp/yHEhePMNnnJ0y3qfieCrmNvYct8uvtiV41UvlSe6apAfk0fY1FbWx+NwfmpvtTg=="],

    "acorn-jsx": ["acorn-jsx@5.3.2", "", { "peerDependencies": { "acorn": "^6.0.0 || ^7.0.0 || ^8.0.0" } }, "sha512-rq9s+JNhf0IChjtDXxllJ7g41oZk5SlXtp0LHwyA5cejwn7vKmKp4pPri6YEePv2PU65sAsegbXtIinmDFDXgQ=="],

    "ajv": ["ajv@6.12.6", "", { "dependencies": { "fast-deep-equal": "^3.1.1", "fast-json-stable-stringify": "^2.0.0", "json-schema-traverse": "^0.4.1", "uri-js": "^4.2.2" } }, "sha512-j3fVLgvTo527anyYyJOGTYJbG+vnnQYvE0m5mmkc1TK+nxAppkCLMIL0aZ4dblVCNoGShhm+kzE4ZUykBoMg4g=="],

    "ansi-regex": ["ansi-regex@6.1.0", "", {}, "sha512-7HSX4QQb4CspciLpVFwyRe79O3xsIZDDLER21kERQ71oaPodF8jL725AgJMFAYbooIqolJoRLuM81SpeUkpkvA=="],

    "ansi-styles": ["ansi-styles@4.3.0", "", { "dependencies": { "color-convert": "^2.0.1" } }, "sha512-zbB9rCJAT1rbjiVDb2hqKFHNYLxgtk8NURxZ3IZwD3F6NtxbXZQCnnSi1Lkx+IDohdPlFp222wVALIheZJQSEg=="],

    "any-promise": ["any-promise@1.3.0", "", {}, "sha512-7UvmKalWRt1wgjL1RrGxoSJW/0QZFIegpeGvZG9kjp8vrRu55XTHbwnqq2GpXm9uLbcuhxm3IqX9OB4MZR1b2A=="],

    "anymatch": ["anymatch@3.1.3", "", { "dependencies": { "normalize-path": "^3.0.0", "picomatch": "^2.0.4" } }, "sha512-KMReFUr0B4t+D+OBkjR3KYqvocp2XaSzO55UcB6mgQMd3KbcE+mWTyvVV7D/zsdEbNnV6acZUutkiHQXvTr1Rw=="],

    "arg": ["arg@5.0.2", "", {}, "sha512-PYjyFOLKQ9y57JvQ6QLo8dAgNqswh8M1RMJYdQduT6xbWSgK36P/Z/v+p888pM69jMMfS8Xd8F6I1kQ/I9HUGg=="],

    "argparse": ["argparse@2.0.1", "", {}, "sha512-8+9WqebbFzpX9OR+Wa6O29asIogeRMzcGtAINdpMHHyAg10f05aSFVBbcEqGf/PXw1EjAZ+q2/bEBg3DvurK3Q=="],

    "aria-hidden": ["aria-hidden@1.2.4", "", { "dependencies": { "tslib": "^2.0.0" } }, "sha512-y+CcFFwelSXpLZk/7fMB2mUbGtX9lKycf1MWJ7CaTIERyitVlyQx6C+sxcROU2BAJ24OiZyK+8wj2i8AlBoS3A=="],

    "autoprefixer": ["autoprefixer@10.4.21", "", { "dependencies": { "browserslist": "^4.24.4", "caniuse-lite": "^1.0.30001702", "fraction.js": "^4.3.7", "normalize-range": "^0.1.2", "picocolors": "^1.1.1", "postcss-value-parser": "^4.2.0" }, "peerDependencies": { "postcss": "^8.1.0" }, "bin": "bin/autoprefixer" }, "sha512-O+A6LWV5LDHSJD3LjHYoNi4VLsj/Whi7k6zG12xTYaU4cQ8oxQGckXNX8cRHK5yOZ/ppVHe0ZBXGzSV9jXdVbQ=="],

    "balanced-match": ["balanced-match@1.0.2", "", {}, "sha512-3oSeUO0TMV67hN1AmbXsK4yaqU7tjiHlbxRDZOpH0KW9+CeX4bRAaX0Anxt0tx2MrpRpWwQaPwIlISEJhYU5Pw=="],

    "binary-extensions": ["binary-extensions@2.3.0", "", {}, "sha512-Ceh+7ox5qe7LJuLHoY0feh3pHuUDHAcRUeyL2VYghZwfpkNIy/+8Ocg0a3UuSoYzavmylwuLWQOf3hl0jjMMIw=="],

    "brace-expansion": ["brace-expansion@1.1.12", "", { "dependencies": { "balanced-match": "^1.0.0", "concat-map": "0.0.1" } }, "sha512-9T9UjW3r0UW5c1Q7GTwllptXwhvYmEzFhzMfZ9H7FQWt+uZePjZPjBP/W1ZEyZ1twGWom5/56TF4lPcqjnDHcg=="],

    "braces": ["braces@3.0.3", "", { "dependencies": { "fill-range": "^7.1.1" } }, "sha512-yQbXgO/OSZVD2IsiLlro+7Hf6Q18EJrKSEsdoMzKePKXct3gvD8oLcOQdIzGupr5Fj+EDe8gO/lxc1BzfMpxvA=="],

    "browserslist": ["browserslist@4.25.1", "", { "dependencies": { "caniuse-lite": "^1.0.30001726", "electron-to-chromium": "^1.5.173", "node-releases": "^2.0.19", "update-browserslist-db": "^1.1.3" }, "bin": "cli.js" }, "sha512-KGj0KoOMXLpSNkkEI6Z6mShmQy0bc1I+T7K9N81k4WWMrfz+6fQ6es80B/YLAeRoKvjYE1YSHHOW1qe9xIVzHw=="],

    "callsites": ["callsites@3.1.0", "", {}, "sha512-P8BjAsXvZS+VIDUI11hHCQEv74YT67YUi5JJFNWIqL235sBmjX4+qx9Muvls5ivyNENctx46xQLQ3aTuE7ssaQ=="],

    "camelcase-css": ["camelcase-css@2.0.1", "", {}, "sha512-QOSvevhslijgYwRx6Rv7zKdMF8lbRmx+uQGx2+vDc+KI/eBnsy9kit5aj23AgGu3pa4t9AgwbnXWqS+iOY+2aA=="],

    "caniuse-lite": ["caniuse-lite@1.0.30001727", "", {}, "sha512-pB68nIHmbN6L/4C6MH1DokyR3bYqFwjaSs/sWDHGj4CTcFtQUQMuJftVwWkXq7mNWOybD3KhUv3oWHoGxgP14Q=="],

    "chalk": ["chalk@4.1.2", "", { "dependencies": { "ansi-styles": "^4.1.0", "supports-color": "^7.1.0" } }, "sha512-oKnbhFyRIXpUuez8iBMmyEa4nbj4IOQyuhc/wy9kY7/WVPcwIO9VA668Pu8RkO7+0G76SLROeyw9CpQ061i4mA=="],

    "chokidar": ["chokidar@3.6.0", "", { "dependencies": { "anymatch": "~3.1.2", "braces": "~3.0.2", "glob-parent": "~5.1.2", "is-binary-path": "~2.1.0", "is-glob": "~4.0.1", "normalize-path": "~3.0.0", "readdirp": "~3.6.0" }, "optionalDependencies": { "fsevents": "~2.3.2" } }, "sha512-7VT13fmjotKpGipCW9JEQAusEPE+Ei8nl6/g4FBAmIm0GOOLMua9NDDo/DWp0ZAxCr3cPq5ZpBqmPAQgDda2Pw=="],

    "class-variance-authority": ["class-variance-authority@0.7.1", "", { "dependencies": { "clsx": "^2.1.1" } }, "sha512-Ka+9Trutv7G8M6WT6SeiRWz792K5qEqIGEGzXKhAE6xOWAY6pPH8U+9IY3oCMv6kqTmLsv7Xh/2w2RigkePMsg=="],

    "clsx": ["clsx@2.1.1", "", {}, "sha512-eYm0QWBtUrBWZWG0d386OGAw16Z995PiOVo2B7bjWSbHedGl5e0ZWaq65kOGgUSNesEIDkB9ISbTg/JK9dhCZA=="],

    "cmdk": ["cmdk@1.1.1", "", { "dependencies": { "@radix-ui/react-compose-refs": "^1.1.1", "@radix-ui/react-dialog": "^1.1.6", "@radix-ui/react-id": "^1.1.0", "@radix-ui/react-primitive": "^2.0.2" }, "peerDependencies": { "react": "^18 || ^19 || ^19.0.0-rc", "react-dom": "^18 || ^19 || ^19.0.0-rc" } }, "sha512-Vsv7kFaXm+ptHDMZ7izaRsP70GgrW9NBNGswt9OZaVBLlE0SNpDq8eu/VGXyF9r7M0azK3Wy7OlYXsuyYLFzHg=="],

    "color-convert": ["color-convert@2.0.1", "", { "dependencies": { "color-name": "~1.1.4" } }, "sha512-RRECPsj7iu/xb5oKYcsFHSppFNnsj/52OVTRKb4zP5onXwVF3zVmmToNcOfGC+CRDpfK/U584fMg38ZHCaElKQ=="],

    "color-name": ["color-name@1.1.4", "", {}, "sha512-dOy+3AuW3a2wNbZHIuMZpTcgjGuLU/uBL/ubcZF9OXbDo8ff4O8yVp5Bf0efS8uEoYo5q4Fx7dY9OgQGXgAsQA=="],

    "commander": ["commander@4.1.1", "", {}, "sha512-NOKm8xhkzAjzFx8B2v5OAHT+u5pRQc2UCa2Vq9jYL/31o2wi9mxBA7LIFs3sV5VSC49z6pEhfbMULvShKj26WA=="],

    "concat-map": ["concat-map@0.0.1", "", {}, "sha512-/Srv4dswyQNBfohGpz9o6Yb3Gz3SrUDqBH5rTuhGR7ahtlbYKnVxw2bCFMRljaA7EXHaXZ8wsHdodFvbkhKmqg=="],

    "cross-spawn": ["cross-spawn@7.0.6", "", { "dependencies": { "path-key": "^3.1.0", "shebang-command": "^2.0.0", "which": "^2.0.1" } }, "sha512-uV2QOWP2nWzsy2aMp8aRibhi9dlzF5Hgh5SHaB9OiTGEyDTiJJyx0uy51QXdyWbtAHNua4XJzUKca3OzKUd3vA=="],

    "cssesc": ["cssesc@3.0.0", "", { "bin": "bin/cssesc" }, "sha512-/Tb/JcjK111nNScGob5MNtsntNM1aCNUDipB/TkwZFhyDrrE47SOx/18wF2bbjgc3ZzCSKW1T5nt5EbFoAz/Vg=="],

    "csstype": ["csstype@3.1.3", "", {}, "sha512-M1uQkMl8rQK/szD0LNhtqxIPLpimGm8sOBwU7lLnCpSbTyY3yeU1Vc7l4KT5zT4s/yOxHH5O7tIuuLOCnLADRw=="],

    "d3-array": ["d3-array@3.2.4", "", { "dependencies": { "internmap": "1 - 2" } }, "sha512-tdQAmyA18i4J7wprpYq8ClcxZy3SC31QMeByyCFyRt7BVHdREQZ5lpzoe5mFEYZUWe+oq8HBvk9JjpibyEV4Jg=="],

    "d3-color": ["d3-color@3.1.0", "", {}, "sha512-zg/chbXyeBtMQ1LbD/WSoW2DpC3I0mpmPdW+ynRTj/x2DAWYrIY7qeZIHidozwV24m4iavr15lNwIwLxRmOxhA=="],

    "d3-ease": ["d3-ease@3.0.1", "", {}, "sha512-wR/XK3D3XcLIZwpbvQwQ5fK+8Ykds1ip7A2Txe0yxncXSdq1L9skcG7blcedkOX+ZcgxGAmLX1FrRGbADwzi0w=="],

    "d3-format": ["d3-format@3.1.0", "", {}, "sha512-YyUI6AEuY/Wpt8KWLgZHsIU86atmikuoOmCfommt0LYHiQSPjvX2AcFc38PX0CBpr2RCyZhjex+NS/LPOv6YqA=="],

    "d3-interpolate": ["d3-interpolate@3.0.1", "", { "dependencies": { "d3-color": "1 - 3" } }, "sha512-3bYs1rOD33uo8aqJfKP3JWPAibgw8Zm2+L9vBKEHJ2Rg+viTR7o5Mmv5mZcieN+FRYaAOWX5SJATX6k1PWz72g=="],

    "d3-path": ["d3-path@3.1.0", "", {}, "sha512-p3KP5HCf/bvjBSSKuXid6Zqijx7wIfNW+J/maPs+iwR35at5JCbLUT0LzF1cnjbCHWhqzQTIN2Jpe8pRebIEFQ=="],

    "d3-scale": ["d3-scale@4.0.2", "", { "dependencies": { "d3-array": "2.10.0 - 3", "d3-format": "1 - 3", "d3-interpolate": "1.2.0 - 3", "d3-time": "2.1.1 - 3", "d3-time-format": "2 - 4" } }, "sha512-GZW464g1SH7ag3Y7hXjf8RoUuAFIqklOAq3MRl4OaWabTFJY9PN/E1YklhXLh+OQ3fM9yS2nOkCoS+WLZ6kvxQ=="],

    "d3-shape": ["d3-shape@3.2.0", "", { "dependencies": { "d3-path": "^3.1.0" } }, "sha512-SaLBuwGm3MOViRq2ABk3eLoxwZELpH6zhl3FbAoJ7Vm1gofKx6El1Ib5z23NUEhF9AsGl7y+dzLe5Cw2AArGTA=="],

    "d3-time": ["d3-time@3.1.0", "", { "dependencies": { "d3-array": "2 - 3" } }, "sha512-VqKjzBLejbSMT4IgbmVgDjpkYrNWUYJnbCGo874u7MMKIWsILRX+OpX/gTk8MqjpT1A/c6HY2dCA77ZN0lkQ2Q=="],

    "d3-time-format": ["d3-time-format@4.1.0", "", { "dependencies": { "d3-time": "1 - 3" } }, "sha512-dJxPBlzC7NugB2PDLwo9Q8JiTR3M3e4/XANkreKSUxF8vvXKqm1Yfq4Q5dl8budlunRVlUUaDUgFt7eA8D6NLg=="],

    "d3-timer": ["d3-timer@3.0.1", "", {}, "sha512-ndfJ/JxxMd3nw31uyKoY2naivF+r29V+Lc0svZxe1JvvIRmi8hUsrMvdOwgS1o6uBHmiz91geQ0ylPP0aj1VUA=="],

    "date-fns": ["date-fns@3.6.0", "", {}, "sha512-fRHTG8g/Gif+kSh50gaGEdToemgfj74aRX3swtiouboip5JDLAyDE9F11nHMIcvOaXeOC6D7SpNhi7uFyB7Uww=="],

    "debug": ["debug@4.3.7", "", { "dependencies": { "ms": "^2.1.3" } }, "sha512-Er2nc/H7RrMXZBFCEim6TCmMk02Z8vLC2Rbi1KEBggpo0fS6l0S1nnapwmIi3yW/+GOJap1Krg4w0Hg80oCqgQ=="],

    "decimal.js-light": ["decimal.js-light@2.5.1", "", {}, "sha512-qIMFpTMZmny+MMIitAB6D7iVPEorVw6YQRWkvarTkT4tBeSLLiHzcwj6q0MmYSFCiVpiqPJTJEYIrpcPzVEIvg=="],

    "deep-is": ["deep-is@0.1.4", "", {}, "sha512-oIPzksmTg4/MriiaYGO+okXDT7ztn/w3Eptv/+gSIdMdKsJo0u4CfYNFJPy+4SKMuCqGw2wxnA+URMg3t8a/bQ=="],

    "detect-node-es": ["detect-node-es@1.1.0", "", {}, "sha512-ypdmJU/TbBby2Dxibuv7ZLW3Bs1QEmM7nHjEANfohJLvE0XVujisn1qPJcZxg+qDucsr+bP6fLD1rPS3AhJ7EQ=="],

    "didyoumean": ["didyoumean@1.2.2", "", {}, "sha512-gxtyfqMg7GKyhQmb056K7M3xszy/myH8w+B4RT+QXBQsvAOdc3XymqDDPHx1BgPgsdAA5SIifona89YtRATDzw=="],

    "dlv": ["dlv@1.1.3", "", {}, "sha512-+HlytyjlPKnIG8XuRG8WvmBP8xs8P71y+SKKS6ZXWoEgLuePxtDoUEiH7WkdePWrQ5JBpE6aoVqfZfJUQkjXwA=="],

    "dom-helpers": ["dom-helpers@5.2.1", "", { "dependencies": { "@babel/runtime": "^7.8.7", "csstype": "^3.0.2" } }, "sha512-nRCa7CK3VTrM2NmGkIy4cbK7IZlgBE/PYMn55rrXefr5xXDP0LdtfPnblFDoVdcAfslJ7or6iqAUnx0CCGIWQA=="],

    "eastasianwidth": ["eastasianwidth@0.2.0", "", {}, "sha512-I88TYZWc9XiYHRQ4/3c5rjjfgkjhLyW2luGIheGERbNQ6OY7yTybanSpDXZa8y7VUP9YmDcYa+eyq4ca7iLqWA=="],

    "electron-to-chromium": ["electron-to-chromium@1.5.192", "", {}, "sha512-rP8Ez0w7UNw/9j5eSXCe10o1g/8B1P5SM90PCCMVkIRQn2R0LEHWz4Eh9RnxkniuDe1W0cTSOB3MLlkTGDcuCg=="],

    "embla-carousel": ["embla-carousel@8.6.0", "", {}, "sha512-SjWyZBHJPbqxHOzckOfo8lHisEaJWmwd23XppYFYVh10bU66/Pn5tkVkbkCMZVdbUE5eTCI2nD8OyIP4Z+uwkA=="],

    "embla-carousel-react": ["embla-carousel-react@8.6.0", "", { "dependencies": { "embla-carousel": "8.6.0", "embla-carousel-reactive-utils": "8.6.0" }, "peerDependencies": { "react": "^16.8.0 || ^17.0.1 || ^18.0.0 || ^19.0.0 || ^19.0.0-rc" } }, "sha512-0/PjqU7geVmo6F734pmPqpyHqiM99olvyecY7zdweCw+6tKEXnrE90pBiBbMMU8s5tICemzpQ3hi5EpxzGW+JA=="],

    "embla-carousel-reactive-utils": ["embla-carousel-reactive-utils@8.6.0", "", { "peerDependencies": { "embla-carousel": "8.6.0" } }, "sha512-fMVUDUEx0/uIEDM0Mz3dHznDhfX+znCCDCeIophYb1QGVM7YThSWX+wz11zlYwWFOr74b4QLGg0hrGPJeG2s4A=="],

    "emoji-regex": ["emoji-regex@9.2.2", "", {}, "sha512-L18DaJsXSUk2+42pv8mLs5jJT2hqFkFE4j21wOmgbUqsZ2hL72NsUU785g9RXgo3s0ZNgVl42TiHp3ZtOv/Vyg=="],

    "esbuild": ["esbuild@0.25.0", "", { "optionalDependencies": { "@esbuild/aix-ppc64": "0.25.0", "@esbuild/android-arm": "0.25.0", "@esbuild/android-arm64": "0.25.0", "@esbuild/android-x64": "0.25.0", "@esbuild/darwin-arm64": "0.25.0", "@esbuild/darwin-x64": "0.25.0", "@esbuild/freebsd-arm64": "0.25.0", "@esbuild/freebsd-x64": "0.25.0", "@esbuild/linux-arm": "0.25.0", "@esbuild/linux-arm64": "0.25.0", "@esbuild/linux-ia32": "0.25.0", "@esbuild/linux-loong64": "0.25.0", "@esbuild/linux-mips64el": "0.25.0", "@esbuild/linux-ppc64": "0.25.0", "@esbuild/linux-riscv64": "0.25.0", "@esbuild/linux-s390x": "0.25.0", "@esbuild/linux-x64": "0.25.0", "@esbuild/netbsd-arm64": "0.25.0", "@esbuild/netbsd-x64": "0.25.0", "@esbuild/openbsd-arm64": "0.25.0", "@esbuild/openbsd-x64": "0.25.0", "@esbuild/sunos-x64": "0.25.0", "@esbuild/win32-arm64": "0.25.0", "@esbuild/win32-ia32": "0.25.0", "@esbuild/win32-x64": "0.25.0" }, "bin": "bin/esbuild" }, "sha512-BXq5mqc8ltbaN34cDqWuYKyNhX8D/Z0J1xdtdQ8UcIIIyJyz+ZMKUt58tF3SrZ85jcfN/PZYhjR5uDQAYNVbuw=="],

    "escalade": ["escalade@3.2.0", "", {}, "sha512-WUj2qlxaQtO4g6Pq5c29GTcWGDyd8itL8zTlipgECz3JesAiiOKotd8JU6otB3PACgG6xkJUyVhboMS+bje/jA=="],

    "escape-string-regexp": ["escape-string-regexp@4.0.0", "", {}, "sha512-TtpcNJ3XAzx3Gq8sWRzJaVajRs0uVxA2YAkdb1jm2YkPz4G6egUFAyA3n5vtEIZefPk5Wa4UXbKuS5fKkJWdgA=="],

    "eslint": ["eslint@9.32.0", "", { "dependencies": { "@eslint-community/eslint-utils": "^4.2.0", "@eslint-community/regexpp": "^4.12.1", "@eslint/config-array": "^0.21.0", "@eslint/config-helpers": "^0.3.0", "@eslint/core": "^0.15.0", "@eslint/eslintrc": "^3.3.1", "@eslint/js": "9.32.0", "@eslint/plugin-kit": "^0.3.4", "@humanfs/node": "^0.16.6", "@humanwhocodes/module-importer": "^1.0.1", "@humanwhocodes/retry": "^0.4.2", "@types/estree": "^1.0.6", "@types/json-schema": "^7.0.15", "ajv": "^6.12.4", "chalk": "^4.0.0", "cross-spawn": "^7.0.6", "debug": "^4.3.2", "escape-string-regexp": "^4.0.0", "eslint-scope": "^8.4.0", "eslint-visitor-keys": "^4.2.1", "espree": "^10.4.0", "esquery": "^1.5.0", "esutils": "^2.0.2", "fast-deep-equal": "^3.1.3", "file-entry-cache": "^8.0.0", "find-up": "^5.0.0", "glob-parent": "^6.0.2", "ignore": "^5.2.0", "imurmurhash": "^0.1.4", "is-glob": "^4.0.0", "json-stable-stringify-without-jsonify": "^1.0.1", "lodash.merge": "^4.6.2", "minimatch": "^3.1.2", "natural-compare": "^1.4.0", "optionator": "^0.9.3" }, "peerDependencies": { "jiti": "*" }, "bin": "bin/eslint.js" }, "sha512-LSehfdpgMeWcTZkWZVIJl+tkZ2nuSkyyB9C27MZqFWXuph7DvaowgcTvKqxvpLW1JZIk8PN7hFY3Rj9LQ7m7lg=="],

    "eslint-plugin-react-hooks": ["eslint-plugin-react-hooks@5.2.0", "", { "peerDependencies": { "eslint": "^3.0.0 || ^4.0.0 || ^5.0.0 || ^6.0.0 || ^7.0.0 || ^8.0.0-0 || ^9.0.0" } }, "sha512-+f15FfK64YQwZdJNELETdn5ibXEUQmW1DZL6KXhNnc2heoy/sg9VJJeT7n8TlMWouzWqSWavFkIhHyIbIAEapg=="],

    "eslint-plugin-react-refresh": ["eslint-plugin-react-refresh@0.4.20", "", { "peerDependencies": { "eslint": ">=8.40" } }, "sha512-XpbHQ2q5gUF8BGOX4dHe+71qoirYMhApEPZ7sfhF/dNnOF1UXnCMGZf79SFTBO7Bz5YEIT4TMieSlJBWhP9WBA=="],

    "eslint-scope": ["eslint-scope@8.4.0", "", { "dependencies": { "esrecurse": "^4.3.0", "estraverse": "^5.2.0" } }, "sha512-sNXOfKCn74rt8RICKMvJS7XKV/Xk9kA7DyJr8mJik3S7Cwgy3qlkkmyS2uQB3jiJg6VNdZd/pDBJu0nvG2NlTg=="],

    "eslint-visitor-keys": ["eslint-visitor-keys@4.2.1", "", {}, "sha512-Uhdk5sfqcee/9H/rCOJikYz67o0a2Tw2hGRPOG2Y1R2dg7brRe1uG0yaNQDHu+TO/uQPF/5eCapvYSmHUjt7JQ=="],

    "espree": ["espree@10.4.0", "", { "dependencies": { "acorn": "^8.15.0", "acorn-jsx": "^5.3.2", "eslint-visitor-keys": "^4.2.1" } }, "sha512-j6PAQ2uUr79PZhBjP5C5fhl8e39FmRnOjsD5lGnWrFU8i2G776tBK7+nP8KuQUTTyAZUwfQqXAgrVH5MbH9CYQ=="],

    "esquery": ["esquery@1.6.0", "", { "dependencies": { "estraverse": "^5.1.0" } }, "sha512-ca9pw9fomFcKPvFLXhBKUK90ZvGibiGOvRJNbjljY7s7uq/5YO4BOzcYtJqExdx99rF6aAcnRxHmcUHcz6sQsg=="],

    "esrecurse": ["esrecurse@4.3.0", "", { "dependencies": { "estraverse": "^5.2.0" } }, "sha512-KmfKL3b6G+RXvP8N1vr3Tq1kL/oCFgn2NYXEtqP8/L3pKapUA4G8cFVaoF3SU323CD4XypR/ffioHmkti6/Tag=="],

    "estraverse": ["estraverse@5.3.0", "", {}, "sha512-MMdARuVEQziNTeJD8DgMqmhwR11BRQ/cBP+pLtYdSTnf3MIO8fFeiINEbX36ZdNlfU/7A9f3gUw49B3oQsvwBA=="],

    "esutils": ["esutils@2.0.3", "", {}, "sha512-kVscqXk4OCp68SZ0dkgEKVi6/8ij300KBWTJq32P/dYeWTSwK41WyTxalN1eRmA5Z9UU/LX9D7FWSmV9SAYx6g=="],

    "eventemitter3": ["eventemitter3@4.0.7", "", {}, "sha512-8guHBZCwKnFhYdHr2ysuRWErTwhoN2X8XELRlrRwpmfeY2jjuUN4taQMsULKUVo1K4DvZl+0pgfyoysHxvmvEw=="],

    "fast-deep-equal": ["fast-deep-equal@3.1.3", "", {}, "sha512-f3qQ9oQy9j2AhBe/H9VC91wLmKBCCU/gDOnKNAYG5hswO7BLKj09Hc5HYNz9cGI++xlpDCIgDaitVs03ATR84Q=="],

    "fast-equals": ["fast-equals@5.2.2", "", {}, "sha512-V7/RktU11J3I36Nwq2JnZEM7tNm17eBJz+u25qdxBZeCKiX6BkVSZQjwWIr+IobgnZy+ag73tTZgZi7tr0LrBw=="],

    "fast-glob": ["fast-glob@3.3.2", "", { "dependencies": { "@nodelib/fs.stat": "^2.0.2", "@nodelib/fs.walk": "^1.2.3", "glob-parent": "^5.1.2", "merge2": "^1.3.0", "micromatch": "^4.0.4" } }, "sha512-oX2ruAFQwf/Orj8m737Y5adxDQO0LAB7/S5MnxCdTNDd4p6BsyIVsv9JQsATbTSq8KHRpLwIHbVlUNatxd+1Ow=="],

    "fast-json-stable-stringify": ["fast-json-stable-stringify@2.1.0", "", {}, "sha512-lhd/wF+Lk98HZoTCtlVraHtfh5XYijIjalXck7saUtuanSDyLMxnHhSXEDJqHxD7msR8D0uCmqlkwjCV8xvwHw=="],

    "fast-levenshtein": ["fast-levenshtein@2.0.6", "", {}, "sha512-DCXu6Ifhqcks7TZKY3Hxp3y6qphY5SJZmrWMDrKcERSOXWQdMhU9Ig/PYrzyw/ul9jOIyh0N4M0tbC5hodg8dw=="],

    "fastq": ["fastq@1.17.1", "", { "dependencies": { "reusify": "^1.0.4" } }, "sha512-sRVD3lWVIXWg6By68ZN7vho9a1pQcN/WBFaAAsDDFzlJjvoGx0P8z7V1t72grFJfJhu3YPZBuu25f7Kaw2jN1w=="],

    "file-entry-cache": ["file-entry-cache@8.0.0", "", { "dependencies": { "flat-cache": "^4.0.0" } }, "sha512-XXTUwCvisa5oacNGRP9SfNtYBNAMi+RPwBFmblZEF7N7swHYQS6/Zfk7SRwx4D5j3CH211YNRco1DEMNVfZCnQ=="],

    "fill-range": ["fill-range@7.1.1", "", { "dependencies": { "to-regex-range": "^5.0.1" } }, "sha512-YsGpe3WHLK8ZYi4tWDg2Jy3ebRz2rXowDxnld4bkQB00cc/1Zw9AWnC0i9ztDJitivtQvaI9KaLyKrc+hBW0yg=="],

    "find-up": ["find-up@5.0.0", "", { "dependencies": { "locate-path": "^6.0.0", "path-exists": "^4.0.0" } }, "sha512-78/PXT1wlLLDgTzDs7sjq9hzz0vXD+zn+7wypEe4fXQxCmdmqfGsEPQxmiCSQI3ajFV91bVSsvNtrJRiW6nGng=="],

    "flat-cache": ["flat-cache@4.0.1", "", { "dependencies": { "flatted": "^3.2.9", "keyv": "^4.5.4" } }, "sha512-f7ccFPK3SXFHpx15UIGyRJ/FJQctuKZ0zVuN3frBo4HnK3cay9VEW0R6yPYFHC0AgqhukPzKjq22t5DmAyqGyw=="],

    "flatted": ["flatted@3.3.1", "", {}, "sha512-X8cqMLLie7KsNUDSdzeN8FYK9rEt4Dt67OsG/DNGnYTSDBG4uFAJFBnUeiV+zCVAvwFy56IjM9sH51jVaEhNxw=="],

    "foreground-child": ["foreground-child@3.3.0", "", { "dependencies": { "cross-spawn": "^7.0.0", "signal-exit": "^4.0.1" } }, "sha512-Ld2g8rrAyMYFXBhEqMz8ZAHBi4J4uS1i/CxGMDnjyFWddMXLVcDp051DZfu+t7+ab7Wv6SMqpWmyFIj5UbfFvg=="],

    "fraction.js": ["fraction.js@4.3.7", "", {}, "sha512-ZsDfxO51wGAXREY55a7la9LScWpwv9RxIrYABrlvOFBlH/ShPnrtsXeuUIfXKKOVicNxQ+o8JTbJvjS4M89yew=="],

    "framer-motion": ["framer-motion@12.23.26", "", { "dependencies": { "motion-dom": "^12.23.23", "motion-utils": "^12.23.6", "tslib": "^2.4.0" }, "peerDependencies": { "@emotion/is-prop-valid": "*", "react": "^18.0.0 || ^19.0.0", "react-dom": "^18.0.0 || ^19.0.0" }, "optionalPeers": ["@emotion/is-prop-valid"] }, "sha512-cPcIhgR42xBn1Uj+PzOyheMtZ73H927+uWPDVhUMqxy8UHt6Okavb6xIz9J/phFUHUj0OncR6UvMfJTXoc/LKA=="],

    "fsevents": ["fsevents@2.3.3", "", { "os": "darwin" }, "sha512-5xoDfX+fL7faATnagmWPpbFtwh/R77WmMMqqHGS65C3vvB0YHrgF+B1YmZ3441tMj5n63k0212XNoJwzlhffQw=="],

    "function-bind": ["function-bind@1.1.2", "", {}, "sha512-7XHNxH7qX9xG5mIwxkhumTox/MIRNcOgDrxWsMt2pAr23WHp6MrRlN7FBSFpCpr+oVO0F744iUgR82nJMfG2SA=="],

    "get-nonce": ["get-nonce@1.0.1", "", {}, "sha512-FJhYRoDaiatfEkUK8HKlicmu/3SGFD51q3itKDGoSTysQJBnfOcxU5GxnhE1E6soB76MbT0MBtnKJuXyAx+96Q=="],

    "glob": ["glob@10.4.5", "", { "dependencies": { "foreground-child": "^3.1.0", "jackspeak": "^3.1.2", "minimatch": "^9.0.4", "minipass": "^7.1.2", "package-json-from-dist": "^1.0.0", "path-scurry": "^1.11.1" }, "bin": "dist/esm/bin.mjs" }, "sha512-7Bv8RF0k6xjo7d4A/PxYLbUCfb6c+Vpd2/mB2yRDlew7Jb5hEXiCD9ibfO7wpk8i4sevK6DFny9h7EYbM3/sHg=="],

    "glob-parent": ["glob-parent@6.0.2", "", { "dependencies": { "is-glob": "^4.0.3" } }, "sha512-XxwI8EOhVQgWp6iDL+3b0r86f4d6AX6zSU55HfB4ydCEuXLXc5FcYeOu+nnGftS4TEju/11rt4KJPTMgbfmv4A=="],

    "globals": ["globals@15.15.0", "", {}, "sha512-7ACyT3wmyp3I61S4fG682L0VA2RGD9otkqGJIwNUMF1SWUombIIk+af1unuDYgMm082aHYwD+mzJvv9Iu8dsgg=="],

    "graphemer": ["graphemer@1.4.0", "", {}, "sha512-EtKwoO6kxCL9WO5xipiHTZlSzBm7WLT627TqC/uVRd0HKmq8NXyebnNYxDoBi7wt8eTWrUrKXCOVaFq9x1kgag=="],

    "has-flag": ["has-flag@4.0.0", "", {}, "sha512-EykJT/Q1KjTWctppgIAgfSO0tKVuZUjhgMr17kqTumMl6Afv3EISleU7qZUzoXDFTAHTDC4NOoG/ZxU3EvlMPQ=="],

    "hasown": ["hasown@2.0.2", "", { "dependencies": { "function-bind": "^1.1.2" } }, "sha512-0hJU9SCPvmMzIBdZFqNPXWa6dqh7WdH0cII9y+CyS8rG3nL48Bclra9HmKhVVUHyPWNH5Y7xDwAB7bfgSjkUMQ=="],

    "ignore": ["ignore@5.3.2", "", {}, "sha512-hsBTNUqQTDwkWtcdYI2i06Y/nUBEsNEDJKjWdigLvegy8kDuJAS8uRlpkkcQpyEXL0Z/pjDy5HBmMjRCJ2gq+g=="],

    "import-fresh": ["import-fresh@3.3.1", "", { "dependencies": { "parent-module": "^1.0.0", "resolve-from": "^4.0.0" } }, "sha512-TR3KfrTZTYLPB6jUjfx6MF9WcWrHL9su5TObK4ZkYgBdWKPOFoSoQIdEuTuR82pmtxH2spWG9h6etwfr1pLBqQ=="],

    "imurmurhash": ["imurmurhash@0.1.4", "", {}, "sha512-JmXMZ6wuvDmLiHEml9ykzqO6lwFbof0GG4IkcGaENdCRDDmMVnny7s5HsIgHCbaq0w2MyPhDqkhTUgS2LU2PHA=="],

    "input-otp": ["input-otp@1.4.2", "", { "peerDependencies": { "react": "^16.8 || ^17.0 || ^18.0 || ^19.0.0 || ^19.0.0-rc", "react-dom": "^16.8 || ^17.0 || ^18.0 || ^19.0.0 || ^19.0.0-rc" } }, "sha512-l3jWwYNvrEa6NTCt7BECfCm48GvwuZzkoeG3gBL2w4CHeOXW3eKFmf9UNYkNfYc3mxMrthMnxjIE07MT0zLBQA=="],

    "internmap": ["internmap@2.0.3", "", {}, "sha512-5Hh7Y1wQbvY5ooGgPbDaL5iYLAPzMTUrjMulskHLH6wnv/A+1q5rgEaiuqEjB+oxGXIVZs1FF+R/KPN3ZSQYYg=="],

    "is-binary-path": ["is-binary-path@2.1.0", "", { "dependencies": { "binary-extensions": "^2.0.0" } }, "sha512-ZMERYes6pDydyuGidse7OsHxtbI7WVeUEozgR/g7rd0xUimYNlvZRE/K2MgZTjWy725IfelLeVcEM97mmtRGXw=="],

    "is-core-module": ["is-core-module@2.15.1", "", { "dependencies": { "hasown": "^2.0.2" } }, "sha512-z0vtXSwucUJtANQWldhbtbt7BnL0vxiFjIdDLAatwhDYty2bad6s+rijD6Ri4YuYJubLzIJLUidCh09e1djEVQ=="],

    "is-extglob": ["is-extglob@2.1.1", "", {}, "sha512-SbKbANkN603Vi4jEZv49LeVJMn4yGwsbzZworEoyEiutsN3nJYdbO36zfhGJ6QEDpOZIFkDtnq5JRxmvl3jsoQ=="],

    "is-fullwidth-code-point": ["is-fullwidth-code-point@3.0.0", "", {}, "sha512-zymm5+u+sCsSWyD9qNaejV3DFvhCKclKdizYaJUuHA83RLjb7nSuGnddCHGv0hk+KY7BMAlsWeK4Ueg6EV6XQg=="],

    "is-glob": ["is-glob@4.0.3", "", { "dependencies": { "is-extglob": "^2.1.1" } }, "sha512-xelSayHH36ZgE7ZWhli7pW34hNbNl8Ojv5KVmkJD4hBdD3th8Tfk9vYasLM+mXWOZhFkgZfxhLSnrwRr4elSSg=="],

    "is-number": ["is-number@7.0.0", "", {}, "sha512-41Cifkg6e8TylSpdtTpeLVMqvSBEVzTttHvERD741+pnZ8ANv0004MRL43QKPDlK9cGvNp6NZWZUBlbGXYxxng=="],

    "isexe": ["isexe@2.0.0", "", {}, "sha512-RHxMLp9lnKHGHRng9QFhRCMbYAcVpn69smSGcq3f36xjgVVWThj4qqLbTLlq7Ssj8B+fIQ1EuCEGI2lKsyQeIw=="],

    "jackspeak": ["jackspeak@3.4.3", "", { "dependencies": { "@isaacs/cliui": "^8.0.2" }, "optionalDependencies": { "@pkgjs/parseargs": "^0.11.0" } }, "sha512-OGlZQpz2yfahA/Rd1Y8Cd9SIEsqvXkLVoSw/cgwhnhFMDbsQFeZYoJJ7bIZBS9BcamUW96asq/npPWugM+RQBw=="],

    "jiti": ["jiti@1.21.6", "", { "bin": "bin/jiti.js" }, "sha512-2yTgeWTWzMWkHu6Jp9NKgePDaYHbntiwvYuuJLbbN9vl7DC9DvXKOB2BC3ZZ92D3cvV/aflH0osDfwpHepQ53w=="],

    "js-tokens": ["js-tokens@4.0.0", "", {}, "sha512-RdJUflcE3cUzKiMqQgsCu06FPu9UdIJO0beYbPhHN4k6apgJtifcoCtT9bcxOpYBtpD2kCM6Sbzg4CausW/PKQ=="],

    "js-yaml": ["js-yaml@4.1.0", "", { "dependencies": { "argparse": "^2.0.1" }, "bin": "bin/js-yaml.js" }, "sha512-wpxZs9NoxZaJESJGIZTyDEaYpl0FKSA+FB9aJiyemKhMwkxQg63h4T1KJgUGHpTqPDNRcmmYLugrRjJlBtWvRA=="],

    "json-buffer": ["json-buffer@3.0.1", "", {}, "sha512-4bV5BfR2mqfQTJm+V5tPPdf+ZpuhiIvTuAB5g8kcrXOZpTT/QwwVRWBywX1ozr6lEuPdbHxwaJlm9G6mI2sfSQ=="],

    "json-schema-traverse": ["json-schema-traverse@0.4.1", "", {}, "sha512-xbbCH5dCYU5T8LcEhhuh7HJ88HXuW3qsI3Y0zOZFKfZEHcpWiHU/Jxzk629Brsab/mMiHQti9wMP+845RPe3Vg=="],

    "json-stable-stringify-without-jsonify": ["json-stable-stringify-without-jsonify@1.0.1", "", {}, "sha512-Bdboy+l7tA3OGW6FjyFHWkP5LuByj1Tk33Ljyq0axyzdk9//JSi2u3fP1QSmd1KNwq6VOKYGlAu87CisVir6Pw=="],

    "keyv": ["keyv@4.5.4", "", { "dependencies": { "json-buffer": "3.0.1" } }, "sha512-oxVHkHR/EJf2CNXnWxRLW6mg7JyCCUcG0DtEGmL2ctUo1PNTin1PUil+r/+4r5MpVgC/fn1kjsx7mjSujKqIpw=="],

    "levn": ["levn@0.4.1", "", { "dependencies": { "prelude-ls": "^1.2.1", "type-check": "~0.4.0" } }, "sha512-+bT2uH4E5LGE7h/n3evcS/sQlJXCpIp6ym8OWJ5eV6+67Dsql/LaaT7qJBAt2rzfoa/5QBGBhxDix1dMt2kQKQ=="],

    "lilconfig": ["lilconfig@3.1.3", "", {}, "sha512-/vlFKAoH5Cgt3Ie+JLhRbwOsCQePABiU3tJ1egGvyQ+33R/vcwM2Zl2QR/LzjsBeItPt3oSVXapn+m4nQDvpzw=="],

    "lines-and-columns": ["lines-and-columns@1.2.4", "", {}, "sha512-7ylylesZQ/PV29jhEDl3Ufjo6ZX7gCqJr5F7PKrqc93v7fzSymt1BpwEU8nAUXs8qzzvqhbjhK5QZg6Mt/HkBg=="],

    "locate-path": ["locate-path@6.0.0", "", { "dependencies": { "p-locate": "^5.0.0" } }, "sha512-iPZK6eYjbxRu3uB4/WZ3EsEIMJFMqAoopl3R+zuq0UjcAm/MO6KCweDgPfP3elTztoKP3KtnVHxTn2NHBSDVUw=="],

    "lodash": ["lodash@4.17.21", "", {}, "sha512-v2kDEe57lecTulaDIuNTPy3Ry4gLGJ6Z1O3vE1krgXZNrsQ+LFTGHVxVjcXPs17LhbZVGedAJv8XZ1tvj5FvSg=="],

    "lodash.castarray": ["lodash.castarray@4.4.0", "", {}, "sha512-aVx8ztPv7/2ULbArGJ2Y42bG1mEQ5mGjpdvrbJcJFU3TbYybe+QlLS4pst9zV52ymy2in1KpFPiZnAOATxD4+Q=="],

    "lodash.isplainobject": ["lodash.isplainobject@4.0.6", "", {}, "sha512-oSXzaWypCMHkPC3NvBEaPHf0KsA5mvPrOPgQWDsbg8n7orZ290M0BmC/jgRZ4vcJ6DTAhjrsSYgdsW/F+MFOBA=="],

    "lodash.merge": ["lodash.merge@4.6.2", "", {}, "sha512-0KpjqXRVvrYyCsX1swR/XTK0va6VQkQM6MNo7PqW77ByjAhoARA8EfrP1N4+KlKj8YS0ZUCtRT/YUuhyYDujIQ=="],

    "loose-envify": ["loose-envify@1.4.0", "", { "dependencies": { "js-tokens": "^3.0.0 || ^4.0.0" }, "bin": "cli.js" }, "sha512-lyuxPGr/Wfhrlem2CL/UcnUc1zcqKAImBDzukY7Y5F/yQiNdko6+fRLevlw1HgMySw7f611UIY408EtxRSoK3Q=="],

    "lovable-tagger": ["lovable-tagger@1.1.13", "", { "dependencies": { "esbuild": "^0.25.0", "tailwindcss": "^3.4.17" }, "peerDependencies": { "vite": ">=5.0.0 <8.0.0" } }, "sha512-RBEYDxao7Xf8ya29L0cd+ocE7Gs80xPOIOwwck65Hoie8YDKViuXi3UYV14DoNWIvaJ7WVPf7SG3cc844nFqGA=="],

    "lru-cache": ["lru-cache@10.4.3", "", {}, "sha512-JNAzZcXrCt42VGLuYz0zfAzDfAvJWW6AfYlDBQyDV5DClI2m5sAmK+OIO7s59XfsRsWHp02jAJrRadPRGTt6SQ=="],

    "lucide-react": ["lucide-react@0.462.0", "", { "peerDependencies": { "react": "^16.5.1 || ^17.0.0 || ^18.0.0 || ^19.0.0-rc" } }, "sha512-NTL7EbAao9IFtuSivSZgrAh4fZd09Lr+6MTkqIxuHaH2nnYiYIzXPo06cOxHg9wKLdj6LL8TByG4qpePqwgx/g=="],

    "merge2": ["merge2@1.4.1", "", {}, "sha512-8q7VEgMJW4J8tcfVPy8g09NcQwZdbwFEqhe/WZkoIzjn/3TGDwtOCYtXGxA3O8tPzpczCCDgv+P2P5y00ZJOOg=="],

    "micromatch": ["micromatch@4.0.8", "", { "dependencies": { "braces": "^3.0.3", "picomatch": "^2.3.1" } }, "sha512-PXwfBhYu0hBCPw8Dn0E+WDYb7af3dSLVWKi3HGv84IdF4TyFoC0ysxFd0Goxw7nSv4T/PzEJQxsYsEiFCKo2BA=="],

    "minimatch": ["minimatch@3.1.2", "", { "dependencies": { "brace-expansion": "^1.1.7" } }, "sha512-J7p63hRiAjw1NDEww1W7i37+ByIrOWO5XQQAzZ3VOcL0PNybwpfmV/N05zFAzwQ9USyEcX6t3UO+K5aqBQOIHw=="],

    "minipass": ["minipass@7.1.2", "", {}, "sha512-qOOzS1cBTWYF4BH8fVePDBOO9iptMnGUEZwNc/cMWnTV2nVLZ7VoNWEPHkYczZA0pdoA7dl6e7FL659nX9S2aw=="],

    "motion-dom": ["motion-dom@12.23.23", "", { "dependencies": { "motion-utils": "^12.23.6" } }, "sha512-n5yolOs0TQQBRUFImrRfs/+6X4p3Q4n1dUEqt/H58Vx7OW6RF+foWEgmTVDhIWJIMXOuNNL0apKH2S16en9eiA=="],

    "motion-utils": ["motion-utils@12.23.6", "", {}, "sha512-eAWoPgr4eFEOFfg2WjIsMoqJTW6Z8MTUCgn/GZ3VRpClWBdnbjryiA3ZSNLyxCTmCQx4RmYX6jX1iWHbenUPNQ=="],

    "ms": ["ms@2.1.3", "", {}, "sha512-6FlzubTLZG3J2a/NVCAleEhjzq5oxgHyaCU9yYXvcLsvoVaHJq/s5xXI6/XXP6tz7R9xAOtHnSO/tXtF3WRTlA=="],

    "mz": ["mz@2.7.0", "", { "dependencies": { "any-promise": "^1.0.0", "object-assign": "^4.0.1", "thenify-all": "^1.0.0" } }, "sha512-z81GNO7nnYMEhrGh9LeymoE4+Yr0Wn5McHIZMK5cfQCl+NDX08sCZgUc9/6MHni9IWuFLm1Z3HTCXu2z9fN62Q=="],

    "nanoid": ["nanoid@3.3.11", "", { "bin": "bin/nanoid.cjs" }, "sha512-N8SpfPUnUp1bK+PMYW8qSWdl9U+wwNWI4QKxOYDy9JAro3WMX7p2OeVRF9v+347pnakNevPmiHhNmZ2HbFA76w=="],

    "natural-compare": ["natural-compare@1.4.0", "", {}, "sha512-OWND8ei3VtNC9h7V60qff3SVobHr996CTwgxubgyQYEpg290h9J0buyECNNJexkFm5sOajh5G116RYA1c8ZMSw=="],

    "next-themes": ["next-themes@0.3.0", "", { "peerDependencies": { "react": "^16.8 || ^17 || ^18", "react-dom": "^16.8 || ^17 || ^18" } }, "sha512-/QHIrsYpd6Kfk7xakK4svpDI5mmXP0gfvCoJdGpZQ2TOrQZmsW0QxjaiLn8wbIKjtm4BTSqLoix4lxYYOnLJ/w=="],

    "node-releases": ["node-releases@2.0.19", "", {}, "sha512-xxOWJsBKtzAq7DY0J+DTzuz58K8e7sJbdgwkbMWQe8UYB6ekmsQ45q0M/tJDsGaZmbC+l7n57UV8Hl5tHxO9uw=="],

    "normalize-path": ["normalize-path@3.0.0", "", {}, "sha512-6eZs5Ls3WtCisHWp9S2GUy8dqkpGi4BVSz3GaqiE6ezub0512ESztXUwUB6C6IKbQkY2Pnb/mD4WYojCRwcwLA=="],

    "normalize-range": ["normalize-range@0.1.2", "", {}, "sha512-bdok/XvKII3nUpklnV6P2hxtMNrCboOjAcyBuQnWEhO665FwrSNRxU+AqpsyvO6LgGYPspN+lu5CLtw4jPRKNA=="],

    "object-assign": ["object-assign@4.1.1", "", {}, "sha512-rJgTQnkUnH1sFw8yT6VSU3zD3sWmu6sZhIseY8VX+GRu3P6F7Fu+JNDoXfklElbLJSnc3FUQHVe4cU5hj+BcUg=="],

    "object-hash": ["object-hash@3.0.0", "", {}, "sha512-RSn9F68PjH9HqtltsSnqYC1XXoWe9Bju5+213R98cNGttag9q9yAOTzdbsqvIa7aNm5WffBZFpWYr2aWrklWAw=="],

    "optionator": ["optionator@0.9.4", "", { "dependencies": { "deep-is": "^0.1.3", "fast-levenshtein": "^2.0.6", "levn": "^0.4.1", "prelude-ls": "^1.2.1", "type-check": "^0.4.0", "word-wrap": "^1.2.5" } }, "sha512-6IpQ7mKUxRcZNLIObR0hz7lxsapSSIYNZJwXPGeF0mTVqGKFIXj1DQcMoT22S3ROcLyY/rz0PWaWZ9ayWmad9g=="],

    "p-limit": ["p-limit@3.1.0", "", { "dependencies": { "yocto-queue": "^0.1.0" } }, "sha512-TYOanM3wGwNGsZN2cVTYPArw454xnXj5qmWF1bEoAc4+cU/ol7GVh7odevjp1FNHduHc3KZMcFduxU5Xc6uJRQ=="],

    "p-locate": ["p-locate@5.0.0", "", { "dependencies": { "p-limit": "^3.0.2" } }, "sha512-LaNjtRWUBY++zB5nE/NwcaoMylSPk+S+ZHNB1TzdbMJMny6dynpAGt7X/tl/QYq3TIeE6nxHppbo2LGymrG5Pw=="],

    "package-json-from-dist": ["package-json-from-dist@1.0.1", "", {}, "sha512-UEZIS3/by4OC8vL3P2dTXRETpebLI2NiI5vIrjaD/5UtrkFX/tNbwjTSRAGC/+7CAo2pIcBaRgWmcBBHcsaCIw=="],

    "parent-module": ["parent-module@1.0.1", "", { "dependencies": { "callsites": "^3.0.0" } }, "sha512-GQ2EWRpQV8/o+Aw8YqtfZZPfNRWZYkbidE9k5rpl/hC3vtHHBfGm2Ifi6qWV+coDGkrUKZAxE3Lot5kcsRlh+g=="],

    "path-exists": ["path-exists@4.0.0", "", {}, "sha512-ak9Qy5Q7jYb2Wwcey5Fpvg2KoAc/ZIhLSLOSBmRmygPsGwkVVt0fZa0qrtMz+m6tJTAHfZQ8FnmB4MG4LWy7/w=="],

    "path-key": ["path-key@3.1.1", "", {}, "sha512-ojmeN0qd+y0jszEtoY48r0Peq5dwMEkIlCOu6Q5f41lfkswXuKtYrhgoTpLnyIcHm24Uhqx+5Tqm2InSwLhE6Q=="],

    "path-parse": ["path-parse@1.0.7", "", {}, "sha512-LDJzPVEEEPR+y48z93A0Ed0yXb8pAByGWo/k5YYdYgpY2/2EsOsksJrq7lOHxryrVOn1ejG6oAp8ahvOIQD8sw=="],

    "path-scurry": ["path-scurry@1.11.1", "", { "dependencies": { "lru-cache": "^10.2.0", "minipass": "^5.0.0 || ^6.0.2 || ^7.0.0" } }, "sha512-Xa4Nw17FS9ApQFJ9umLiJS4orGjm7ZzwUrwamcGQuHSzDyth9boKDaycYdDcZDuqYATXw4HFXgaqWTctW/v1HA=="],

    "picocolors": ["picocolors@1.1.1", "", {}, "sha512-xceH2snhtb5M9liqDsmEw56le376mTZkEX/jEb/RxNFyegNul7eNslCXP9FDj/Lcu0X8KEyMceP2ntpaHrDEVA=="],

    "picomatch": ["picomatch@2.3.1", "", {}, "sha512-JU3teHTNjmE2VCGFzuY8EXzCDVwEqB2a8fsIvwaStHhAWJEeVd1o1QD80CU6+ZdEXXSLbSsuLwJjkCBWqRQUVA=="],

    "pify": ["pify@2.3.0", "", {}, "sha512-udgsAY+fTnvv7kI7aaxbqwWNb0AHiB0qBO89PZKPkoTmGOgdbrHDKD+0B2X4uTfJ/FT1R09r9gTsjUjNJotuog=="],

    "pirates": ["pirates@4.0.6", "", {}, "sha512-saLsH7WeYYPiD25LDuLRRY/i+6HaPYr6G1OUlN39otzkSTxKnubR9RTxS3/Kk50s1g2JTgFwWQDQyplC5/SHZg=="],

    "postcss": ["postcss@8.5.6", "", { "dependencies": { "nanoid": "^3.3.11", "picocolors": "^1.1.1", "source-map-js": "^1.2.1" } }, "sha512-3Ybi1tAuwAP9s0r1UQ2J4n5Y0G05bJkpUIO0/bI9MhwmD70S5aTWbXGBwxHrelT+XM1k6dM0pk+SwNkpTRN7Pg=="],

    "postcss-import": ["postcss-import@15.1.0", "", { "dependencies": { "postcss-value-parser": "^4.0.0", "read-cache": "^1.0.0", "resolve": "^1.1.7" }, "peerDependencies": { "postcss": "^8.0.0" } }, "sha512-hpr+J05B2FVYUAXHeK1YyI267J/dDDhMU6B6civm8hSY1jYJnBXxzKDKDswzJmtLHryrjhnDjqqp/49t8FALew=="],

    "postcss-js": ["postcss-js@4.0.1", "", { "dependencies": { "camelcase-css": "^2.0.1" }, "peerDependencies": { "postcss": "^8.4.21" } }, "sha512-dDLF8pEO191hJMtlHFPRa8xsizHaM82MLfNkUHdUtVEV3tgTp5oj+8qbEqYM57SLfc74KSbw//4SeJma2LRVIw=="],

    "postcss-load-config": ["postcss-load-config@4.0.2", "", { "dependencies": { "lilconfig": "^3.0.0", "yaml": "^2.3.4" }, "peerDependencies": { "postcss": ">=8.0.9", "ts-node": ">=9.0.0" }, "optionalPeers": ["ts-node"] }, "sha512-bSVhyJGL00wMVoPUzAVAnbEoWyqRxkjv64tUl427SKnPrENtq6hJwUojroMz2VB+Q1edmi4IfrAPpami5VVgMQ=="],

    "postcss-nested": ["postcss-nested@6.2.0", "", { "dependencies": { "postcss-selector-parser": "^6.1.1" }, "peerDependencies": { "postcss": "^8.2.14" } }, "sha512-HQbt28KulC5AJzG+cZtj9kvKB93CFCdLvog1WFLf1D+xmMvPGlBstkpTEZfK5+AN9hfJocyBFCNiqyS48bpgzQ=="],

    "postcss-selector-parser": ["postcss-selector-parser@6.0.10", "", { "dependencies": { "cssesc": "^3.0.0", "util-deprecate": "^1.0.2" } }, "sha512-IQ7TZdoaqbT+LCpShg46jnZVlhWD2w6iQYAcYXfHARZ7X1t/UGhhceQDs5X0cGqKvYlHNOuv7Oa1xmb0oQuA3w=="],

    "postcss-value-parser": ["postcss-value-parser@4.2.0", "", {}, "sha512-1NNCs6uurfkVbeXG4S8JFT9t19m45ICnif8zWLd5oPSZ50QnwMfK+H3jv408d4jw/7Bttv5axS5IiHoLaVNHeQ=="],

    "prelude-ls": ["prelude-ls@1.2.1", "", {}, "sha512-vkcDPrRZo1QZLbn5RLGPpg/WmIQ65qoWWhcGKf/b5eplkkarX0m9z8ppCat4mlOqUsWpyNuYgO3VRyrYHSzX5g=="],

    "prop-types": ["prop-types@15.8.1", "", { "dependencies": { "loose-envify": "^1.4.0", "object-assign": "^4.1.1", "react-is": "^16.13.1" } }, "sha512-oj87CgZICdulUohogVAR7AjlC0327U4el4L6eAvOqCeudMDVU0NThNaV+b9Df4dXgSP1gXMTnPdhfe/2qDH5cg=="],

    "punycode": ["punycode@2.3.1", "", {}, "sha512-vYt7UD1U9Wg6138shLtLOvdAu+8DsC/ilFtEVHcH+wydcSpNE20AfSOduf6MkRFahL5FY7X1oU7nKVZFtfq8Fg=="],

    "queue-microtask": ["queue-microtask@1.2.3", "", {}, "sha512-NuaNSa6flKT5JaSYQzJok04JzTL1CA6aGhv5rfLW3PgqA+M2ChpZQnAC8h8i4ZFkBS8X5RqkDBHA7r4hej3K9A=="],

    "react": ["react@18.3.1", "", { "dependencies": { "loose-envify": "^1.1.0" } }, "sha512-wS+hAgJShR0KhEvPJArfuPVN1+Hz1t0Y6n5jLrGQbkb4urgPE/0Rve+1kMB1v/oWgHgm4WIcV+i7F2pTVj+2iQ=="],

    "react-day-picker": ["react-day-picker@8.10.1", "", { "peerDependencies": { "date-fns": "^2.28.0 || ^3.0.0", "react": "^16.8.0 || ^17.0.0 || ^18.0.0" } }, "sha512-TMx7fNbhLk15eqcMt+7Z7S2KF7mfTId/XJDjKE8f+IUcFn0l08/kI4FiYTL/0yuOLmEcbR4Fwe3GJf/NiiMnPA=="],

    "react-dom": ["react-dom@18.3.1", "", { "dependencies": { "loose-envify": "^1.1.0", "scheduler": "^0.23.2" }, "peerDependencies": { "react": "^18.3.1" } }, "sha512-5m4nQKp+rZRb09LNH59GM4BxTh9251/ylbKIbpe7TpGxfJ+9kv6BLkLBXIjjspbgbnIBNqlI23tRnTWT0snUIw=="],

    "react-hook-form": ["react-hook-form@7.61.1", "", { "peerDependencies": { "react": "^16.8.0 || ^17 || ^18 || ^19" } }, "sha512-2vbXUFDYgqEgM2RcXcAT2PwDW/80QARi+PKmHy5q2KhuKvOlG8iIYgf7eIlIANR5trW9fJbP4r5aub3a4egsew=="],

    "react-is": ["react-is@18.3.1", "", {}, "sha512-/LLMVyas0ljjAtoYiPqYiL8VWXzUUdThrmU5+n20DZv+a+ClRoevUzw5JxU+Ieh5/c87ytoTBV9G1FiKfNJdmg=="],

    "react-remove-scroll": ["react-remove-scroll@2.7.1", "", { "dependencies": { "react-remove-scroll-bar": "^2.3.7", "react-style-singleton": "^2.2.3", "tslib": "^2.1.0", "use-callback-ref": "^1.3.3", "use-sidecar": "^1.1.3" }, "peerDependencies": { "@types/react": "*", "react": "^16.8.0 || ^17.0.0 || ^18.0.0 || ^19.0.0 || ^19.0.0-rc" } }, "sha512-HpMh8+oahmIdOuS5aFKKY6Pyog+FNaZV/XyJOq7b4YFwsFHe5yYfdbIalI4k3vU2nSDql7YskmUseHsRrJqIPA=="],

    "react-remove-scroll-bar": ["react-remove-scroll-bar@2.3.8", "", { "dependencies": { "react-style-singleton": "^2.2.2", "tslib": "^2.0.0" }, "peerDependencies": { "@types/react": "*", "react": "^16.8.0 || ^17.0.0 || ^18.0.0 || ^19.0.0" } }, "sha512-9r+yi9+mgU33AKcj6IbT9oRCO78WriSj6t/cF8DWBZJ9aOGPOTEDvdUDz1FwKim7QXWwmHqtdHnRJfhAxEG46Q=="],

    "react-resizable-panels": ["react-resizable-panels@2.1.9", "", { "peerDependencies": { "react": "^16.14.0 || ^17.0.0 || ^18.0.0 || ^19.0.0 || ^19.0.0-rc", "react-dom": "^16.14.0 || ^17.0.0 || ^18.0.0 || ^19.0.0 || ^19.0.0-rc" } }, "sha512-z77+X08YDIrgAes4jl8xhnUu1LNIRp4+E7cv4xHmLOxxUPO/ML7PSrE813b90vj7xvQ1lcf7g2uA9GeMZonjhQ=="],

    "react-router": ["react-router@6.30.1", "", { "dependencies": { "@remix-run/router": "1.23.0" }, "peerDependencies": { "react": ">=16.8" } }, "sha512-X1m21aEmxGXqENEPG3T6u0Th7g0aS4ZmoNynhbs+Cn+q+QGTLt+d5IQ2bHAXKzKcxGJjxACpVbnYQSCRcfxHlQ=="],

    "react-router-dom": ["react-router-dom@6.30.1", "", { "dependencies": { "@remix-run/router": "1.23.0", "react-router": "6.30.1" }, "peerDependencies": { "react": ">=16.8", "react-dom": ">=16.8" } }, "sha512-llKsgOkZdbPU1Eg3zK8lCn+sjD9wMRZZPuzmdWWX5SUs8OFkN5HnFVC0u5KMeMaC9aoancFI/KoLuKPqN+hxHw=="],

    "react-smooth": ["react-smooth@4.0.4", "", { "dependencies": { "fast-equals": "^5.0.1", "prop-types": "^15.8.1", "react-transition-group": "^4.4.5" }, "peerDependencies": { "react": "^16.8.0 || ^17.0.0 || ^18.0.0 || ^19.0.0", "react-dom": "^16.8.0 || ^17.0.0 || ^18.0.0 || ^19.0.0" } }, "sha512-gnGKTpYwqL0Iii09gHobNolvX4Kiq4PKx6eWBCYYix+8cdw+cGo3do906l1NBPKkSWx1DghC1dlWG9L2uGd61Q=="],

    "react-style-singleton": ["react-style-singleton@2.2.3", "", { "dependencies": { "get-nonce": "^1.0.0", "tslib": "^2.0.0" }, "peerDependencies": { "@types/react": "*", "react": "^16.8.0 || ^17.0.0 || ^18.0.0 || ^19.0.0 || ^19.0.0-rc" } }, "sha512-b6jSvxvVnyptAiLjbkWLE/lOnR4lfTtDAl+eUC7RZy+QQWc6wRzIV2CE6xBuMmDxc2qIihtDCZD5NPOFl7fRBQ=="],

    "react-transition-group": ["react-transition-group@4.4.5", "", { "dependencies": { "@babel/runtime": "^7.5.5", "dom-helpers": "^5.0.1", "loose-envify": "^1.4.0", "prop-types": "^15.6.2" }, "peerDependencies": { "react": ">=16.6.0", "react-dom": ">=16.6.0" } }, "sha512-pZcd1MCJoiKiBR2NRxeCRg13uCXbydPnmB4EOeRrY7480qNWO8IIgQG6zlDkm6uRMsURXPuKq0GWtiM59a5Q6g=="],

    "read-cache": ["read-cache@1.0.0", "", { "dependencies": { "pify": "^2.3.0" } }, "sha512-Owdv/Ft7IjOgm/i0xvNDZ1LrRANRfew4b2prF3OWMQLxLfu3bS8FVhCsrSCMK4lR56Y9ya+AThoTpDCTxCmpRA=="],

    "readdirp": ["readdirp@3.6.0", "", { "dependencies": { "picomatch": "^2.2.1" } }, "sha512-hOS089on8RduqdbhvQ5Z37A0ESjsqz6qnRcffsMU3495FuTdqSm+7bhJ29JvIOsBDEEnan5DPu9t3To9VRlMzA=="],

    "recharts": ["recharts@2.15.4", "", { "dependencies": { "clsx": "^2.0.0", "eventemitter3": "^4.0.1", "lodash": "^4.17.21", "react-is": "^18.3.1", "react-smooth": "^4.0.4", "recharts-scale": "^0.4.4", "tiny-invariant": "^1.3.1", "victory-vendor": "^36.6.8" }, "peerDependencies": { "react": "^16.0.0 || ^17.0.0 || ^18.0.0 || ^19.0.0", "react-dom": "^16.0.0 || ^17.0.0 || ^18.0.0 || ^19.0.0" } }, "sha512-UT/q6fwS3c1dHbXv2uFgYJ9BMFHu3fwnd7AYZaEQhXuYQ4hgsxLvsUXzGdKeZrW5xopzDCvuA2N41WJ88I7zIw=="],

    "recharts-scale": ["recharts-scale@0.4.5", "", { "dependencies": { "decimal.js-light": "^2.4.1" } }, "sha512-kivNFO+0OcUNu7jQquLXAxz1FIwZj8nrj+YkOKc5694NbjCvcT6aSZiIzNzd2Kul4o4rTto8QVR9lMNtxD4G1w=="],

    "resolve": ["resolve@1.22.8", "", { "dependencies": { "is-core-module": "^2.13.0", "path-parse": "^1.0.7", "supports-preserve-symlinks-flag": "^1.0.0" }, "bin": "bin/resolve" }, "sha512-oKWePCxqpd6FlLvGV1VU0x7bkPmmCNolxzjMf4NczoDnQcIWrAF+cPtZn5i6n+RfD2d9i0tzpKnG6Yk168yIyw=="],

    "resolve-from": ["resolve-from@4.0.0", "", {}, "sha512-pb/MYmXstAkysRFx8piNI1tGFNQIFA3vkE3Gq4EuA1dF6gHp/+vgZqsCGJapvy8N3Q+4o7FwvquPJcnZ7RYy4g=="],

    "reusify": ["reusify@1.0.4", "", {}, "sha512-U9nH88a3fc/ekCF1l0/UP1IosiuIjyTh7hBvXVMHYgVcfGvt897Xguj2UOLDeI5BG2m7/uwyaLVT6fbtCwTyzw=="],

    "rollup": ["rollup@4.24.0", "", { "dependencies": { "@types/estree": "1.0.6" }, "optionalDependencies": { "@rollup/rollup-android-arm-eabi": "4.24.0", "@rollup/rollup-android-arm64": "4.24.0", "@rollup/rollup-darwin-arm64": "4.24.0", "@rollup/rollup-darwin-x64": "4.24.0", "@rollup/rollup-linux-arm-gnueabihf": "4.24.0", "@rollup/rollup-linux-arm-musleabihf": "4.24.0", "@rollup/rollup-linux-arm64-gnu": "4.24.0", "@rollup/rollup-linux-arm64-musl": "4.24.0", "@rollup/rollup-linux-powerpc64le-gnu": "4.24.0", "@rollup/rollup-linux-riscv64-gnu": "4.24.0", "@rollup/rollup-linux-s390x-gnu": "4.24.0", "@rollup/rollup-linux-x64-gnu": "4.24.0", "@rollup/rollup-linux-x64-musl": "4.24.0", "@rollup/rollup-win32-arm64-msvc": "4.24.0", "@rollup/rollup-win32-ia32-msvc": "4.24.0", "@rollup/rollup-win32-x64-msvc": "4.24.0", "fsevents": "~2.3.2" }, "bin": "dist/bin/rollup" }, "sha512-DOmrlGSXNk1DM0ljiQA+i+o0rSLhtii1je5wgk60j49d1jHT5YYttBv1iWOnYSTG+fZZESUOSNiAl89SIet+Cg=="],

    "run-parallel": ["run-parallel@1.2.0", "", { "dependencies": { "queue-microtask": "^1.2.2" } }, "sha512-5l4VyZR86LZ/lDxZTR6jqL8AFE2S0IFLMP26AbjsLVADxHdhB/c0GUsH+y39UfCi3dzz8OlQuPmnaJOMoDHQBA=="],

    "scheduler": ["scheduler@0.23.2", "", { "dependencies": { "loose-envify": "^1.1.0" } }, "sha512-UOShsPwz7NrMUqhR6t0hWjFduvOzbtv7toDH1/hIrfRNIDBnnBWd0CwJTGvTpngVlmwGCdP9/Zl/tVrDqcuYzQ=="],

    "semver": ["semver@7.7.2", "", { "bin": "bin/semver.js" }, "sha512-RF0Fw+rO5AMf9MAyaRXI4AV0Ulj5lMHqVxxdSgiVbixSCXoEmmX/jk0CuJw4+3SqroYO9VoUh+HcuJivvtJemA=="],

    "shebang-command": ["shebang-command@2.0.0", "", { "dependencies": { "shebang-regex": "^3.0.0" } }, "sha512-kHxr2zZpYtdmrN1qDjrrX/Z1rR1kG8Dx+gkpK1G4eXmvXswmcE1hTWBWYUzlraYw1/yZp6YuDY77YtvbN0dmDA=="],

    "shebang-regex": ["shebang-regex@3.0.0", "", {}, "sha512-7++dFhtcx3353uBaq8DDR4NuxBetBzC7ZQOhmTQInHEd6bSrXdiEyzCvG07Z44UYdLShWUyXt5M/yhz8ekcb1A=="],

    "signal-exit": ["signal-exit@4.1.0", "", {}, "sha512-bzyZ1e88w9O1iNJbKnOlvYTrWPDl46O1bG0D3XInv+9tkPrxrN8jUUTiFlDkkmKWgn1M6CfIA13SuGqOa9Korw=="],

    "sonner": ["sonner@1.7.4", "", { "peerDependencies": { "react": "^18.0.0 || ^19.0.0 || ^19.0.0-rc", "react-dom": "^18.0.0 || ^19.0.0 || ^19.0.0-rc" } }, "sha512-DIS8z4PfJRbIyfVFDVnK9rO3eYDtse4Omcm6bt0oEr5/jtLgysmjuBl1frJ9E/EQZrFmKx2A8m/s5s9CRXIzhw=="],

    "source-map-js": ["source-map-js@1.2.1", "", {}, "sha512-UXWMKhLOwVKb728IUtQPXxfYU+usdybtUrK/8uGE8CQMvrhOpwvzDBwj0QhSL7MQc7vIsISBG8VQ8+IDQxpfQA=="],

    "string-width": ["string-width@5.1.2", "", { "dependencies": { "eastasianwidth": "^0.2.0", "emoji-regex": "^9.2.2", "strip-ansi": "^7.0.1" } }, "sha512-HnLOCR3vjcY8beoNLtcjZ5/nxn2afmME6lhrDrebokqMap+XbeW8n9TXpPDOqdGK5qcI3oT0GKTW6wC7EMiVqA=="],

    "string-width-cjs": ["string-width@4.2.3", "", { "dependencies": { "emoji-regex": "^8.0.0", "is-fullwidth-code-point": "^3.0.0", "strip-ansi": "^6.0.1" } }, "sha512-wKyQRQpjJ0sIp62ErSZdGsjMJWsap5oRNihHhu6G7JVO/9jIB6UyevL+tXuOqrng8j/cxKTWyWUwvSTriiZz/g=="],

    "strip-ansi": ["strip-ansi@7.1.0", "", { "dependencies": { "ansi-regex": "^6.0.1" } }, "sha512-iq6eVVI64nQQTRYq2KtEg2d2uU7LElhTJwsH4YzIHZshxlgZms/wIc4VoDQTlG/IvVIrBKG06CrZnp0qv7hkcQ=="],

    "strip-ansi-cjs": ["strip-ansi@6.0.1", "", { "dependencies": { "ansi-regex": "^5.0.1" } }, "sha512-Y38VPSHcqkFrCpFnQ9vuSXmquuv5oXOKpGeT6aGrr3o3Gc9AlVa6JBfUSOCnbxGGZF+/0ooI7KrPuUSztUdU5A=="],

    "strip-json-comments": ["strip-json-comments@3.1.1", "", {}, "sha512-6fPc+R4ihwqP6N/aIv2f1gMH8lOVtWQHoqC4yK6oSDVVocumAsfCqjkXnqiYMhmMwS/mEHLp7Vehlt3ql6lEig=="],

    "sucrase": ["sucrase@3.35.0", "", { "dependencies": { "@jridgewell/gen-mapping": "^0.3.2", "commander": "^4.0.0", "glob": "^10.3.10", "lines-and-columns": "^1.1.6", "mz": "^2.7.0", "pirates": "^4.0.1", "ts-interface-checker": "^0.1.9" }, "bin": { "sucrase": "bin/sucrase", "sucrase-node": "bin/sucrase-node" } }, "sha512-8EbVDiu9iN/nESwxeSxDKe0dunta1GOlHufmSSXxMD2z2/tMZpDMpvXQGsc+ajGo8y2uYUmixaSRUc/QPoQ0GA=="],

    "supports-color": ["supports-color@7.2.0", "", { "dependencies": { "has-flag": "^4.0.0" } }, "sha512-qpCAvRl9stuOHveKsn7HncJRvv501qIacKzQlO/+Lwxc9+0q2wLyv4Dfvt80/DPn2pqOBsJdDiogXGR9+OvwRw=="],

    "supports-preserve-symlinks-flag": ["supports-preserve-symlinks-flag@1.0.0", "", {}, "sha512-ot0WnXS9fgdkgIcePe6RHNk1WA8+muPa6cSjeR3V8K27q9BB1rTE3R1p7Hv0z1ZyAc8s6Vvv8DIyWf681MAt0w=="],

    "tailwind-merge": ["tailwind-merge@2.6.0", "", {}, "sha512-P+Vu1qXfzediirmHOC3xKGAYeZtPcV9g76X+xg2FD4tYgR71ewMA35Y3sCz3zhiN/dwefRpJX0yBcgwi1fXNQA=="],

    "tailwindcss": ["tailwindcss@3.4.17", "", { "dependencies": { "@alloc/quick-lru": "^5.2.0", "arg": "^5.0.2", "chokidar": "^3.6.0", "didyoumean": "^1.2.2", "dlv": "^1.1.3", "fast-glob": "^3.3.2", "glob-parent": "^6.0.2", "is-glob": "^4.0.3", "jiti": "^1.21.6", "lilconfig": "^3.1.3", "micromatch": "^4.0.8", "normalize-path": "^3.0.0", "object-hash": "^3.0.0", "picocolors": "^1.1.1", "postcss": "^8.4.47", "postcss-import": "^15.1.0", "postcss-js": "^4.0.1", "postcss-load-config": "^4.0.2", "postcss-nested": "^6.2.0", "postcss-selector-parser": "^6.1.2", "resolve": "^1.22.8", "sucrase": "^3.35.0" }, "bin": { "tailwind": "lib/cli.js", "tailwindcss": "lib/cli.js" } }, "sha512-w33E2aCvSDP0tW9RZuNXadXlkHXqFzSkQew/aIa2i/Sj8fThxwovwlXHSPXTbAHwEIhBFXAedUhP2tueAKP8Og=="],

    "tailwindcss-animate": ["tailwindcss-animate@1.0.7", "", { "peerDependencies": { "tailwindcss": ">=3.0.0 || insiders" } }, "sha512-bl6mpH3T7I3UFxuvDEXLxy/VuFxBk5bbzplh7tXI68mwMokNYd1t9qPBHlnyTwfa4JGC4zP516I1hYYtQ/vspA=="],

    "thenify": ["thenify@3.3.1", "", { "dependencies": { "any-promise": "^1.0.0" } }, "sha512-RVZSIV5IG10Hk3enotrhvz0T9em6cyHBLkH/YAZuKqd8hRkKhSfCGIcP2KUY0EPxndzANBmNllzWPwak+bheSw=="],

    "thenify-all": ["thenify-all@1.6.0", "", { "dependencies": { "thenify": ">= 3.1.0 < 4" } }, "sha512-RNxQH/qI8/t3thXJDwcstUO4zeqo64+Uy/+sNVRBx4Xn2OX+OZ9oP+iJnNFqplFra2ZUVeKCSa2oVWi3T4uVmA=="],

    "tiny-invariant": ["tiny-invariant@1.3.3", "", {}, "sha512-+FbBPE1o9QAYvviau/qC5SE3caw21q3xkvWKBtja5vgqOWIHHJ3ioaq1VPfn/Szqctz2bU/oYeKd9/z5BL+PVg=="],

    "to-regex-range": ["to-regex-range@5.0.1", "", { "dependencies": { "is-number": "^7.0.0" } }, "sha512-65P7iz6X5yEr1cwcgvQxbbIw7Uk3gOy5dIdtZ4rDveLqhrdJP+Li/Hx6tyK0NEb+2GCyneCMJiGqrADCSNk8sQ=="],

    "ts-api-utils": ["ts-api-utils@2.1.0", "", { "peerDependencies": { "typescript": ">=4.8.4" } }, "sha512-CUgTZL1irw8u29bzrOD/nH85jqyc74D6SshFgujOIA7osm2Rz7dYH77agkx7H4FBNxDq7Cjf+IjaX/8zwFW+ZQ=="],

    "ts-interface-checker": ["ts-interface-checker@0.1.13", "", {}, "sha512-Y/arvbn+rrz3JCKl9C4kVNfTfSm2/mEp5FSz5EsZSANGPSlQrpRI5M4PKF+mJnE52jOO90PnPSc3Ur3bTQw0gA=="],

    "tslib": ["tslib@2.8.0", "", {}, "sha512-jWVzBLplnCmoaTr13V9dYbiQ99wvZRd0vNWaDRg+aVYRcjDF3nDksxFDE/+fkXnKhpnUUkmx5pK/v8mCtLVqZA=="],

    "type-check": ["type-check@0.4.0", "", { "dependencies": { "prelude-ls": "^1.2.1" } }, "sha512-XleUoc9uwGXqjWwXaUTZAmzMcFZ5858QA2vvx1Ur5xIcixXIP+8LnFDgRplU30us6teqdlskFfu+ae4K79Ooew=="],

    "typescript": ["typescript@5.8.3", "", { "bin": { "tsc": "bin/tsc", "tsserver": "bin/tsserver" } }, "sha512-p1diW6TqL9L07nNxvRMM7hMMw4c5XOo/1ibL4aAIGmSAt9slTE1Xgw5KWuof2uTOvCg9BY7ZRi+GaF+7sfgPeQ=="],

    "typescript-eslint": ["typescript-eslint@8.38.0", "", { "dependencies": { "@typescript-eslint/eslint-plugin": "8.38.0", "@typescript-eslint/parser": "8.38.0", "@typescript-eslint/typescript-estree": "8.38.0", "@typescript-eslint/utils": "8.38.0" }, "peerDependencies": { "eslint": "^8.57.0 || ^9.0.0", "typescript": ">=4.8.4 <5.9.0" } }, "sha512-FsZlrYK6bPDGoLeZRuvx2v6qrM03I0U0SnfCLPs/XCCPCFD80xU9Pg09H/K+XFa68uJuZo7l/Xhs+eDRg2l3hg=="],

    "undici-types": ["undici-types@6.21.0", "", {}, "sha512-iwDZqg0QAGrg9Rav5H4n0M64c3mkR59cJ6wQp+7C4nI0gsmExaedaYLNO44eT4AtBBwjbTiGPMlt2Md0T9H9JQ=="],

    "update-browserslist-db": ["update-browserslist-db@1.1.3", "", { "dependencies": { "escalade": "^3.2.0", "picocolors": "^1.1.1" }, "peerDependencies": { "browserslist": ">= 4.21.0" }, "bin": "cli.js" }, "sha512-UxhIZQ+QInVdunkDAaiazvvT/+fXL5Osr0JZlJulepYu6Jd7qJtDZjlur0emRlT71EN3ScPoE7gvsuIKKNavKw=="],

    "uri-js": ["uri-js@4.4.1", "", { "dependencies": { "punycode": "^2.1.0" } }, "sha512-7rKUyy33Q1yc98pQ1DAmLtwX109F7TIfWlW1Ydo8Wl1ii1SeHieeh0HHfPeL2fMXK6z0s8ecKs9frCuLJvndBg=="],

    "use-callback-ref": ["use-callback-ref@1.3.3", "", { "dependencies": { "tslib": "^2.0.0" }, "peerDependencies": { "@types/react": "*", "react": "^16.8.0 || ^17.0.0 || ^18.0.0 || ^19.0.0 || ^19.0.0-rc" } }, "sha512-jQL3lRnocaFtu3V00JToYz/4QkNWswxijDaCVNZRiRTO3HQDLsdu1ZtmIUvV4yPp+rvWm5j0y0TG/S61cuijTg=="],

    "use-sidecar": ["use-sidecar@1.1.3", "", { "dependencies": { "detect-node-es": "^1.1.0", "tslib": "^2.0.0" }, "peerDependencies": { "@types/react": "*", "react": "^16.8.0 || ^17.0.0 || ^18.0.0 || ^19.0.0 || ^19.0.0-rc" } }, "sha512-Fedw0aZvkhynoPYlA5WXrMCAMm+nSWdZt6lzJQ7Ok8S6Q+VsHmHpRWndVRJ8Be0ZbkfPc5LRYH+5XrzXcEeLRQ=="],

    "use-sync-external-store": ["use-sync-external-store@1.5.0", "", { "peerDependencies": { "react": "^16.8.0 || ^17.0.0 || ^18.0.0 || ^19.0.0" } }, "sha512-Rb46I4cGGVBmjamjphe8L/UnvJD+uPPtTkNvX5mZgqdbavhI4EbgIWJiIHXJ8bc/i9EQGPRh4DwEURJ552Do0A=="],

    "util-deprecate": ["util-deprecate@1.0.2", "", {}, "sha512-EPD5q1uXyFxJpCrLnCc1nHnq3gOa6DZBocAIiI2TaSCA7VCJ1UJDMagCzIkXNsUYfD1daK//LTEQ8xiIbrHtcw=="],

    "vaul": ["vaul@0.9.9", "", { "dependencies": { "@radix-ui/react-dialog": "^1.1.1" }, "peerDependencies": { "react": "^16.8 || ^17.0 || ^18.0", "react-dom": "^16.8 || ^17.0 || ^18.0" } }, "sha512-7afKg48srluhZwIkaU+lgGtFCUsYBSGOl8vcc8N/M3YQlZFlynHD15AE+pwrYdc826o7nrIND4lL9Y6b9WWZZQ=="],

    "victory-vendor": ["victory-vendor@36.9.2", "", { "dependencies": { "@types/d3-array": "^3.0.3", "@types/d3-ease": "^3.0.0", "@types/d3-interpolate": "^3.0.1", "@types/d3-scale": "^4.0.2", "@types/d3-shape": "^3.1.0", "@types/d3-time": "^3.0.0", "@types/d3-timer": "^3.0.0", "d3-array": "^3.1.6", "d3-ease": "^3.0.1", "d3-interpolate": "^3.0.1", "d3-scale": "^4.0.2", "d3-shape": "^3.1.0", "d3-time": "^3.0.0", "d3-timer": "^3.0.1" } }, "sha512-PnpQQMuxlwYdocC8fIJqVXvkeViHYzotI+NJrCuav0ZYFoq912ZHBk3mCeuj+5/VpodOjPe1z0Fk2ihgzlXqjQ=="],

    "vite": ["vite@5.4.19", "", { "dependencies": { "esbuild": "^0.21.3", "postcss": "^8.4.43", "rollup": "^4.20.0" }, "optionalDependencies": { "fsevents": "~2.3.3" }, "peerDependencies": { "@types/node": "^18.0.0 || >=20.0.0", "less": "*", "lightningcss": "^1.21.0", "sass": "*", "sass-embedded": "*", "stylus": "*", "sugarss": "*", "terser": "^5.4.0" }, "optionalPeers": ["less", "lightningcss", "sass", "sass-embedded", "stylus", "sugarss", "terser"], "bin": "bin/vite.js" }, "sha512-qO3aKv3HoQC8QKiNSTuUM1l9o/XX3+c+VTgLHbJWHZGeTPVAg2XwazI9UWzoxjIJCGCV2zU60uqMzjeLZuULqA=="],

    "which": ["which@2.0.2", "", { "dependencies": { "isexe": "^2.0.0" }, "bin": { "node-which": "bin/node-which" } }, "sha512-BLI3Tl1TW3Pvl70l3yq3Y64i+awpwXqsGBYWkkqMtnbXgrMD+yj7rhW0kuEDxzJaYXGjEW5ogapKNMEKNMjibA=="],

    "word-wrap": ["word-wrap@1.2.5", "", {}, "sha512-BN22B5eaMMI9UMtjrGd5g5eCYPpCPDUy0FJXbYsaT5zYxjFOckS53SQDE3pWkVoWpHXVb3BrYcEN4Twa55B5cA=="],

    "wrap-ansi": ["wrap-ansi@8.1.0", "", { "dependencies": { "ansi-styles": "^6.1.0", "string-width": "^5.0.1", "strip-ansi": "^7.0.1" } }, "sha512-si7QWI6zUMq56bESFvagtmzMdGOtoxfR+Sez11Mobfc7tm+VkUckk9bW2UeffTGVUbOksxmSw0AA2gs8g71NCQ=="],

    "wrap-ansi-cjs": ["wrap-ansi@7.0.0", "", { "dependencies": { "ansi-styles": "^4.0.0", "string-width": "^4.1.0", "strip-ansi": "^6.0.0" } }, "sha512-YVGIj2kamLSTxw6NsZjoBxfSwsn0ycdesmc4p+Q21c5zPuZ1pl+NfxVdxPtdHvmNVOQ6XSYG4AUtyt/Fi7D16Q=="],

    "yaml": ["yaml@2.6.0", "", { "bin": "bin.mjs" }, "sha512-a6ae//JvKDEra2kdi1qzCyrJW/WZCgFi8ydDV+eXExl95t+5R+ijnqHJbz9tmMh8FUjx3iv2fCQ4dclAQlO2UQ=="],

    "yocto-queue": ["yocto-queue@0.1.0", "", {}, "sha512-rVksvsnNCdJ/ohGc6xgPwyN8eheCxsiLM8mxuE/t/mOVqJewPuO1miLpTHQiRgTKCLexL4MeAFVagts7HmNZ2Q=="],

    "zod": ["zod@3.25.76", "", {}, "sha512-gzUt/qt81nXsFGKIFcC3YnfEAx5NkunCfnDlvuBSSFS02bcXu4Lmea0AFIUwbLWxWPx3d9p8S5QoaujKcNQxcQ=="],

    "@eslint-community/eslint-utils/eslint-visitor-keys": ["eslint-visitor-keys@3.4.3", "", {}, "sha512-wpc+LXeiyiisxPlEkUzU6svyS1frIO3Mgxj1fdy7Pm8Ygzguax2N3Fa/D/ag1WqbOprdI+uY6wMUl8/a2G+iag=="],

    "@eslint/eslintrc/globals": ["globals@14.0.0", "", {}, "sha512-oahGvuMGQlPw/ivIYBjVSrWAfWLBeku5tpPE2fOPLi+WHffIWbuh2tCjhyQhTBPMf5E9jDEH4FOmTYgYwbKwtQ=="],

    "@humanfs/node/@humanwhocodes/retry": ["@humanwhocodes/retry@0.3.1", "", {}, "sha512-JBxkERygn7Bv/GbN5Rv8Ul6LVknS+5Bp6RgDC/O8gEBU/yeH5Ui5C/OlWrTb6qct7LjjfT6Re2NxB0ln0yYybA=="],

    "@typescript-eslint/eslint-plugin/ignore": ["ignore@7.0.5", "", {}, "sha512-Hs59xBNfUIunMFgWAbGX5cq6893IbWg4KnrjbYwX3tx0ztorVgTDA6B2sxf8ejHJ4wz8BqGUMYlnzNBer5NvGg=="],

    "@typescript-eslint/typescript-estree/minimatch": ["minimatch@9.0.5", "", { "dependencies": { "brace-expansion": "^2.0.1" } }, "sha512-G6T0ZX48xgozx7587koeX9Ys2NYy6Gmv//P89sEte9V9whIapMNF4idKxnW2QtCcLiTWlb/wfCabAtAFWhhBow=="],

    "chokidar/glob-parent": ["glob-parent@5.1.2", "", { "dependencies": { "is-glob": "^4.0.1" } }, "sha512-AOIgSQCepiJYwP3ARnGx+5VnTu2HBYdzbGP45eLw1vr3zB3vZLeyed1sC9hnbcOc9/SrMyM5RPQrkGz4aS9Zow=="],

    "fast-glob/glob-parent": ["glob-parent@5.1.2", "", { "dependencies": { "is-glob": "^4.0.1" } }, "sha512-AOIgSQCepiJYwP3ARnGx+5VnTu2HBYdzbGP45eLw1vr3zB3vZLeyed1sC9hnbcOc9/SrMyM5RPQrkGz4aS9Zow=="],

    "glob/minimatch": ["minimatch@9.0.5", "", { "dependencies": { "brace-expansion": "^2.0.1" } }, "sha512-G6T0ZX48xgozx7587koeX9Ys2NYy6Gmv//P89sEte9V9whIapMNF4idKxnW2QtCcLiTWlb/wfCabAtAFWhhBow=="],

    "postcss-nested/postcss-selector-parser": ["postcss-selector-parser@6.1.2", "", { "dependencies": { "cssesc": "^3.0.0", "util-deprecate": "^1.0.2" } }, "sha512-Q8qQfPiZ+THO/3ZrOrO0cJJKfpYCagtMUkXbnEfmgUjwXg6z/WBeOyS9APBBPCTSiDV+s4SwQGu8yFsiMRIudg=="],

    "prop-types/react-is": ["react-is@16.13.1", "", {}, "sha512-24e6ynE2H+OKt4kqsOvNd8kBpV65zoxbA4BVsEOB3ARVWQki/DHzaUoC5KuON/BiccDaCCTZBuOcfZs70kR8bQ=="],

    "string-width-cjs/emoji-regex": ["emoji-regex@8.0.0", "", {}, "sha512-MSjYzcWNOA0ewAHpz0MxpYFvwg6yjy1NG3xteoqz644VCo/RPgnr1/GGt+ic3iJTzQ8Eu3TdM14SawnVUmGE6A=="],

    "string-width-cjs/strip-ansi": ["strip-ansi@6.0.1", "", { "dependencies": { "ansi-regex": "^5.0.1" } }, "sha512-Y38VPSHcqkFrCpFnQ9vuSXmquuv5oXOKpGeT6aGrr3o3Gc9AlVa6JBfUSOCnbxGGZF+/0ooI7KrPuUSztUdU5A=="],

    "strip-ansi-cjs/ansi-regex": ["ansi-regex@5.0.1", "", {}, "sha512-quJQXlTSUGL2LH9SUXo8VwsY4soanhgo6LNSm84E1LBcE8s3O0wpdiRzyR9z/ZZJMlMWv37qOOb9pdJlMUEKFQ=="],

    "tailwindcss/postcss-selector-parser": ["postcss-selector-parser@6.1.2", "", { "dependencies": { "cssesc": "^3.0.0", "util-deprecate": "^1.0.2" } }, "sha512-Q8qQfPiZ+THO/3ZrOrO0cJJKfpYCagtMUkXbnEfmgUjwXg6z/WBeOyS9APBBPCTSiDV+s4SwQGu8yFsiMRIudg=="],

    "vite/esbuild": ["esbuild@0.21.5", "", { "optionalDependencies": { "@esbuild/aix-ppc64": "0.21.5", "@esbuild/android-arm": "0.21.5", "@esbuild/android-arm64": "0.21.5", "@esbuild/android-x64": "0.21.5", "@esbuild/darwin-arm64": "0.21.5", "@esbuild/darwin-x64": "0.21.5", "@esbuild/freebsd-arm64": "0.21.5", "@esbuild/freebsd-x64": "0.21.5", "@esbuild/linux-arm": "0.21.5", "@esbuild/linux-arm64": "0.21.5", "@esbuild/linux-ia32": "0.21.5", "@esbuild/linux-loong64": "0.21.5", "@esbuild/linux-mips64el": "0.21.5", "@esbuild/linux-ppc64": "0.21.5", "@esbuild/linux-riscv64": "0.21.5", "@esbuild/linux-s390x": "0.21.5", "@esbuild/linux-x64": "0.21.5", "@esbuild/netbsd-x64": "0.21.5", "@esbuild/openbsd-x64": "0.21.5", "@esbuild/sunos-x64": "0.21.5", "@esbuild/win32-arm64": "0.21.5", "@esbuild/win32-ia32": "0.21.5", "@esbuild/win32-x64": "0.21.5" }, "bin": "bin/esbuild" }, "sha512-mg3OPMV4hXywwpoDxu3Qda5xCKQi+vCTZq8S9J/EpkhB2HzKXq4SNFZE3+NK93JYxc8VMSep+lOUSC/RVKaBqw=="],

    "wrap-ansi/ansi-styles": ["ansi-styles@6.2.1", "", {}, "sha512-bN798gFfQX+viw3R7yrGWRqnrN2oRkEkUjjl4JNn4E8GxxbjtG3FbrEIIY3l8/hrwUwIeCZvi4QuOTP4MErVug=="],

    "wrap-ansi-cjs/string-width": ["string-width@4.2.3", "", { "dependencies": { "emoji-regex": "^8.0.0", "is-fullwidth-code-point": "^3.0.0", "strip-ansi": "^6.0.1" } }, "sha512-wKyQRQpjJ0sIp62ErSZdGsjMJWsap5oRNihHhu6G7JVO/9jIB6UyevL+tXuOqrng8j/cxKTWyWUwvSTriiZz/g=="],

    "wrap-ansi-cjs/strip-ansi": ["strip-ansi@6.0.1", "", { "dependencies": { "ansi-regex": "^5.0.1" } }, "sha512-Y38VPSHcqkFrCpFnQ9vuSXmquuv5oXOKpGeT6aGrr3o3Gc9AlVa6JBfUSOCnbxGGZF+/0ooI7KrPuUSztUdU5A=="],

    "@typescript-eslint/typescript-estree/minimatch/brace-expansion": ["brace-expansion@2.0.2", "", { "dependencies": { "balanced-match": "^1.0.0" } }, "sha512-Jt0vHyM+jmUBqojB7E1NIYadt0vI0Qxjxd2TErW94wDz+E2LAm5vKMXXwg6ZZBTHPuUlDgQHKXvjGBdfcF1ZDQ=="],

    "glob/minimatch/brace-expansion": ["brace-expansion@2.0.2", "", { "dependencies": { "balanced-match": "^1.0.0" } }, "sha512-Jt0vHyM+jmUBqojB7E1NIYadt0vI0Qxjxd2TErW94wDz+E2LAm5vKMXXwg6ZZBTHPuUlDgQHKXvjGBdfcF1ZDQ=="],

    "string-width-cjs/strip-ansi/ansi-regex": ["ansi-regex@5.0.1", "", {}, "sha512-quJQXlTSUGL2LH9SUXo8VwsY4soanhgo6LNSm84E1LBcE8s3O0wpdiRzyR9z/ZZJMlMWv37qOOb9pdJlMUEKFQ=="],

    "vite/esbuild/@esbuild/aix-ppc64": ["@esbuild/aix-ppc64@0.21.5", "", { "os": "aix", "cpu": "ppc64" }, "sha512-1SDgH6ZSPTlggy1yI6+Dbkiz8xzpHJEVAlF/AM1tHPLsf5STom9rwtjE4hKAF20FfXXNTFqEYXyJNWh1GiZedQ=="],

    "vite/esbuild/@esbuild/android-arm": ["@esbuild/android-arm@0.21.5", "", { "os": "android", "cpu": "arm" }, "sha512-vCPvzSjpPHEi1siZdlvAlsPxXl7WbOVUBBAowWug4rJHb68Ox8KualB+1ocNvT5fjv6wpkX6o/iEpbDrf68zcg=="],

    "vite/esbuild/@esbuild/android-arm64": ["@esbuild/android-arm64@0.21.5", "", { "os": "android", "cpu": "arm64" }, "sha512-c0uX9VAUBQ7dTDCjq+wdyGLowMdtR/GoC2U5IYk/7D1H1JYC0qseD7+11iMP2mRLN9RcCMRcjC4YMclCzGwS/A=="],

    "vite/esbuild/@esbuild/android-x64": ["@esbuild/android-x64@0.21.5", "", { "os": "android", "cpu": "x64" }, "sha512-D7aPRUUNHRBwHxzxRvp856rjUHRFW1SdQATKXH2hqA0kAZb1hKmi02OpYRacl0TxIGz/ZmXWlbZgjwWYaCakTA=="],

    "vite/esbuild/@esbuild/darwin-arm64": ["@esbuild/darwin-arm64@0.21.5", "", { "os": "darwin", "cpu": "arm64" }, "sha512-DwqXqZyuk5AiWWf3UfLiRDJ5EDd49zg6O9wclZ7kUMv2WRFr4HKjXp/5t8JZ11QbQfUS6/cRCKGwYhtNAY88kQ=="],

    "vite/esbuild/@esbuild/darwin-x64": ["@esbuild/darwin-x64@0.21.5", "", { "os": "darwin", "cpu": "x64" }, "sha512-se/JjF8NlmKVG4kNIuyWMV/22ZaerB+qaSi5MdrXtd6R08kvs2qCN4C09miupktDitvh8jRFflwGFBQcxZRjbw=="],

    "vite/esbuild/@esbuild/freebsd-arm64": ["@esbuild/freebsd-arm64@0.21.5", "", { "os": "freebsd", "cpu": "arm64" }, "sha512-5JcRxxRDUJLX8JXp/wcBCy3pENnCgBR9bN6JsY4OmhfUtIHe3ZW0mawA7+RDAcMLrMIZaf03NlQiX9DGyB8h4g=="],

    "vite/esbuild/@esbuild/freebsd-x64": ["@esbuild/freebsd-x64@0.21.5", "", { "os": "freebsd", "cpu": "x64" }, "sha512-J95kNBj1zkbMXtHVH29bBriQygMXqoVQOQYA+ISs0/2l3T9/kj42ow2mpqerRBxDJnmkUDCaQT/dfNXWX/ZZCQ=="],

    "vite/esbuild/@esbuild/linux-arm": ["@esbuild/linux-arm@0.21.5", "", { "os": "linux", "cpu": "arm" }, "sha512-bPb5AHZtbeNGjCKVZ9UGqGwo8EUu4cLq68E95A53KlxAPRmUyYv2D6F0uUI65XisGOL1hBP5mTronbgo+0bFcA=="],

    "vite/esbuild/@esbuild/linux-arm64": ["@esbuild/linux-arm64@0.21.5", "", { "os": "linux", "cpu": "arm64" }, "sha512-ibKvmyYzKsBeX8d8I7MH/TMfWDXBF3db4qM6sy+7re0YXya+K1cem3on9XgdT2EQGMu4hQyZhan7TeQ8XkGp4Q=="],

    "vite/esbuild/@esbuild/linux-ia32": ["@esbuild/linux-ia32@0.21.5", "", { "os": "linux", "cpu": "ia32" }, "sha512-YvjXDqLRqPDl2dvRODYmmhz4rPeVKYvppfGYKSNGdyZkA01046pLWyRKKI3ax8fbJoK5QbxblURkwK/MWY18Tg=="],

    "vite/esbuild/@esbuild/linux-loong64": ["@esbuild/linux-loong64@0.21.5", "", { "os": "linux", "cpu": "none" }, "sha512-uHf1BmMG8qEvzdrzAqg2SIG/02+4/DHB6a9Kbya0XDvwDEKCoC8ZRWI5JJvNdUjtciBGFQ5PuBlpEOXQj+JQSg=="],

    "vite/esbuild/@esbuild/linux-mips64el": ["@esbuild/linux-mips64el@0.21.5", "", { "os": "linux", "cpu": "none" }, "sha512-IajOmO+KJK23bj52dFSNCMsz1QP1DqM6cwLUv3W1QwyxkyIWecfafnI555fvSGqEKwjMXVLokcV5ygHW5b3Jbg=="],

    "vite/esbuild/@esbuild/linux-ppc64": ["@esbuild/linux-ppc64@0.21.5", "", { "os": "linux", "cpu": "ppc64" }, "sha512-1hHV/Z4OEfMwpLO8rp7CvlhBDnjsC3CttJXIhBi+5Aj5r+MBvy4egg7wCbe//hSsT+RvDAG7s81tAvpL2XAE4w=="],

    "vite/esbuild/@esbuild/linux-riscv64": ["@esbuild/linux-riscv64@0.21.5", "", { "os": "linux", "cpu": "none" }, "sha512-2HdXDMd9GMgTGrPWnJzP2ALSokE/0O5HhTUvWIbD3YdjME8JwvSCnNGBnTThKGEB91OZhzrJ4qIIxk/SBmyDDA=="],

    "vite/esbuild/@esbuild/linux-s390x": ["@esbuild/linux-s390x@0.21.5", "", { "os": "linux", "cpu": "s390x" }, "sha512-zus5sxzqBJD3eXxwvjN1yQkRepANgxE9lgOW2qLnmr8ikMTphkjgXu1HR01K4FJg8h1kEEDAqDcZQtbrRnB41A=="],

    "vite/esbuild/@esbuild/linux-x64": ["@esbuild/linux-x64@0.21.5", "", { "os": "linux", "cpu": "x64" }, "sha512-1rYdTpyv03iycF1+BhzrzQJCdOuAOtaqHTWJZCWvijKD2N5Xu0TtVC8/+1faWqcP9iBCWOmjmhoH94dH82BxPQ=="],

    "vite/esbuild/@esbuild/netbsd-x64": ["@esbuild/netbsd-x64@0.21.5", "", { "os": "none", "cpu": "x64" }, "sha512-Woi2MXzXjMULccIwMnLciyZH4nCIMpWQAs049KEeMvOcNADVxo0UBIQPfSmxB3CWKedngg7sWZdLvLczpe0tLg=="],

    "vite/esbuild/@esbuild/openbsd-x64": ["@esbuild/openbsd-x64@0.21.5", "", { "os": "openbsd", "cpu": "x64" }, "sha512-HLNNw99xsvx12lFBUwoT8EVCsSvRNDVxNpjZ7bPn947b8gJPzeHWyNVhFsaerc0n3TsbOINvRP2byTZ5LKezow=="],

    "vite/esbuild/@esbuild/sunos-x64": ["@esbuild/sunos-x64@0.21.5", "", { "os": "sunos", "cpu": "x64" }, "sha512-6+gjmFpfy0BHU5Tpptkuh8+uw3mnrvgs+dSPQXQOv3ekbordwnzTVEb4qnIvQcYXq6gzkyTnoZ9dZG+D4garKg=="],

    "vite/esbuild/@esbuild/win32-arm64": ["@esbuild/win32-arm64@0.21.5", "", { "os": "win32", "cpu": "arm64" }, "sha512-Z0gOTd75VvXqyq7nsl93zwahcTROgqvuAcYDUr+vOv8uHhNSKROyU961kgtCD1e95IqPKSQKH7tBTslnS3tA8A=="],

    "vite/esbuild/@esbuild/win32-ia32": ["@esbuild/win32-ia32@0.21.5", "", { "os": "win32", "cpu": "ia32" }, "sha512-SWXFF1CL2RVNMaVs+BBClwtfZSvDgtL//G/smwAc5oVK/UPu2Gu9tIaRgFmYFFKrmg3SyAjSrElf0TiJ1v8fYA=="],

    "vite/esbuild/@esbuild/win32-x64": ["@esbuild/win32-x64@0.21.5", "", { "os": "win32", "cpu": "x64" }, "sha512-tQd/1efJuzPC6rCFwEvLtci/xNFcTZknmXs98FYDfGE4wP9ClFV98nyKrzJKVPMhdDnjzLhdUyMX4PsQAPjwIw=="],

    "wrap-ansi-cjs/string-width/emoji-regex": ["emoji-regex@8.0.0", "", {}, "sha512-MSjYzcWNOA0ewAHpz0MxpYFvwg6yjy1NG3xteoqz644VCo/RPgnr1/GGt+ic3iJTzQ8Eu3TdM14SawnVUmGE6A=="],

    "wrap-ansi-cjs/strip-ansi/ansi-regex": ["ansi-regex@5.0.1", "", {}, "sha512-quJQXlTSUGL2LH9SUXo8VwsY4soanhgo6LNSm84E1LBcE8s3O0wpdiRzyR9z/ZZJMlMWv37qOOb9pdJlMUEKFQ=="],
  }
}"

.gitignore: "# Logs
logs
*.log
npm-debug.log*
yarn-debug.log*
yarn-error.log*
pnpm-debug.log*
lerna-debug.log*

node_modules
dist
dist-ssr
*.local

# Editor directories and files
.vscode/*
!.vscode/extensions.json
.idea
.DS_Store
*.suo
*.ntvs*
*.njsproj
*.sln
*.sw?
"

vite-env.d.ts: "/// <reference types="vite/client" />
"

main.tsx: "import { createRoot } from "react-dom/client";
import App from "./App.tsx";
import "./index.css";

createRoot(document.getElementById("root")!).render(<App />);
"

index.css: "@import url('https://fonts.googleapis.com/css2?family=Sora:wght@300;400;500;600;700&family=Inter:wght@300;400;500;600&display=swap');

@tailwind base;
@tailwind components;
@tailwind utilities;

/* 
  Design System: Globe News Overlay
  Aesthetic: Dark, moody, immersive with glassmorphism
  Inspired by Dribbble carousel animation
*/

@layer base {
  :root {
    /* Deep space dark theme */
    --background: 213 30% 8%;
    --foreground: 210 20% 95%;

    --card: 213 25% 12%;
    --card-foreground: 210 20% 95%;

    --popover: 213 25% 10%;
    --popover-foreground: 210 20% 95%;

    --primary: 217 70% 45%;
    --primary-foreground: 210 40% 98%;

    --secondary: 213 20% 18%;
    --secondary-foreground: 210 20% 85%;

    --muted: 213 20% 22%;
    --muted-foreground: 213 15% 55%;

    --accent: 217 60% 55%;
    --accent-foreground: 210 40% 98%;

    --destructive: 0 62% 50%;
    --destructive-foreground: 210 40% 98%;

    --border: 213 20% 20%;
    --input: 213 20% 18%;
    --ring: 217 70% 45%;

    --radius: 1rem;

    /* Custom overlay tokens */
    --overlay-bg: 213 30% 6%;
    --overlay-glass: 213 25% 15%;
    --overlay-border: 213 20% 25%;
    --overlay-glow: 217 70% 45%;
    
    /* Gradient definitions */
    --gradient-overlay: linear-gradient(135deg, hsl(213 25% 12% / 0.9), hsl(213 30% 8% / 0.95));
    --gradient-card: linear-gradient(180deg, hsl(213 25% 16% / 0.8), hsl(213 25% 12% / 0.6));
    --gradient-accent: linear-gradient(135deg, hsl(217 70% 45%), hsl(217 60% 55%));
    
    /* Shadows */
    --shadow-card: 0 8px 32px hsl(213 30% 4% / 0.5);
    --shadow-glow: 0 0 60px hsl(217 70% 45% / 0.15);
    --shadow-elevated: 0 20px 60px hsl(213 30% 4% / 0.6);

    --sidebar-background: 213 30% 8%;
    --sidebar-foreground: 210 20% 85%;
    --sidebar-primary: 217 70% 45%;
    --sidebar-primary-foreground: 0 0% 100%;
    --sidebar-accent: 213 20% 18%;
    --sidebar-accent-foreground: 210 20% 85%;
    --sidebar-border: 213 20% 20%;
    --sidebar-ring: 217 70% 45%;
  }

  .dark {
    --background: 213 30% 6%;
    --foreground: 210 20% 95%;

    --card: 213 25% 10%;
    --card-foreground: 210 20% 95%;

    --popover: 213 25% 8%;
    --popover-foreground: 210 20% 95%;

    --primary: 217 70% 50%;
    --primary-foreground: 213 30% 8%;

    --secondary: 213 20% 15%;
    --secondary-foreground: 210 20% 90%;

    --muted: 213 20% 18%;
    --muted-foreground: 213 15% 60%;

    --accent: 217 60% 60%;
    --accent-foreground: 213 30% 8%;

    --destructive: 0 62% 45%;
    --destructive-foreground: 210 40% 98%;

    --border: 213 20% 18%;
    --input: 213 20% 15%;
    --ring: 217 70% 50%;

    --sidebar-background: 213 30% 6%;
    --sidebar-foreground: 210 20% 90%;
    --sidebar-primary: 217 70% 50%;
    --sidebar-primary-foreground: 0 0% 100%;
    --sidebar-accent: 213 20% 15%;
    --sidebar-accent-foreground: 210 20% 90%;
    --sidebar-border: 213 20% 18%;
    --sidebar-ring: 217 70% 50%;
  }
}

@layer base {
  * {
    @apply border-border;
  }

  body {
    @apply bg-background text-foreground font-sans antialiased;
    font-family: 'Inter', system-ui, sans-serif;
  }

  h1, h2, h3, h4, h5, h6 {
    font-family: 'Sora', system-ui, sans-serif;
  }
}

@layer components {
  /* Glassmorphism base */
  .glass {
    @apply bg-card/60 backdrop-blur-xl border border-border/50;
    box-shadow: var(--shadow-card);
  }

  .glass-strong {
    @apply bg-card/80 backdrop-blur-2xl border border-border/60;
    box-shadow: var(--shadow-elevated);
  }

  /* Overlay specific styles */
  .overlay-container {
    background: var(--gradient-overlay);
    backdrop-filter: blur(20px);
  }

  /* Card hover effect */
  .card-hover {
    @apply transition-all duration-500 ease-out;
  }

  .card-hover:hover {
    transform: translateY(-8px) scale(1.02);
    box-shadow: var(--shadow-glow), var(--shadow-elevated);
  }

  /* Navigation arrows */
  .nav-arrow {
    @apply flex items-center justify-center w-12 h-12 rounded-full;
    @apply bg-secondary/80 backdrop-blur-lg border border-border/50;
    @apply text-foreground/80 hover:text-foreground;
    @apply transition-all duration-300 ease-out;
    @apply hover:bg-primary hover:border-primary/50;
    @apply hover:shadow-lg hover:scale-110;
  }

  .nav-arrow:disabled {
    @apply opacity-30 cursor-not-allowed hover:bg-secondary/80 hover:scale-100;
  }

  /* Page indicator dots */
  .page-dot {
    @apply w-2 h-2 rounded-full bg-muted-foreground/30;
    @apply transition-all duration-300;
  }

  .page-dot.active {
    @apply w-8 bg-primary;
  }
}

@layer utilities {
  /* Smooth scrolling */
  .scroll-smooth {
    scroll-behavior: smooth;
  }

  /* Text gradient */
  .text-gradient {
    background: var(--gradient-accent);
    -webkit-background-clip: text;
    -webkit-text-fill-color: transparent;
    background-clip: text;
  }

  /* Glow effect */
  .glow {
    box-shadow: var(--shadow-glow);
  }
}
"

App.tsx:"import { Toaster } from "@/components/ui/toaster";
import { Toaster as Sonner } from "@/components/ui/sonner";
import { TooltipProvider } from "@/components/ui/tooltip";
import { QueryClient, QueryClientProvider } from "@tanstack/react-query";
import { BrowserRouter, Routes, Route } from "react-router-dom";
import Index from "./pages/Index";
import NotFound from "./pages/NotFound";

const queryClient = new QueryClient();

const App = () => (
  <QueryClientProvider client={queryClient}>
    <TooltipProvider>
      <Toaster />
      <Sonner />
      <BrowserRouter>
        <Routes>
          <Route path="/" element={<Index />} />
          {/* ADD ALL CUSTOM ROUTES ABOVE THE CATCH-ALL "*" ROUTE */}
          <Route path="*" element={<NotFound />} />
        </Routes>
      </BrowserRouter>
    </TooltipProvider>
  </QueryClientProvider>
);

export default App;
"

App.css: "#root {
  max-width: 1280px;
  margin: 0 auto;
  padding: 2rem;
  text-align: center;
}

.logo {
  height: 6em;
  padding: 1.5em;
  will-change: filter;
  transition: filter 300ms;
}
.logo:hover {
  filter: drop-shadow(0 0 2em #646cffaa);
}
.logo.react:hover {
  filter: drop-shadow(0 0 2em #61dafbaa);
}

@keyframes logo-spin {
  from {
    transform: rotate(0deg);
  }
  to {
    transform: rotate(360deg);
  }
}

@media (prefers-reduced-motion: no-preference) {
  a:nth-of-type(2) .logo {
    animation: logo-spin infinite 20s linear;
  }
}

.card {
  padding: 2em;
}

.read-the-docs {
  color: #888;
}
"

article.ts: "export interface ArticleDto {
  id: string;
  title: string;
  url: string;
  sourceName: string;
  publishedUtc?: string;
  imageUrl?: string;
  description?: string;
}
"

Index.tsx: "import { useState, useMemo } from "react";
import { motion } from "framer-motion";
import ArticleOverlay from "@/components/ArticleOverlay";
import type { ArticleDto } from "@/types/article";
import { Globe, Newspaper, MapPin, Sparkles } from "lucide-react";

// Mock articles for demonstration
const generateMockArticles = (location: string): ArticleDto[] => [
  {
    id: "1",
    title: `Breaking: Major economic developments reshape ${location}'s financial landscape`,
    url: "https://example.com/article/1",
    sourceName: "Global Times",
    publishedUtc: new Date(Date.now() - 2 * 60 * 60 * 1000).toISOString(),
    imageUrl: "https://images.unsplash.com/photo-1486406146926-c627a92ad1ab?w=400&h=300&fit=crop",
    description: "Markets respond to new policy changes affecting international trade and investment.",
  },
  {
    id: "2",
    title: `Cultural festival celebrates ${location}'s rich heritage and traditions`,
    url: "https://example.com/article/2",
    sourceName: "Culture Weekly",
    publishedUtc: new Date(Date.now() - 5 * 60 * 60 * 1000).toISOString(),
    imageUrl: "https://images.unsplash.com/photo-1533174072545-7a4b6ad7a6c3?w=400&h=300&fit=crop",
    description: "Thousands gather to celebrate centuries-old traditions with music, dance, and art.",
  },
  {
    id: "3",
    title: `Tech innovation hub opens in ${location}, attracting global startups`,
    url: "https://example.com/article/3",
    sourceName: "Tech Insider",
    publishedUtc: new Date(Date.now() - 8 * 60 * 60 * 1000).toISOString(),
    imageUrl: "https://images.unsplash.com/photo-1519389950473-47ba0277781c?w=400&h=300&fit=crop",
    description: "New tech park aims to become a leading destination for AI and blockchain startups.",
  },
  {
    id: "4",
    title: `Environmental initiative transforms ${location}'s urban spaces`,
    url: "https://example.com/article/4",
    sourceName: "Eco News",
    publishedUtc: new Date(Date.now() - 12 * 60 * 60 * 1000).toISOString(),
    description: "Green corridors and sustainable architecture redefine city living.",
  },
  {
    id: "5",
    title: `Historic discovery unearths ancient artifacts near ${location}`,
    url: "https://example.com/article/5",
    sourceName: "History Today",
    publishedUtc: new Date(Date.now() - 24 * 60 * 60 * 1000).toISOString(),
    imageUrl: "https://images.unsplash.com/photo-1461360370896-922624d12a74?w=400&h=300&fit=crop",
    description: "Archaeologists reveal findings that could rewrite regional history.",
  },
  {
    id: "6",
    title: `Sports championship brings international attention to ${location}`,
    url: "https://example.com/article/6",
    sourceName: "Sports Daily",
    publishedUtc: new Date(Date.now() - 36 * 60 * 60 * 1000).toISOString(),
    imageUrl: "https://images.unsplash.com/photo-1574629810360-7efbbe195018?w=400&h=300&fit=crop",
    description: "World-class athletes compete in the highly anticipated annual tournament.",
  },
  {
    id: "7",
    title: `Infrastructure project connects ${location} to regional network`,
    url: "https://example.com/article/7",
    sourceName: "Infrastructure Weekly",
    publishedUtc: new Date(Date.now() - 48 * 60 * 60 * 1000).toISOString(),
    description: "New transportation links promise economic growth and improved connectivity.",
  },
  {
    id: "8",
    title: `Education reform in ${location} receives international praise`,
    url: "https://example.com/article/8",
    sourceName: "Education Journal",
    publishedUtc: new Date(Date.now() - 72 * 60 * 60 * 1000).toISOString(),
    imageUrl: "https://images.unsplash.com/photo-1503676260728-1c00da094a0b?w=400&h=300&fit=crop",
    description: "Innovative curriculum changes show promising results in student outcomes.",
  },
  {
    id: "9",
    title: `Healthcare advances in ${location} set new standards`,
    url: "https://example.com/article/9",
    sourceName: "Health Report",
    publishedUtc: new Date(Date.now() - 96 * 60 * 60 * 1000).toISOString(),
    description: "New medical facilities and research centers improve regional healthcare access.",
  },
  {
    id: "10",
    title: `Renewable energy project powers ${location}'s sustainable future`,
    url: "https://example.com/article/10",
    sourceName: "Energy Today",
    publishedUtc: new Date(Date.now() - 120 * 60 * 60 * 1000).toISOString(),
    imageUrl: "https://images.unsplash.com/photo-1509391366360-2e959784a276?w=400&h=300&fit=crop",
    description: "Solar and wind installations reduce carbon footprint significantly.",
  },
  {
    id: "11",
    title: `Culinary scene in ${location} gains Michelin recognition`,
    url: "https://example.com/article/11",
    sourceName: "Food & Travel",
    publishedUtc: new Date(Date.now() - 144 * 60 * 60 * 1000).toISOString(),
    imageUrl: "https://images.unsplash.com/photo-1414235077428-338989a2e8c0?w=400&h=300&fit=crop",
    description: "Local chefs blend tradition with innovation to create world-class dining experiences.",
  },
  {
    id: "12",
    title: `Art exhibition showcases ${location}'s emerging creative talent`,
    url: "https://example.com/article/12",
    sourceName: "Arts Weekly",
    publishedUtc: new Date(Date.now() - 168 * 60 * 60 * 1000).toISOString(),
    description: "Young artists redefine contemporary art with bold new perspectives.",
  },
];

const PAGE_SIZE = 6;

export default function Index() {
  const [showOverlay, setShowOverlay] = useState(false);
  const [page, setPage] = useState(1);
  const [selectedLocation] = useState("Tokyo, Japan");

  const articles = useMemo(
    () => generateMockArticles(selectedLocation),
    [selectedLocation]
  );

  const totalPages = Math.ceil(articles.length / PAGE_SIZE);
  const paginatedItems = articles.slice(
    (page - 1) * PAGE_SIZE,
    page * PAGE_SIZE
  );

  return (
    <div className="relative min-h-screen overflow-hidden">
      {/* Animated background simulating globe view */}
      <div className="absolute inset-0 bg-background">
        {/* Gradient orbs */}
        <motion.div
          className="absolute top-1/4 left-1/4 w-96 h-96 rounded-full bg-primary/5 blur-3xl"
          animate={{
            x: [0, 50, 0],
            y: [0, 30, 0],
          }}
          transition={{ duration: 8, repeat: Infinity, ease: "easeInOut" }}
        />
        <motion.div
          className="absolute bottom-1/4 right-1/4 w-80 h-80 rounded-full bg-accent/5 blur-3xl"
          animate={{
            x: [0, -40, 0],
            y: [0, -20, 0],
          }}
          transition={{ duration: 10, repeat: Infinity, ease: "easeInOut" }}
        />
        
        {/* Grid pattern */}
        <div 
          className="absolute inset-0 opacity-[0.03]"
          style={{
            backgroundImage: `
              linear-gradient(hsl(var(--foreground)) 1px, transparent 1px),
              linear-gradient(90deg, hsl(var(--foreground)) 1px, transparent 1px)
            `,
            backgroundSize: '60px 60px',
          }}
        />

        {/* Radial gradient overlay */}
        <div className="absolute inset-0 bg-[radial-gradient(circle_at_50%_50%,transparent_20%,hsl(var(--background))_70%)]" />
      </div>

      {/* Content */}
      <div className="relative z-10 flex flex-col items-center justify-center min-h-screen px-6">
        {/* Hero section */}
        <motion.div
          className="text-center max-w-2xl"
          initial={{ opacity: 0, y: 30 }}
          animate={{ opacity: 1, y: 0 }}
          transition={{ duration: 0.6, delay: 0.2 }}
        >
          {/* Icon */}
          <motion.div
            className="inline-flex items-center justify-center w-20 h-20 rounded-2xl bg-primary/10 border border-primary/20 mb-8"
            initial={{ scale: 0 }}
            animate={{ scale: 1 }}
            transition={{ type: "spring", duration: 0.6, delay: 0.3 }}
          >
            <Globe className="w-10 h-10 text-primary" />
          </motion.div>

          <h1 className="font-display text-4xl sm:text-5xl lg:text-6xl font-bold text-foreground mb-4">
            Globe News
            <span className="text-gradient"> Explorer</span>
          </h1>
          
          <p className="text-lg text-muted-foreground mb-8 leading-relaxed">
            Discover news from around the world. Click on any location to explore
            curated articles with smooth carousel navigation.
          </p>

          {/* Demo button */}
          <motion.button
            onClick={() => setShowOverlay(true)}
            className="group inline-flex items-center gap-3 px-8 py-4 rounded-2xl bg-primary text-primary-foreground font-display font-semibold text-lg transition-all duration-300 hover:shadow-lg hover:shadow-primary/25"
            whileHover={{ scale: 1.05, y: -2 }}
            whileTap={{ scale: 0.98 }}
          >
            <MapPin className="w-5 h-5" />
            View {selectedLocation} Articles
            <Sparkles className="w-5 h-5 opacity-70 group-hover:opacity-100 transition-opacity" />
          </motion.button>

          {/* Feature hints */}
          <motion.div
            className="mt-12 flex flex-wrap justify-center gap-4"
            initial={{ opacity: 0 }}
            animate={{ opacity: 1 }}
            transition={{ delay: 0.6 }}
          >
            {[
              { icon: Newspaper, text: "2×3 Grid Layout" },
              { icon: Globe, text: "Adaptive Viewport" },
              { icon: Sparkles, text: "Carousel Animation" },
            ].map((feature, i) => (
              <div
                key={i}
                className="flex items-center gap-2 px-4 py-2 rounded-full bg-secondary/50 border border-border/30 text-sm text-muted-foreground"
              >
                <feature.icon className="w-4 h-4" />
                {feature.text}
              </div>
            ))}
          </motion.div>
        </motion.div>

        {/* Keyboard hint */}
        <motion.div
          className="absolute bottom-8 flex items-center gap-4 text-sm text-muted-foreground"
          initial={{ opacity: 0, y: 20 }}
          animate={{ opacity: 1, y: 0 }}
          transition={{ delay: 0.8 }}
        >
          <span className="px-2 py-1 rounded bg-secondary/50 border border-border/30 font-mono text-xs">
            ←
          </span>
          <span className="px-2 py-1 rounded bg-secondary/50 border border-border/30 font-mono text-xs">
            →
          </span>
          <span>Navigate</span>
          <span className="px-2 py-1 rounded bg-secondary/50 border border-border/30 font-mono text-xs">
            ESC
          </span>
          <span>Close</span>
        </motion.div>
      </div>

      {/* Article Overlay */}
      {showOverlay && (
        <ArticleOverlay
          items={paginatedItems}
          total={articles.length}
          page={page}
          pageSize={PAGE_SIZE}
          onPrev={() => setPage((p) => Math.max(1, p - 1))}
          onNext={() => setPage((p) => Math.min(totalPages, p + 1))}
          canPrev={page > 1}
          canNext={page < totalPages}
          onClose={() => {
            setShowOverlay(false);
            setPage(1);
          }}
          title={selectedLocation}
        />
      )}
    </div>
  );
}"

utils.ts: "import { clsx, type ClassValue } from "clsx";
import { twMerge } from "tailwind-merge";

export function cn(...inputs: ClassValue[]) {
  return twMerge(clsx(inputs));
}
"

use-mobile.tsx: "import * as React from "react";

const MOBILE_BREAKPOINT = 768;

export function useIsMobile() {
  const [isMobile, setIsMobile] = React.useState<boolean | undefined>(undefined);

  React.useEffect(() => {
    const mql = window.matchMedia(`(max-width: ${MOBILE_BREAKPOINT - 1}px)`);
    const onChange = () => {
      setIsMobile(window.innerWidth < MOBILE_BREAKPOINT);
    };
    mql.addEventListener("change", onChange);
    setIsMobile(window.innerWidth < MOBILE_BREAKPOINT);
    return () => mql.removeEventListener("change", onChange);
  }, []);

  return !!isMobile;
}
"

use-toast.ts: "import * as React from "react";

import type { ToastActionElement, ToastProps } from "@/components/ui/toast";

const TOAST_LIMIT = 1;
const TOAST_REMOVE_DELAY = 1000000;

type ToasterToast = ToastProps & {
  id: string;
  title?: React.ReactNode;
  description?: React.ReactNode;
  action?: ToastActionElement;
};

const actionTypes = {
  ADD_TOAST: "ADD_TOAST",
  UPDATE_TOAST: "UPDATE_TOAST",
  DISMISS_TOAST: "DISMISS_TOAST",
  REMOVE_TOAST: "REMOVE_TOAST",
} as const;

let count = 0;

function genId() {
  count = (count + 1) % Number.MAX_SAFE_INTEGER;
  return count.toString();
}

type ActionType = typeof actionTypes;

type Action =
  | {
      type: ActionType["ADD_TOAST"];
      toast: ToasterToast;
    }
  | {
      type: ActionType["UPDATE_TOAST"];
      toast: Partial<ToasterToast>;
    }
  | {
      type: ActionType["DISMISS_TOAST"];
      toastId?: ToasterToast["id"];
    }
  | {
      type: ActionType["REMOVE_TOAST"];
      toastId?: ToasterToast["id"];
    };

interface State {
  toasts: ToasterToast[];
}

const toastTimeouts = new Map<string, ReturnType<typeof setTimeout>>();

const addToRemoveQueue = (toastId: string) => {
  if (toastTimeouts.has(toastId)) {
    return;
  }

  const timeout = setTimeout(() => {
    toastTimeouts.delete(toastId);
    dispatch({
      type: "REMOVE_TOAST",
      toastId: toastId,
    });
  }, TOAST_REMOVE_DELAY);

  toastTimeouts.set(toastId, timeout);
};

export const reducer = (state: State, action: Action): State => {
  switch (action.type) {
    case "ADD_TOAST":
      return {
        ...state,
        toasts: [action.toast, ...state.toasts].slice(0, TOAST_LIMIT),
      };

    case "UPDATE_TOAST":
      return {
        ...state,
        toasts: state.toasts.map((t) => (t.id === action.toast.id ? { ...t, ...action.toast } : t)),
      };

    case "DISMISS_TOAST": {
      const { toastId } = action;

      // ! Side effects ! - This could be extracted into a dismissToast() action,
      // but I'll keep it here for simplicity
      if (toastId) {
        addToRemoveQueue(toastId);
      } else {
        state.toasts.forEach((toast) => {
          addToRemoveQueue(toast.id);
        });
      }

      return {
        ...state,
        toasts: state.toasts.map((t) =>
          t.id === toastId || toastId === undefined
            ? {
                ...t,
                open: false,
              }
            : t,
        ),
      };
    }
    case "REMOVE_TOAST":
      if (action.toastId === undefined) {
        return {
          ...state,
          toasts: [],
        };
      }
      return {
        ...state,
        toasts: state.toasts.filter((t) => t.id !== action.toastId),
      };
  }
};

const listeners: Array<(state: State) => void> = [];

let memoryState: State = { toasts: [] };

function dispatch(action: Action) {
  memoryState = reducer(memoryState, action);
  listeners.forEach((listener) => {
    listener(memoryState);
  });
}

type Toast = Omit<ToasterToast, "id">;

function toast({ ...props }: Toast) {
  const id = genId();

  const update = (props: ToasterToast) =>
    dispatch({
      type: "UPDATE_TOAST",
      toast: { ...props, id },
    });
  const dismiss = () => dispatch({ type: "DISMISS_TOAST", toastId: id });

  dispatch({
    type: "ADD_TOAST",
    toast: {
      ...props,
      id,
      open: true,
      onOpenChange: (open) => {
        if (!open) dismiss();
      },
    },
  });

  return {
    id: id,
    dismiss,
    update,
  };
}

function useToast() {
  const [state, setState] = React.useState<State>(memoryState);

  React.useEffect(() => {
    listeners.push(setState);
    return () => {
      const index = listeners.indexOf(setState);
      if (index > -1) {
        listeners.splice(index, 1);
      }
    };
  }, [state]);

  return {
    ...state,
    toast,
    dismiss: (toastId?: string) => dispatch({ type: "DISMISS_TOAST", toastId }),
  };
}

export { useToast, toast };"

ArticleCard.tsx: "import { motion } from "framer-motion";
import type { ArticleDto } from "@/types/article";
import { Calendar, ExternalLink } from "lucide-react";

interface ArticleCardProps {
  article: ArticleDto;
  index: number;
}

export default function ArticleCard({ article, index }: ArticleCardProps) {
  const date = article.publishedUtc ? new Date(article.publishedUtc) : null;

  // Placeholder gradient for articles without images
  const gradients = [
    "from-primary/20 via-accent/10 to-secondary",
    "from-accent/20 via-primary/10 to-muted",
    "from-secondary via-primary/10 to-accent/20",
    "from-muted via-accent/15 to-primary/20",
    "from-primary/15 via-muted to-accent/20",
    "from-accent/15 via-secondary to-primary/20",
  ];

  const hasImage = article.imageUrl && article.imageUrl.trim().length > 0;
  const gradientClass = gradients[index % gradients.length];

  return (
    <motion.a
      href={article.url}
      target="_blank"
      rel="noreferrer"
      className="group relative flex flex-col overflow-hidden rounded-2xl bg-card/60 backdrop-blur-xl border border-border/40 card-hover cursor-pointer"
      initial={{ opacity: 0, y: 20, scale: 0.95 }}
      animate={{ opacity: 1, y: 0, scale: 1 }}
      exit={{ opacity: 0, y: -20, scale: 0.95 }}
      transition={{ 
        duration: 0.4, 
        delay: index * 0.08,
        ease: [0.25, 0.46, 0.45, 0.94]
      }}
      whileHover={{ y: -8, scale: 1.02 }}
    >
      {/* Image Section */}
      <div className="relative h-36 sm:h-40 overflow-hidden">
        {hasImage ? (
          <motion.img
            src={article.imageUrl}
            alt=""
            className="w-full h-full object-cover"
            initial={{ scale: 1.1 }}
            whileHover={{ scale: 1.2 }}
            transition={{ duration: 0.6 }}
          />
        ) : (
          <div className={`w-full h-full bg-gradient-to-br ${gradientClass}`}>
            <div className="absolute inset-0 bg-[radial-gradient(circle_at_30%_20%,hsl(var(--primary)/0.2),transparent_50%)]" />
            <div className="absolute inset-0 bg-[radial-gradient(circle_at_70%_80%,hsl(var(--accent)/0.15),transparent_50%)]" />
          </div>
        )}
        
        {/* Overlay gradient */}
        <div className="absolute inset-0 bg-gradient-to-t from-card via-card/20 to-transparent opacity-60" />
        
        {/* Source badge */}
        <div className="absolute top-3 left-3">
          <span className="px-3 py-1.5 text-xs font-medium bg-card/80 backdrop-blur-md text-foreground/90 rounded-full border border-border/30">
            {article.sourceName}
          </span>
        </div>

        {/* External link indicator */}
        <motion.div 
          className="absolute top-3 right-3 w-8 h-8 flex items-center justify-center bg-card/80 backdrop-blur-md rounded-full border border-border/30 opacity-0 group-hover:opacity-100 transition-opacity duration-300"
          whileHover={{ scale: 1.1 }}
        >
          <ExternalLink className="w-4 h-4 text-foreground/70" />
        </motion.div>
      </div>

      {/* Content Section */}
      <div className="flex flex-col flex-1 p-4">
        <h4 className="font-display font-semibold text-sm sm:text-base text-foreground leading-snug line-clamp-2 group-hover:text-primary transition-colors duration-300">
          {article.title}
        </h4>

        {article.description && (
          <p className="mt-2 text-xs text-muted-foreground line-clamp-2 leading-relaxed">
            {article.description}
          </p>
        )}

        <div className="mt-auto pt-3 flex items-center gap-2 text-xs text-muted-foreground">
          {date && (
            <>
              <Calendar className="w-3.5 h-3.5" />
              <span>{date.toLocaleDateString(undefined, { month: 'short', day: 'numeric', year: 'numeric' })}</span>
            </>
          )}
        </div>
      </div>

      {/* Bottom accent line */}
      <motion.div 
        className="absolute bottom-0 left-0 right-0 h-0.5 bg-gradient-to-r from-transparent via-primary to-transparent"
        initial={{ scaleX: 0 }}
        whileHover={{ scaleX: 1 }}
        transition={{ duration: 0.3 }}
      />
    </motion.a>
  );
}"

ArticleOverlay.tsx: "import { useEffect, useState } from "react";
import { motion, AnimatePresence } from "framer-motion";
import type { ArticleDto } from "@/types/article";
import ArticleCard from "./ArticleCard";
import { ChevronLeft, ChevronRight, X, MapPin, Newspaper } from "lucide-react";

interface ArticleOverlayProps {
  items: ArticleDto[];
  total?: number;
  page: number;
  pageSize: number;
  onPrev: () => void;
  onNext: () => void;
  canPrev: boolean;
  canNext: boolean;
  onClose: () => void;
  title?: string;
}

export default function ArticleOverlay({
  items,
  total,
  page,
  pageSize,
  onPrev,
  onNext,
  canPrev,
  canNext,
  onClose,
  title,
}: ArticleOverlayProps) {
  const [direction, setDirection] = useState(0);
  const [isVisible, setIsVisible] = useState(false);

  // Entrance animation
  useEffect(() => {
    setIsVisible(true);
  }, []);

  // Keyboard navigation
  useEffect(() => {
    const onKey = (e: KeyboardEvent) => {
      if (e.key === "ArrowLeft" && canPrev) {
        setDirection(-1);
        onPrev();
      }
      if (e.key === "ArrowRight" && canNext) {
        setDirection(1);
        onNext();
      }
      if (e.key === "Escape") onClose();
    };
    window.addEventListener("keydown", onKey);
    return () => window.removeEventListener("keydown", onKey);
  }, [onPrev, onNext, onClose, canPrev, canNext]);

  const shown = items.slice(0, 6); // 2 rows × 3 columns max
  const totalNum = total ?? items.length;
  const totalPages = Math.max(1, Math.ceil(totalNum / pageSize));

  const handlePrev = () => {
    setDirection(-1);
    onPrev();
  };

  const handleNext = () => {
    setDirection(1);
    onNext();
  };

  // Animation variants for the carousel
  const containerVariants = {
    hidden: { opacity: 0 },
    visible: {
      opacity: 1,
      transition: {
        staggerChildren: 0.08,
        delayChildren: 0.1,
      },
    },
    exit: { opacity: 0 },
  };

  const slideVariants = {
    enter: (dir: number) => ({
      x: dir > 0 ? 300 : -300,
      opacity: 0,
      scale: 0.9,
    }),
    center: {
      x: 0,
      opacity: 1,
      scale: 1,
    },
    exit: (dir: number) => ({
      x: dir < 0 ? 300 : -300,
      opacity: 0,
      scale: 0.9,
    }),
  };

  return (
    <AnimatePresence>
      {isVisible && (
        <motion.div
          className="fixed inset-0 z-50 flex items-center justify-center p-4 sm:p-6 lg:p-8"
          initial={{ opacity: 0 }}
          animate={{ opacity: 1 }}
          exit={{ opacity: 0 }}
          transition={{ duration: 0.3 }}
        >
          {/* Backdrop */}
          <motion.div
            className="absolute inset-0 bg-background/80 backdrop-blur-md"
            initial={{ opacity: 0 }}
            animate={{ opacity: 1 }}
            exit={{ opacity: 0 }}
            onClick={onClose}
          />

          {/* Main overlay panel */}
          <motion.div
            className="relative w-full max-w-6xl max-h-[90vh] overflow-hidden rounded-3xl glass-strong"
            initial={{ opacity: 0, scale: 0.9, y: 40 }}
            animate={{ opacity: 1, scale: 1, y: 0 }}
            exit={{ opacity: 0, scale: 0.95, y: 20 }}
            transition={{ 
              duration: 0.4, 
              ease: [0.25, 0.46, 0.45, 0.94] 
            }}
          >
            {/* Glow effects */}
            <div className="absolute -top-40 -left-40 w-80 h-80 bg-primary/10 rounded-full blur-3xl pointer-events-none" />
            <div className="absolute -bottom-40 -right-40 w-80 h-80 bg-accent/10 rounded-full blur-3xl pointer-events-none" />

            {/* Header */}
            <div className="relative flex items-center justify-between px-6 py-5 border-b border-border/30">
              <div className="flex items-center gap-3">
                <div className="flex items-center justify-center w-10 h-10 rounded-xl bg-primary/10 border border-primary/20">
                  <MapPin className="w-5 h-5 text-primary" />
                </div>
                <div>
                  <h3 className="font-display font-semibold text-lg text-foreground">
                    {title ?? "Articles"}
                  </h3>
                  <p className="text-sm text-muted-foreground flex items-center gap-1.5">
                    <Newspaper className="w-3.5 h-3.5" />
                    {totalNum} articles found
                  </p>
                </div>
              </div>

              <div className="flex items-center gap-3">
                {/* Page indicator */}
                <div className="hidden sm:flex items-center gap-2 px-4 py-2 bg-secondary/50 rounded-full">
                  {Array.from({ length: Math.min(totalPages, 5) }).map((_, i) => (
                    <motion.div
                      key={i}
                      className={`page-dot ${i + 1 === page ? "active" : ""}`}
                      animate={{ 
                        width: i + 1 === page ? 32 : 8,
                        backgroundColor: i + 1 === page 
                          ? "hsl(var(--primary))" 
                          : "hsl(var(--muted-foreground) / 0.3)"
                      }}
                      transition={{ duration: 0.3 }}
                    />
                  ))}
                  {totalPages > 5 && (
                    <span className="text-xs text-muted-foreground ml-1">
                      +{totalPages - 5}
                    </span>
                  )}
                </div>

                {/* Close button */}
                <motion.button
                  onClick={onClose}
                  className="flex items-center justify-center w-10 h-10 rounded-full bg-secondary/50 hover:bg-destructive/20 border border-border/30 transition-colors duration-200"
                  whileHover={{ scale: 1.1 }}
                  whileTap={{ scale: 0.95 }}
                  aria-label="Close"
                >
                  <X className="w-5 h-5 text-foreground/70" />
                </motion.button>
              </div>
            </div>

            {/* Content area with navigation */}
            <div className="relative flex items-center gap-4 p-6">
              {/* Left navigation arrow */}
              <motion.button
                onClick={handlePrev}
                disabled={!canPrev}
                className="nav-arrow shrink-0"
                whileHover={canPrev ? { scale: 1.1 } : {}}
                whileTap={canPrev ? { scale: 0.95 } : {}}
                aria-label="Previous page"
              >
                <ChevronLeft className="w-6 h-6" />
              </motion.button>

              {/* Article grid with carousel animation */}
              <div className="flex-1 overflow-hidden">
                <AnimatePresence mode="wait" custom={direction}>
                  <motion.div
                    key={page}
                    custom={direction}
                    variants={slideVariants}
                    initial="enter"
                    animate="center"
                    exit="exit"
                    transition={{
                      x: { type: "spring", stiffness: 300, damping: 30 },
                      opacity: { duration: 0.3 },
                      scale: { duration: 0.3 },
                    }}
                  >
                    <motion.div
                      className="grid grid-cols-1 sm:grid-cols-2 lg:grid-cols-3 gap-4 lg:gap-5"
                      variants={containerVariants}
                      initial="hidden"
                      animate="visible"
                      exit="exit"
                    >
                      {shown.map((article, idx) => (
                        <ArticleCard 
                          key={article.id} 
                          article={article} 
                          index={idx} 
                        />
                      ))}
                    </motion.div>
                  </motion.div>
                </AnimatePresence>
              </div>

              {/* Right navigation arrow */}
              <motion.button
                onClick={handleNext}
                disabled={!canNext}
                className="nav-arrow shrink-0"
                whileHover={canNext ? { scale: 1.1 } : {}}
                whileTap={canNext ? { scale: 0.95 } : {}}
                aria-label="Next page"
              >
                <ChevronRight className="w-6 h-6" />
              </motion.button>
            </div>

            {/* Footer with mobile pagination */}
            <div className="relative flex items-center justify-center gap-4 px-6 py-4 border-t border-border/30 sm:hidden">
              <span className="text-sm text-muted-foreground">
                Page {page} of {totalPages}
              </span>
              <div className="flex items-center gap-2">
                {Array.from({ length: Math.min(totalPages, 5) }).map((_, i) => (
                  <motion.div
                    key={i}
                    className={`page-dot ${i + 1 === page ? "active" : ""}`}
                    animate={{ 
                      width: i + 1 === page ? 24 : 8 
                    }}
                  />
                ))}
              </div>
            </div>
          </motion.div>
        </motion.div>
      )}
    </AnimatePresence>
  );
}
"

NavLink.tsx: "import { NavLink as RouterNavLink, NavLinkProps } from "react-router-dom";
import { forwardRef } from "react";
import { cn } from "@/lib/utils";

interface NavLinkCompatProps extends Omit<NavLinkProps, "className"> {
  className?: string;
  activeClassName?: string;
  pendingClassName?: string;
}

const NavLink = forwardRef<HTMLAnchorElement, NavLinkCompatProps>(
  ({ className, activeClassName, pendingClassName, to, ...props }, ref) => {
    return (
      <RouterNavLink
        ref={ref}
        to={to}
        className={({ isActive, isPending }) =>
          cn(className, isActive && activeClassName, isPending && pendingClassName)
        }
        {...props}
      />
    );
  },
);

NavLink.displayName = "NavLink";

export { NavLink };
"

